Unity Editor version:    6000.4.0f1 (8cf496087c8f)
Branch:                  6000.4/staging
Build type:              Release
Batch mode:              YES
macOS version:           Version 26.3.1 (Build 25D2128)
Darwin version:          25.3.0
Architecture:            arm64
Running under Rosetta:   NO
Available memory:        16384 MB
Date:                    2026-05-01T07:43:53Z
[Licensing::Module] Trying to connect to existing licensing client channel...
[Licensing::IpcConnector] Successfully connected to: "LicenseClient-shiny" at "2026-05-01T07:43:53.958527Z"

COMMAND LINE ARGUMENTS:
/Applications/Unity/Hub/Editor/2020.3.3f1/6000.4.0f1/Unity.app/Contents/MacOS/Unity
-adb2
-batchMode
-noUpm
-name
AssetImportWorker1
-projectPath
/Users/shiny/Documents/GitHub/unity-ar/unity/QRCodeReader
-logFile
Logs/AssetImportWorker1.log
-srvPort
57533
-force-metal
-job-worker-count
3
-background-job-worker-count
8
-gc-helper-count
1
-name AssetImport
Successfully changed project path to: /Users/shiny/Documents/GitHub/unity-ar/unity/QRCodeReader
/Users/shiny/Documents/GitHub/unity-ar/unity/QRCodeReader
[UnityMemory] Configuration Parameters - Can be set up in boot.config
    "memorysetup-temp-allocator-size-gi-baking-worker=262144"
    "memorysetup-temp-allocator-size-gi-baking-worker=262144"
    "memorysetup-temp-allocator-size-gi-baking-worker=262144"
    "memorysetup-temp-allocator-size-gi-baking-worker=262144"
    "memorysetup-temp-allocator-size-gi-baking-worker=262144"
    "memorysetup-temp-allocator-size-nav-mesh-worker=65536"
    "memorysetup-temp-allocator-size-audio-worker=65536"
    "memorysetup-temp-allocator-size-cloud-worker=32768"
    "memorysetup-allocator-temp-initial-block-size-main=262144"
    "memorysetup-allocator-temp-initial-block-size-worker=262144"
    "memorysetup-temp-allocator-size-background-worker=32768"
    "memorysetup-temp-allocator-size-job-worker=262144"
    "memorysetup-temp-allocator-size-preload-manager=33554432"
    "memorysetup-temp-allocator-size-gfx=262144"
    "memorysetup-bucket-allocator-granularity=16"
    "memorysetup-bucket-allocator-bucket-count=8"
    "memorysetup-bucket-allocator-block-size=33554432"
    "memorysetup-bucket-allocator-block-count=8"
    "memorysetup-main-allocator-block-size=16777216"
    "memorysetup-thread-allocator-block-size=16777216"
    "memorysetup-gfx-main-allocator-block-size=16777216"
    "memorysetup-gfx-thread-allocator-block-size=16777216"
    "memorysetup-cache-allocator-block-size=4194304"
    "memorysetup-typetree-allocator-block-size=2097152"
    "memorysetup-profiler-bucket-allocator-granularity=16"
    "memorysetup-profiler-bucket-allocator-bucket-count=8"
    "memorysetup-profiler-bucket-allocator-block-size=33554432"
    "memorysetup-profiler-bucket-allocator-block-count=8"
    "memorysetup-profiler-allocator-block-size=16777216"
    "memorysetup-profiler-editor-allocator-block-size=1048576"
    "memorysetup-temp-allocator-size-main=16777216"
    "memorysetup-job-temp-allocator-block-size=2097152"
    "memorysetup-job-temp-allocator-block-size-background=1048576"
    "memorysetup-job-temp-allocator-reduction-small-platforms=262144"
Player connection [8756982016]  Target information:

Player connection [8756982016]  * "[IP] 192.168.0.171 [Port] 0 [Flags] 2 [Guid] 3709652406 [EditorId] 3709652406 [Version] 1048832 [Id] OSXEditor(0,araoshinyanoMacBook-Air.local) [Debug] 1 [PackageName] OSXEditor [ProjectName] Editor" 

Player connection [8756982016] Host joined multi-casting on [225.0.0.222:54997]...
Player connection [8756982016] Host joined alternative multi-casting on [225.0.0.222:34997]...
JobSystem: Creating JobQueue using job-worker-count value 3
Input System module state changed to: Initialized.
[Physics::Module] Initialized fallback backend.
[Physics::Module] Id: 0xdecafbad
Library Redirect Path: Library/
[Physics::Module] Selected backend.
[Physics::Module] Name: PhysX
[Physics::Module] Id: 0xf2b8ea05
[Physics::Module] SDK Version: 4.1.2
[Physics::Module] Integration Version: 1.0.0
[Physics::Module] Threading Mode: Multi-Threaded
Refreshing native plugins compatible for Editor in 3.72 ms, found 2 plugins.
Initialize engine version: 6000.4.0f1 (8cf496087c8f)
[Subsystems] Discovering subsystems at path /Applications/Unity/Hub/Editor/2020.3.3f1/6000.4.0f1/Unity.app/Contents/Resources/UnitySubsystems
[Subsystems] Discovering subsystems at path /Users/shiny/Documents/GitHub/unity-ar/unity/QRCodeReader/Assets
Forcing GfxDevice: Metal
GfxDevice: creating device client; kGfxThreadingModeNonThreaded
 preferred device: Apple M1 (high power)
Metal devices available: 1
0: Apple M1 (high power)
Using device Apple M1 (high power)
Initializing Metal device caps: Apple M1
Mac GPU Family: 2
Apple GPU Family: 7
MSL Version: 3.0
Has Float MSAA: 1
Has Float Filtering: 1
ReadWrite Texture Tier: 2
Initialize mono
Mono path[0] = '/Applications/Unity/Hub/Editor/2020.3.3f1/6000.4.0f1/Unity.app/Contents/Resources/Scripting/Managed'
Mono path[1] = '/Applications/Unity/Hub/Editor/2020.3.3f1/6000.4.0f1/Unity.app/Contents/Resources/Scripting/MonoBleedingEdge/lib/mono/unityjit-macos'
Mono config path = '/Applications/Unity/Hub/Editor/2020.3.3f1/6000.4.0f1/Unity.app/Contents/Resources/Scripting/MonoBleedingEdge/etc'
Using monoOptions --debugger-agent=transport=dt_socket,embedding=1,server=y,suspend=n,address=127.0.0.1:56801
CodeReloadManager initialized
Begin MonoManager ReloadAssembly
Registering precompiled unity dll's ...
Register platform support module: /Applications/Unity/Hub/Editor/2020.3.3f1/6000.4.0f1/Unity.app/Contents/PlaybackEngines/MacStandaloneSupport/UnityEditor.OSXStandalone.Extensions.dll
[Licensing::Module] Licensing is not yet initialized.
[Licensing::Client] Error: HandshakeResponse reported an error:
	ResponseCode: 505
	ResponseStatus: Unsupported protocol version '1.18.1'.
[Licensing::Module] Error: Failed to handshake to channel: "LicenseClient-shiny"
[Licensing::IpcConnector] LicenseClient-shiny channel disconnected successfully.
[Licensing::IpcConnector] Successfully connected to: "LicenseClient-shiny-6000.4.0" at "2026-05-01T07:43:54.683513Z"
[Licensing::Client] Handshaking with LicensingClient:
  Version:                 1.18.1+9fbee8e
  Session Id:              48beda4f4f40427c841a8700466bb62e
  Correlation Id:          f3e1135b204c7ef7ef41f2b964e3567c
  External correlation Id: 8987901436407880210
  Machine Id:              cEUd2IGX3mUPoy76UqRmMR9jX7k=
[Licensing::Module] Successfully connected to LicensingClient on channel: "LicenseClient-shiny-6000.4.0" (connect: 0.00s, validation: 0.00s, handshake: 0.55s)
[Licensing::IpcConnector] Successfully connected to: "LicenseClient-shiny-6000.4.0-notifications" at "2026-05-01T07:43:55.232837Z"
[Licensing::Module] Licensing Background thread has ended after 1.27s
[Licensing::Module] Licensing is initialized (took 0.59s).
[Licensing::Client] Successfully resolved entitlement details
[Licensing::Module] License group:
  Id: 15668237654568-UnityPersXXXX
  Product: Unity Personal
  Type: Assigned
  Expiration: Unlimited
Register platform support module: /Applications/Unity/Hub/Editor/2020.3.3f1/6000.4.0f1/PlaybackEngines/AndroidPlayer/UnityEditor.Android.Extensions.dll
[Licensing::Client] Successfully resolved entitlement details
Register platform support module: /Applications/Unity/Hub/Editor/2020.3.3f1/6000.4.0f1/PlaybackEngines/iOSSupport/UnityEditor.iOS.Extensions.dll
Registered in 0.588664 seconds.
[usbmuxd] Start listen thread
[usbmuxd] Listen thread started
[usbmuxd] Send listen message
Native extension for iOS target not found
Native extension for Android target not found
Android Extension - Scanning For ADB Devices 87 ms
Native extension for OSXStandalone target not found
Package Manager log level set to [2]
[Package Manager] Failed to launch server process. Reason: Unity was launched with the -noUpm command-line argument
[Package Manager] Unable to send message (not connected to server process).
[Package Manager] Cannot connect to Unity Package Manager local server
ScheduleIndexationOnStartup MainProcess:False IndexOnStartup:True
Mono: successfully reloaded assembly
- Finished resetting the current domain, in  0.401 seconds
Domain Reload Profiling: 1291ms
	BeginReloadAssembly (68ms)
	RebuildCommonClasses (28ms)
	RebuildNativeTypeToScriptingClass (11ms)
	initialDomainReloadingComplete (628ms)
	LoadAllAssembliesAndSetupDomain (154ms)
		LoadAssemblies (68ms)
		AnalyzeDomain (147ms)
			TypeCache.Refresh (146ms)
				TypeCache.ScanAssembly (133ms)
	FinalizeReload (402ms)
		SetupLoadedEditorAssemblies (0ms)
			InitializePlatformSupportModulesInManaged (178ms)
			BeforeProcessingInitializeOnLoad (59ms)
			ProcessInitializeOnLoadAttributes (63ms)
			ProcessInitializeOnLoadMethodAttributes (50ms)
[CoreBusinessMetrics] Unexpected thread when updating session info.
========================================================================
Worker process is ready to serve import requests
Import Worker Mode flag is 0x00
Begin MonoManager ReloadAssembly
[Licensing::Client] Successfully resolved entitlement details
Assembly Assembly-CSharp-Editor-firstpass.dll at Library/ScriptAssemblies/Assembly-CSharp-Editor-firstpass.dll not valid. Loading of assembly skipped.
Assembly Assembly-CSharp-Editor.dll at Library/ScriptAssemblies/Assembly-CSharp-Editor.dll not valid. Loading of assembly skipped.
Assembly Assembly-CSharp-firstpass.dll at Library/ScriptAssemblies/Assembly-CSharp-firstpass.dll not valid. Loading of assembly skipped.
Assembly DocCodeExamples.dll at Library/ScriptAssemblies/DocCodeExamples.dll not valid. Loading of assembly skipped.
Assembly TestNewCustomAssembly.dll at Library/ScriptAssemblies/TestNewCustomAssembly.dll not valid. Loading of assembly skipped.
Assembly Unity.InputSystem.IntegrationTests.dll at Library/ScriptAssemblies/Unity.InputSystem.IntegrationTests.dll not valid. Loading of assembly skipped.
Assembly Unity.Mathematics.Tests.dll at Library/ScriptAssemblies/Unity.Mathematics.Tests.dll not valid. Loading of assembly skipped.
Assembly Unity.Multiplayer.Center.Editor.Tests.dll at Library/ScriptAssemblies/Unity.Multiplayer.Center.Editor.Tests.dll not valid. Loading of assembly skipped.
Assembly Unity.Multiplayer.Center.Tests.dll at Library/ScriptAssemblies/Unity.Multiplayer.Center.Tests.dll not valid. Loading of assembly skipped.
Assembly Unity.TextMeshPro.Editor.Tests.dll at Library/ScriptAssemblies/Unity.TextMeshPro.Editor.Tests.dll not valid. Loading of assembly skipped.
Assembly Unity.TextMeshPro.Tests.dll at Library/ScriptAssemblies/Unity.TextMeshPro.Tests.dll not valid. Loading of assembly skipped.
Assembly Unity.XR.ARFoundation.CodeSamples.Editor.Tests.dll at Library/ScriptAssemblies/Unity.XR.ARFoundation.CodeSamples.Editor.Tests.dll not valid. Loading of assembly skipped.
Assembly Unity.XR.ARFoundation.CodeSamples.Tests.dll at Library/ScriptAssemblies/Unity.XR.ARFoundation.CodeSamples.Tests.dll not valid. Loading of assembly skipped.
Assembly Unity.XR.ARFoundation.Editor.Tests.dll at Library/ScriptAssemblies/Unity.XR.ARFoundation.Editor.Tests.dll not valid. Loading of assembly skipped.
Assembly Unity.XR.ARFoundation.InternalUtils.Editor.Tests.dll at Library/ScriptAssemblies/Unity.XR.ARFoundation.InternalUtils.Editor.Tests.dll not valid. Loading of assembly skipped.
Assembly Unity.XR.ARFoundation.Runtime.Tests.dll at Library/ScriptAssemblies/Unity.XR.ARFoundation.Runtime.Tests.dll not valid. Loading of assembly skipped.
Assembly Unity.XR.ARKit.CodeSamples.Tests.dll at Library/ScriptAssemblies/Unity.XR.ARKit.CodeSamples.Tests.dll not valid. Loading of assembly skipped.
Assembly Unity.XR.ARKit.Editor.Tests.dll at Library/ScriptAssemblies/Unity.XR.ARKit.Editor.Tests.dll not valid. Loading of assembly skipped.
Assembly Unity.XR.ARKit.Runtime.Tests.dll at Library/ScriptAssemblies/Unity.XR.ARKit.Runtime.Tests.dll not valid. Loading of assembly skipped.
Assembly Unity.XR.ARSubsystems.Editor.Tests.dll at Library/ScriptAssemblies/Unity.XR.ARSubsystems.Editor.Tests.dll not valid. Loading of assembly skipped.
Assembly Unity.XR.CoreUtils.CodeSamples.Tests.dll at Library/ScriptAssemblies/Unity.XR.CoreUtils.CodeSamples.Tests.dll not valid. Loading of assembly skipped.
Assembly Unity.XR.CoreUtils.Editor.Tests.dll at Library/ScriptAssemblies/Unity.XR.CoreUtils.Editor.Tests.dll not valid. Loading of assembly skipped.
Assembly Unity.XR.CoreUtils.Tests.dll at Library/ScriptAssemblies/Unity.XR.CoreUtils.Tests.dll not valid. Loading of assembly skipped.
Assembly Unity.XR.Management.EditorTests.dll at Library/ScriptAssemblies/Unity.XR.Management.EditorTests.dll not valid. Loading of assembly skipped.
Assembly Unity.XR.Management.TestPackage.dll at Library/ScriptAssemblies/Unity.XR.Management.TestPackage.dll not valid. Loading of assembly skipped.
Assembly Unity.XR.Management.TestPackage.Editor.dll at Library/ScriptAssemblies/Unity.XR.Management.TestPackage.Editor.dll not valid. Loading of assembly skipped.
Assembly Unity.XR.Management.Tests.dll at Library/ScriptAssemblies/Unity.XR.Management.Tests.dll not valid. Loading of assembly skipped.
Assembly Unity.XR.Management.Tests.Standalone.dll at Library/ScriptAssemblies/Unity.XR.Management.Tests.Standalone.dll not valid. Loading of assembly skipped.
Assembly Unity.XR.Simulation.Editor.Tests.dll at Library/ScriptAssemblies/Unity.XR.Simulation.Editor.Tests.dll not valid. Loading of assembly skipped.
Assembly Unity.XR.Simulation.Runtime.Tests.dll at Library/ScriptAssemblies/Unity.XR.Simulation.Runtime.Tests.dll not valid. Loading of assembly skipped.
Assembly Unity.XR.TestSupport.dll at Library/ScriptAssemblies/Unity.XR.TestSupport.dll not valid. Loading of assembly skipped.
Assembly Unity.XR.TestTooling.Editor.Tests.dll at Library/ScriptAssemblies/Unity.XR.TestTooling.Editor.Tests.dll not valid. Loading of assembly skipped.
Assembly UnityEditor.UI.Common.Tests.dll at Library/ScriptAssemblies/UnityEditor.UI.Common.Tests.dll not valid. Loading of assembly skipped.
Assembly UnityEditor.UI.EditorTests.dll at Library/ScriptAssemblies/UnityEditor.UI.EditorTests.dll not valid. Loading of assembly skipped.
Assembly UnityEditor.XR.LegacyInputHelpers.Tests.dll at Library/ScriptAssemblies/UnityEditor.XR.LegacyInputHelpers.Tests.dll not valid. Loading of assembly skipped.
Assembly UnityEngine.SpatialTracking.Tests.dll at Library/ScriptAssemblies/UnityEngine.SpatialTracking.Tests.dll not valid. Loading of assembly skipped.
Assembly UnityEngine.UI.Tests.dll at Library/ScriptAssemblies/UnityEngine.UI.Tests.dll not valid. Loading of assembly skipped.
Native extension for iOS target not found
Native extension for Android target not found
Native extension for OSXStandalone target not found
[Package Manager] Failed to launch server process. Reason: Unity was launched with the -noUpm command-line argument
[Package Manager] Unable to send message (not connected to server process).
[Package Manager] Cannot connect to Unity Package Manager local server
[Package Manager] Failed to launch server process. Reason: Unity was launched with the -noUpm command-line argument
[Package Manager] Unable to send message (not connected to server process).
[Package Manager] Cannot connect to Unity Package Manager local server
ScheduleIndexationOnStartup MainProcess:False IndexOnStartup:True
Mono: successfully reloaded assembly
[Package Manager] Failed to launch server process. Reason: Unity was launched with the -noUpm command-line argument
[Package Manager] Unable to send message (not connected to server process).
[Package Manager] Cannot connect to Unity Package Manager local server
[Package Manager] Failed to launch server process. Reason: Unity was launched with the -noUpm command-line argument
[Package Manager] Unable to send message (not connected to server process).
[Package Manager] Cannot connect to Unity Package Manager local server
- Finished resetting the current domain, in  0.765 seconds
Domain Reload Profiling: 1268ms
	BeginReloadAssembly (95ms)
		DisableScriptedObjects (3ms)
		CreateAndSetChildDomain (18ms)
	RebuildCommonClasses (27ms)
	RebuildNativeTypeToScriptingClass (11ms)
	initialDomainReloadingComplete (38ms)
	LoadAllAssembliesAndSetupDomain (332ms)
		LoadAssemblies (237ms)
		AnalyzeDomain (136ms)
			TypeCache.Refresh (102ms)
				TypeCache.ScanAssembly (88ms)
			BuildScriptInfoCaches (29ms)
			ResolveRequiredComponents (5ms)
	FinalizeReload (765ms)
		SetupLoadedEditorAssemblies (0ms)
			InitializePlatformSupportModulesInManaged (13ms)
			BeforeProcessingInitializeOnLoad (91ms)
			ProcessInitializeOnLoadAttributes (524ms)
			ProcessInitializeOnLoadMethodAttributes (32ms)
WARNING: Shader Unsupported: 'Hidden/Simulation/URP/Synthetic' - All subshaders removed
WARNING: Shader Did you use #pragma only_renderers and omit this platform?
WARNING: Shader If subshaders removal was intentional, you may have forgotten turning Fallback off?
WARNING: Shader Unsupported: 'Hidden/Simulation/Synthetic Lit' - All subshaders removed
WARNING: Shader Did you use #pragma only_renderers and omit this platform?
WARNING: Shader If subshaders removal was intentional, you may have forgotten turning Fallback off?
WARNING: Shader Unsupported: 'Simulation/URP/Room X-Ray' - All subshaders removed
WARNING: Shader Did you use #pragma only_renderers and omit this platform?
WARNING: Shader If subshaders removal was intentional, you may have forgotten turning Fallback off?
WARNING: Shader Unsupported: 'Simulation/URP/Lit' - All subshaders removed
WARNING: Shader Did you use #pragma only_renderers and omit this platform?
WARNING: Shader If subshaders removal was intentional, you may have forgotten turning Fallback off?
WARNING: Shader Unsupported: 'Simulation/Standard Lit' - All subshaders removed
WARNING: Shader Did you use #pragma only_renderers and omit this platform?
WARNING: Shader If subshaders removal was intentional, you may have forgotten turning Fallback off?
WARNING: Shader Unsupported: 'Simulation/Room X-Ray' - All subshaders removed
WARNING: Shader Did you use #pragma only_renderers and omit this platform?
WARNING: Shader If subshaders removal was intentional, you may have forgotten turning Fallback off?
Launching external process: /Applications/Unity/Hub/Editor/2020.3.3f1/6000.4.0f1/Unity.app/Contents/Helpers/UnityShaderCompiler
Launched and connected shader compiler UnityShaderCompiler after 0.04 seconds
Unloading 6 Unused Serialized files (Serialized files now loaded: 0)
Unloading 4879 unused Assets / (3.5 MB). Loaded Objects now: 5477.
Memory consumption went from 94.9 MB to 91.4 MB.
Total: 6.598042 ms (FindLiveObjects: 0.244834 ms CreateObjectMapping: 0.145583 ms MarkObjects: 4.595000 ms  DeleteObjects: 1.612166 ms)

========================================================================
Received Import Request.
  Time since last request: 632097.015198 seconds.
  path: Assets/Plugins/zxing_license
  importAddress: Guid(d291dd0c8178f4096afc5190d555c2be) Importer(2089858483,b0f066a214c2f5e87bad3c948f4d605d)
Start importing Assets/Plugins/zxing_license using Guid(d291dd0c8178f4096afc5190d555c2be) Importer(2089858483,b0f066a214c2f5e87bad3c948f4d605d) (ScriptedImporter) -> (Import Result ID: 'e23ef4545c15ed92d74bef2786e7dcd1') in 0.028966583 seconds [static and dynamic dependencies]. Details - ImportResultOutputID=409709498b2f9801d9ee3f449061c315 DependenciesID=a804df4854c9aab0b05f9367c1f09685 StaticDependenciesID=a617ad82b7adf031958ffc4fc76d8e94 
Number of updated asset objects reloaded before import = 0Number of asset objects unloaded after import = 1

========================================================================
Received Import Request.
  Time since last request: 0.000037 seconds.
  path: Assets/XR/Settings/AR Kit Settings.asset
  importAddress: Guid(cb66fa28e004b4bd88dd9315e7ae745d) Importer(2089858483,b0f066a214c2f5e87bad3c948f4d605d)
Start importing Assets/XR/Settings/AR Kit Settings.asset using Guid(cb66fa28e004b4bd88dd9315e7ae745d) Importer(2089858483,b0f066a214c2f5e87bad3c948f4d605d) (ScriptedImporter) -> (Import Result ID: '9ac425603c610c2ef83104d9e52004fe') in 0.023409875 seconds [static and dynamic dependencies]. Details - ImportResultOutputID=464c965601c22a75cb369f5261329fda DependenciesID=01578da6f9e4e6bc55a62e38231200da StaticDependenciesID=13479400bf8a1eaccb4c27acdea1acd4 
Number of updated asset objects reloaded before import = 0Number of asset objects unloaded after import = 1

========================================================================
Received Import Request.
  Time since last request: 0.000044 seconds.
  path: Assets/Scripts/QRCodeReader.cs
  importAddress: Guid(e627a85c6add24f999d0858908a19684) Importer(2089858483,b0f066a214c2f5e87bad3c948f4d605d)
Start importing Assets/Scripts/QRCodeReader.cs using Guid(e627a85c6add24f999d0858908a19684) Importer(2089858483,b0f066a214c2f5e87bad3c948f4d605d) (ScriptedImporter) -> (Import Result ID: '3d7b0514f469eb387fa24e068db1c4d6') in 0.00821675 seconds [static and dynamic dependencies]. Details - ImportResultOutputID=1e9c86d2d9845b53b2001e5c0dccaf89 DependenciesID=13c66a1be4a4bf19a450bbc2ea074ea8 StaticDependenciesID=12addf6142d6a4489fb757852c53a507 
Number of updated asset objects reloaded before import = 0Number of asset objects unloaded after import = 0

========================================================================
Received Import Request.
  Time since last request: 0.000056 seconds.
  path: Assets/XR/UserSimulationSettings/SimulationEnvironmentAssetsManager.asset
  importAddress: Guid(d8d6ebd655cd6412485067f6fd8d45e4) Importer(2089858483,b0f066a214c2f5e87bad3c948f4d605d)
Start importing Assets/XR/UserSimulationSettings/SimulationEnvironmentAssetsManager.asset using Guid(d8d6ebd655cd6412485067f6fd8d45e4) Importer(2089858483,b0f066a214c2f5e87bad3c948f4d605d) (ScriptedImporter) -> (Import Result ID: 'd007648ed7d9d8718a483ca6f2a7546e') in 0.003441875 seconds [static and dynamic dependencies]. Details - ImportResultOutputID=a1feb0c406ecc5c70e1609f0e26ac257 DependenciesID=6cefa7e7d07ab7c8f0668ff85a1fdb7f StaticDependenciesID=fd3e5dac845d5dd767892e5c21c7d8d3 
Number of updated asset objects reloaded before import = 0Number of asset objects unloaded after import = 1

========================================================================
Received Import Request.
  Time since last request: 0.000079 seconds.
  path: Assets/XR/XRGeneralSettings.asset
  importAddress: Guid(75ad3c40950a94d5ba391f5e0364ae94) Importer(2089858483,b0f066a214c2f5e87bad3c948f4d605d)
Start importing Assets/XR/XRGeneralSettings.asset using Guid(75ad3c40950a94d5ba391f5e0364ae94) Importer(2089858483,b0f066a214c2f5e87bad3c948f4d605d) (ScriptedImporter) -> (Import Result ID: '034632fecc54da880dbf9466711e263f') in 0.004743333 seconds [static and dynamic dependencies]. Details - ImportResultOutputID=03b1e612a8b6e72cd5bb81a9f8c2804e DependenciesID=7775864a8fe4e61f0a814f6c2251c17d StaticDependenciesID=df81e25a225ff6a24cfbed281ea6433d 
Number of updated asset objects reloaded before import = 0Number of asset objects unloaded after import = 1

========================================================================
Received Import Request.
  Time since last request: 0.000050 seconds.
  path: Assets/Scenes/QRCodeReader.unity
  importAddress: Guid(9fc0d4010bbf28b4594072e72b8655ab) Importer(2089858483,b0f066a214c2f5e87bad3c948f4d605d)
Start importing Assets/Scenes/QRCodeReader.unity using Guid(9fc0d4010bbf28b4594072e72b8655ab) Importer(2089858483,b0f066a214c2f5e87bad3c948f4d605d) (ScriptedImporter) -> (Import Result ID: 'ca9fd763791b691a60ae5c03fceeb15f') in 0.002756083 seconds [static and dynamic dependencies]. Details - ImportResultOutputID=c2da4f90c479009ec5caad6904a29c90 DependenciesID=7fbcf2eb40c4ea7c9422ebb95834ad31 StaticDependenciesID=077516c559818deb95120e88f793e5db 
Number of updated asset objects reloaded before import = 0Number of asset objects unloaded after import = 1

========================================================================
Received Prepare
WARNING: Shader Unsupported: 'Hidden/Simulation/URP/Synthetic' - All subshaders removed
WARNING: Shader Did you use #pragma only_renderers and omit this platform?
WARNING: Shader If subshaders removal was intentional, you may have forgotten turning Fallback off?
WARNING: Shader Unsupported: 'Hidden/Simulation/Synthetic Lit' - All subshaders removed
WARNING: Shader Did you use #pragma only_renderers and omit this platform?
WARNING: Shader If subshaders removal was intentional, you may have forgotten turning Fallback off?
WARNING: Shader Unsupported: 'Simulation/URP/Room X-Ray' - All subshaders removed
WARNING: Shader Did you use #pragma only_renderers and omit this platform?
WARNING: Shader If subshaders removal was intentional, you may have forgotten turning Fallback off?
WARNING: Shader Unsupported: 'Simulation/URP/Lit' - All subshaders removed
WARNING: Shader Did you use #pragma only_renderers and omit this platform?
WARNING: Shader If subshaders removal was intentional, you may have forgotten turning Fallback off?
WARNING: Shader Unsupported: 'Simulation/Standard Lit' - All subshaders removed
WARNING: Shader Did you use #pragma only_renderers and omit this platform?
WARNING: Shader If subshaders removal was intentional, you may have forgotten turning Fallback off?
WARNING: Shader Unsupported: 'Simulation/Room X-Ray' - All subshaders removed
WARNING: Shader Did you use #pragma only_renderers and omit this platform?
WARNING: Shader If subshaders removal was intentional, you may have forgotten turning Fallback off?
Refreshing native plugins compatible for Editor in 2.35 ms, found 2 plugins.
Unloading 6 Unused Serialized files (Serialized files now loaded: 0)
Unloading 7 unused Assets / (1.4 MB). Loaded Objects now: 5479.
Memory consumption went from 91.3 MB to 89.8 MB.
Total: 5.461000 ms (FindLiveObjects: 0.177792 ms CreateObjectMapping: 0.071708 ms MarkObjects: 4.562417 ms  DeleteObjects: 0.648792 ms)

Prepare: number of updated asset objects reloaded= 10
========================================================================
Received Prepare
WARNING: Shader Unsupported: 'Hidden/Simulation/URP/Synthetic' - All subshaders removed
WARNING: Shader Did you use #pragma only_renderers and omit this platform?
WARNING: Shader If subshaders removal was intentional, you may have forgotten turning Fallback off?
WARNING: Shader Unsupported: 'Hidden/Simulation/Synthetic Lit' - All subshaders removed
WARNING: Shader Did you use #pragma only_renderers and omit this platform?
WARNING: Shader If subshaders removal was intentional, you may have forgotten turning Fallback off?
WARNING: Shader Unsupported: 'Simulation/URP/Room X-Ray' - All subshaders removed
WARNING: Shader Did you use #pragma only_renderers and omit this platform?
WARNING: Shader If subshaders removal was intentional, you may have forgotten turning Fallback off?
WARNING: Shader Unsupported: 'Simulation/URP/Lit' - All subshaders removed
WARNING: Shader Did you use #pragma only_renderers and omit this platform?
WARNING: Shader If subshaders removal was intentional, you may have forgotten turning Fallback off?
WARNING: Shader Unsupported: 'Simulation/Standard Lit' - All subshaders removed
WARNING: Shader Did you use #pragma only_renderers and omit this platform?
WARNING: Shader If subshaders removal was intentional, you may have forgotten turning Fallback off?
WARNING: Shader Unsupported: 'Simulation/Room X-Ray' - All subshaders removed
WARNING: Shader Did you use #pragma only_renderers and omit this platform?
WARNING: Shader If subshaders removal was intentional, you may have forgotten turning Fallback off?
Unloading 6 Unused Serialized files (Serialized files now loaded: 0)
Unloading 6 unused Assets / (1.5 MB). Loaded Objects now: 5479.
Memory consumption went from 91.2 MB to 89.7 MB.
Total: 5.739750 ms (FindLiveObjects: 0.187250 ms CreateObjectMapping: 0.074083 ms MarkObjects: 4.751417 ms  DeleteObjects: 0.726500 ms)

Prepare: number of updated asset objects reloaded= 0
========================================================================
Received Prepare
Begin MonoManager ReloadAssembly
Thread 0x172c87000 may have been prematurely finalized
Assembly Assembly-CSharp-Editor-firstpass.dll at Library/ScriptAssemblies/Assembly-CSharp-Editor-firstpass.dll not valid. Loading of assembly skipped.
Assembly Assembly-CSharp-Editor.dll at Library/ScriptAssemblies/Assembly-CSharp-Editor.dll not valid. Loading of assembly skipped.
Assembly Assembly-CSharp-firstpass.dll at Library/ScriptAssemblies/Assembly-CSharp-firstpass.dll not valid. Loading of assembly skipped.
Assembly DocCodeExamples.dll at Library/ScriptAssemblies/DocCodeExamples.dll not valid. Loading of assembly skipped.
Assembly TestNewCustomAssembly.dll at Library/ScriptAssemblies/TestNewCustomAssembly.dll not valid. Loading of assembly skipped.
Assembly Unity.InputSystem.IntegrationTests.dll at Library/ScriptAssemblies/Unity.InputSystem.IntegrationTests.dll not valid. Loading of assembly skipped.
Assembly Unity.Mathematics.Tests.dll at Library/ScriptAssemblies/Unity.Mathematics.Tests.dll not valid. Loading of assembly skipped.
Assembly Unity.Multiplayer.Center.Editor.Tests.dll at Library/ScriptAssemblies/Unity.Multiplayer.Center.Editor.Tests.dll not valid. Loading of assembly skipped.
Assembly Unity.Multiplayer.Center.Tests.dll at Library/ScriptAssemblies/Unity.Multiplayer.Center.Tests.dll not valid. Loading of assembly skipped.
Assembly Unity.TextMeshPro.Editor.Tests.dll at Library/ScriptAssemblies/Unity.TextMeshPro.Editor.Tests.dll not valid. Loading of assembly skipped.
Assembly Unity.TextMeshPro.Tests.dll at Library/ScriptAssemblies/Unity.TextMeshPro.Tests.dll not valid. Loading of assembly skipped.
Assembly Unity.XR.ARFoundation.CodeSamples.Editor.Tests.dll at Library/ScriptAssemblies/Unity.XR.ARFoundation.CodeSamples.Editor.Tests.dll not valid. Loading of assembly skipped.
Assembly Unity.XR.ARFoundation.CodeSamples.Tests.dll at Library/ScriptAssemblies/Unity.XR.ARFoundation.CodeSamples.Tests.dll not valid. Loading of assembly skipped.
Assembly Unity.XR.ARFoundation.Editor.Tests.dll at Library/ScriptAssemblies/Unity.XR.ARFoundation.Editor.Tests.dll not valid. Loading of assembly skipped.
Assembly Unity.XR.ARFoundation.InternalUtils.Editor.Tests.dll at Library/ScriptAssemblies/Unity.XR.ARFoundation.InternalUtils.Editor.Tests.dll not valid. Loading of assembly skipped.
Assembly Unity.XR.ARFoundation.Runtime.Tests.dll at Library/ScriptAssemblies/Unity.XR.ARFoundation.Runtime.Tests.dll not valid. Loading of assembly skipped.
Assembly Unity.XR.ARKit.CodeSamples.Tests.dll at Library/ScriptAssemblies/Unity.XR.ARKit.CodeSamples.Tests.dll not valid. Loading of assembly skipped.
Assembly Unity.XR.ARKit.Editor.Tests.dll at Library/ScriptAssemblies/Unity.XR.ARKit.Editor.Tests.dll not valid. Loading of assembly skipped.
Assembly Unity.XR.ARKit.Runtime.Tests.dll at Library/ScriptAssemblies/Unity.XR.ARKit.Runtime.Tests.dll not valid. Loading of assembly skipped.
Assembly Unity.XR.ARSubsystems.Editor.Tests.dll at Library/ScriptAssemblies/Unity.XR.ARSubsystems.Editor.Tests.dll not valid. Loading of assembly skipped.
Assembly Unity.XR.CoreUtils.CodeSamples.Tests.dll at Library/ScriptAssemblies/Unity.XR.CoreUtils.CodeSamples.Tests.dll not valid. Loading of assembly skipped.
Assembly Unity.XR.CoreUtils.Editor.Tests.dll at Library/ScriptAssemblies/Unity.XR.CoreUtils.Editor.Tests.dll not valid. Loading of assembly skipped.
Assembly Unity.XR.CoreUtils.Tests.dll at Library/ScriptAssemblies/Unity.XR.CoreUtils.Tests.dll not valid. Loading of assembly skipped.
Assembly Unity.XR.Management.EditorTests.dll at Library/ScriptAssemblies/Unity.XR.Management.EditorTests.dll not valid. Loading of assembly skipped.
Assembly Unity.XR.Management.TestPackage.dll at Library/ScriptAssemblies/Unity.XR.Management.TestPackage.dll not valid. Loading of assembly skipped.
Assembly Unity.XR.Management.TestPackage.Editor.dll at Library/ScriptAssemblies/Unity.XR.Management.TestPackage.Editor.dll not valid. Loading of assembly skipped.
Assembly Unity.XR.Management.Tests.dll at Library/ScriptAssemblies/Unity.XR.Management.Tests.dll not valid. Loading of assembly skipped.
Assembly Unity.XR.Management.Tests.Standalone.dll at Library/ScriptAssemblies/Unity.XR.Management.Tests.Standalone.dll not valid. Loading of assembly skipped.
Assembly Unity.XR.Simulation.Editor.Tests.dll at Library/ScriptAssemblies/Unity.XR.Simulation.Editor.Tests.dll not valid. Loading of assembly skipped.
Assembly Unity.XR.Simulation.Runtime.Tests.dll at Library/ScriptAssemblies/Unity.XR.Simulation.Runtime.Tests.dll not valid. Loading of assembly skipped.
Assembly Unity.XR.TestSupport.dll at Library/ScriptAssemblies/Unity.XR.TestSupport.dll not valid. Loading of assembly skipped.
Assembly Unity.XR.TestTooling.Editor.Tests.dll at Library/ScriptAssemblies/Unity.XR.TestTooling.Editor.Tests.dll not valid. Loading of assembly skipped.
Assembly UnityEditor.UI.Common.Tests.dll at Library/ScriptAssemblies/UnityEditor.UI.Common.Tests.dll not valid. Loading of assembly skipped.
Assembly UnityEditor.UI.EditorTests.dll at Library/ScriptAssemblies/UnityEditor.UI.EditorTests.dll not valid. Loading of assembly skipped.
Assembly UnityEditor.XR.LegacyInputHelpers.Tests.dll at Library/ScriptAssemblies/UnityEditor.XR.LegacyInputHelpers.Tests.dll not valid. Loading of assembly skipped.
Assembly UnityEngine.SpatialTracking.Tests.dll at Library/ScriptAssemblies/UnityEngine.SpatialTracking.Tests.dll not valid. Loading of assembly skipped.
Assembly UnityEngine.UI.Tests.dll at Library/ScriptAssemblies/UnityEngine.UI.Tests.dll not valid. Loading of assembly skipped.
Native extension for iOS target not found
Native extension for Android target not found
Native extension for OSXStandalone target not found
[Package Manager] Failed to launch server process. Reason: Unity was launched with the -noUpm command-line argument
[Package Manager] Unable to send message (not connected to server process).
[Package Manager] Cannot connect to Unity Package Manager local server
[Package Manager] Failed to launch server process. Reason: Unity was launched with the -noUpm command-line argument
[Package Manager] Unable to send message (not connected to server process).
[Package Manager] Cannot connect to Unity Package Manager local server
ScheduleIndexationOnStartup MainProcess:False IndexOnStartup:True
Mono: successfully reloaded assembly
[Package Manager] Failed to launch server process. Reason: Unity was launched with the -noUpm command-line argument
[Package Manager] Unable to send message (not connected to server process).
[Package Manager] Cannot connect to Unity Package Manager local server
- Finished resetting the current domain, in  0.473 seconds
Domain Reload Profiling: 983ms
	BeginReloadAssembly (113ms)
		DisableScriptedObjects (4ms)
		CreateAndSetChildDomain (26ms)
	RebuildCommonClasses (28ms)
	RebuildNativeTypeToScriptingClass (12ms)
	initialDomainReloadingComplete (34ms)
	LoadAllAssembliesAndSetupDomain (322ms)
		LoadAssemblies (231ms)
		AnalyzeDomain (133ms)
			TypeCache.Refresh (72ms)
				TypeCache.ScanAssembly (60ms)
			BuildScriptInfoCaches (55ms)
			ResolveRequiredComponents (5ms)
	FinalizeReload (474ms)
		SetupLoadedEditorAssemblies (0ms)
			InitializePlatformSupportModulesInManaged (15ms)
			BeforeProcessingInitializeOnLoad (93ms)
			ProcessInitializeOnLoadAttributes (169ms)
			ProcessInitializeOnLoadMethodAttributes (32ms)
		AwakeInstancesAfterBackupRestoration (3ms)
WARNING: Shader Unsupported: 'Hidden/Simulation/URP/Synthetic' - All subshaders removed
WARNING: Shader Did you use #pragma only_renderers and omit this platform?
WARNING: Shader If subshaders removal was intentional, you may have forgotten turning Fallback off?
WARNING: Shader Unsupported: 'Hidden/Simulation/Synthetic Lit' - All subshaders removed
WARNING: Shader Did you use #pragma only_renderers and omit this platform?
WARNING: Shader If subshaders removal was intentional, you may have forgotten turning Fallback off?
WARNING: Shader Unsupported: 'Simulation/URP/Room X-Ray' - All subshaders removed
WARNING: Shader Did you use #pragma only_renderers and omit this platform?
WARNING: Shader If subshaders removal was intentional, you may have forgotten turning Fallback off?
WARNING: Shader Unsupported: 'Simulation/URP/Lit' - All subshaders removed
WARNING: Shader Did you use #pragma only_renderers and omit this platform?
WARNING: Shader If subshaders removal was intentional, you may have forgotten turning Fallback off?
WARNING: Shader Unsupported: 'Simulation/Standard Lit' - All subshaders removed
WARNING: Shader Did you use #pragma only_renderers and omit this platform?
WARNING: Shader If subshaders removal was intentional, you may have forgotten turning Fallback off?
WARNING: Shader Unsupported: 'Simulation/Room X-Ray' - All subshaders removed
WARNING: Shader Did you use #pragma only_renderers and omit this platform?
WARNING: Shader If subshaders removal was intentional, you may have forgotten turning Fallback off?
Unloading 6 Unused Serialized files (Serialized files now loaded: 0)
Unloading 4877 unused Assets / (2.6 MB). Loaded Objects now: 5480.
Memory consumption went from 104.3 MB to 101.7 MB.
Total: 7.393792 ms (FindLiveObjects: 0.628834 ms CreateObjectMapping: 0.173666 ms MarkObjects: 4.659625 ms  DeleteObjects: 1.930208 ms)

Prepare: number of updated asset objects reloaded= 0
========================================================================
Received Prepare
Begin MonoManager ReloadAssembly
Thread 0x16f19f000 may have been prematurely finalized
Assembly Assembly-CSharp-Editor-firstpass.dll at Library/ScriptAssemblies/Assembly-CSharp-Editor-firstpass.dll not valid. Loading of assembly skipped.
Assembly Assembly-CSharp-Editor.dll at Library/ScriptAssemblies/Assembly-CSharp-Editor.dll not valid. Loading of assembly skipped.
Assembly Assembly-CSharp-firstpass.dll at Library/ScriptAssemblies/Assembly-CSharp-firstpass.dll not valid. Loading of assembly skipped.
Assembly DocCodeExamples.dll at Library/ScriptAssemblies/DocCodeExamples.dll not valid. Loading of assembly skipped.
Assembly TestNewCustomAssembly.dll at Library/ScriptAssemblies/TestNewCustomAssembly.dll not valid. Loading of assembly skipped.
Assembly Unity.InputSystem.IntegrationTests.dll at Library/ScriptAssemblies/Unity.InputSystem.IntegrationTests.dll not valid. Loading of assembly skipped.
Assembly Unity.Mathematics.Tests.dll at Library/ScriptAssemblies/Unity.Mathematics.Tests.dll not valid. Loading of assembly skipped.
Assembly Unity.Multiplayer.Center.Editor.Tests.dll at Library/ScriptAssemblies/Unity.Multiplayer.Center.Editor.Tests.dll not valid. Loading of assembly skipped.
Assembly Unity.Multiplayer.Center.Tests.dll at Library/ScriptAssemblies/Unity.Multiplayer.Center.Tests.dll not valid. Loading of assembly skipped.
Assembly Unity.TextMeshPro.Editor.Tests.dll at Library/ScriptAssemblies/Unity.TextMeshPro.Editor.Tests.dll not valid. Loading of assembly skipped.
Assembly Unity.TextMeshPro.Tests.dll at Library/ScriptAssemblies/Unity.TextMeshPro.Tests.dll not valid. Loading of assembly skipped.
Assembly Unity.XR.ARFoundation.CodeSamples.Editor.Tests.dll at Library/ScriptAssemblies/Unity.XR.ARFoundation.CodeSamples.Editor.Tests.dll not valid. Loading of assembly skipped.
Assembly Unity.XR.ARFoundation.CodeSamples.Tests.dll at Library/ScriptAssemblies/Unity.XR.ARFoundation.CodeSamples.Tests.dll not valid. Loading of assembly skipped.
Assembly Unity.XR.ARFoundation.Editor.Tests.dll at Library/ScriptAssemblies/Unity.XR.ARFoundation.Editor.Tests.dll not valid. Loading of assembly skipped.
Assembly Unity.XR.ARFoundation.InternalUtils.Editor.Tests.dll at Library/ScriptAssemblies/Unity.XR.ARFoundation.InternalUtils.Editor.Tests.dll not valid. Loading of assembly skipped.
Assembly Unity.XR.ARFoundation.Runtime.Tests.dll at Library/ScriptAssemblies/Unity.XR.ARFoundation.Runtime.Tests.dll not valid. Loading of assembly skipped.
Assembly Unity.XR.ARKit.CodeSamples.Tests.dll at Library/ScriptAssemblies/Unity.XR.ARKit.CodeSamples.Tests.dll not valid. Loading of assembly skipped.
Assembly Unity.XR.ARKit.Editor.Tests.dll at Library/ScriptAssemblies/Unity.XR.ARKit.Editor.Tests.dll not valid. Loading of assembly skipped.
Assembly Unity.XR.ARKit.Runtime.Tests.dll at Library/ScriptAssemblies/Unity.XR.ARKit.Runtime.Tests.dll not valid. Loading of assembly skipped.
Assembly Unity.XR.ARSubsystems.Editor.Tests.dll at Library/ScriptAssemblies/Unity.XR.ARSubsystems.Editor.Tests.dll not valid. Loading of assembly skipped.
Assembly Unity.XR.CoreUtils.CodeSamples.Tests.dll at Library/ScriptAssemblies/Unity.XR.CoreUtils.CodeSamples.Tests.dll not valid. Loading of assembly skipped.
Assembly Unity.XR.CoreUtils.Editor.Tests.dll at Library/ScriptAssemblies/Unity.XR.CoreUtils.Editor.Tests.dll not valid. Loading of assembly skipped.
Assembly Unity.XR.CoreUtils.Tests.dll at Library/ScriptAssemblies/Unity.XR.CoreUtils.Tests.dll not valid. Loading of assembly skipped.
Assembly Unity.XR.Management.EditorTests.dll at Library/ScriptAssemblies/Unity.XR.Management.EditorTests.dll not valid. Loading of assembly skipped.
Assembly Unity.XR.Management.TestPackage.dll at Library/ScriptAssemblies/Unity.XR.Management.TestPackage.dll not valid. Loading of assembly skipped.
Assembly Unity.XR.Management.TestPackage.Editor.dll at Library/ScriptAssemblies/Unity.XR.Management.TestPackage.Editor.dll not valid. Loading of assembly skipped.
Assembly Unity.XR.Management.Tests.dll at Library/ScriptAssemblies/Unity.XR.Management.Tests.dll not valid. Loading of assembly skipped.
Assembly Unity.XR.Management.Tests.Standalone.dll at Library/ScriptAssemblies/Unity.XR.Management.Tests.Standalone.dll not valid. Loading of assembly skipped.
Assembly Unity.XR.Simulation.Editor.Tests.dll at Library/ScriptAssemblies/Unity.XR.Simulation.Editor.Tests.dll not valid. Loading of assembly skipped.
Assembly Unity.XR.Simulation.Runtime.Tests.dll at Library/ScriptAssemblies/Unity.XR.Simulation.Runtime.Tests.dll not valid. Loading of assembly skipped.
Assembly Unity.XR.TestSupport.dll at Library/ScriptAssemblies/Unity.XR.TestSupport.dll not valid. Loading of assembly skipped.
Assembly Unity.XR.TestTooling.Editor.Tests.dll at Library/ScriptAssemblies/Unity.XR.TestTooling.Editor.Tests.dll not valid. Loading of assembly skipped.
Assembly UnityEditor.UI.Common.Tests.dll at Library/ScriptAssemblies/UnityEditor.UI.Common.Tests.dll not valid. Loading of assembly skipped.
Assembly UnityEditor.UI.EditorTests.dll at Library/ScriptAssemblies/UnityEditor.UI.EditorTests.dll not valid. Loading of assembly skipped.
Assembly UnityEditor.XR.LegacyInputHelpers.Tests.dll at Library/ScriptAssemblies/UnityEditor.XR.LegacyInputHelpers.Tests.dll not valid. Loading of assembly skipped.
Assembly UnityEngine.SpatialTracking.Tests.dll at Library/ScriptAssemblies/UnityEngine.SpatialTracking.Tests.dll not valid. Loading of assembly skipped.
Assembly UnityEngine.UI.Tests.dll at Library/ScriptAssemblies/UnityEngine.UI.Tests.dll not valid. Loading of assembly skipped.
Native extension for iOS target not found
Native extension for Android target not found
Native extension for OSXStandalone target not found
[Package Manager] Failed to launch server process. Reason: Unity was launched with the -noUpm command-line argument
[Package Manager] Unable to send message (not connected to server process).
[Package Manager] Cannot connect to Unity Package Manager local server
[Package Manager] Failed to launch server process. Reason: Unity was launched with the -noUpm command-line argument
[Package Manager] Unable to send message (not connected to server process).
[Package Manager] Cannot connect to Unity Package Manager local server
ScheduleIndexationOnStartup MainProcess:False IndexOnStartup:True
Mono: successfully reloaded assembly
[Package Manager] Failed to launch server process. Reason: Unity was launched with the -noUpm command-line argument
[Package Manager] Unable to send message (not connected to server process).
[Package Manager] Cannot connect to Unity Package Manager local server
- Finished resetting the current domain, in  0.791 seconds
Domain Reload Profiling: 1192ms
	BeginReloadAssembly (100ms)
		DisableScriptedObjects (3ms)
		CreateAndSetChildDomain (24ms)
	RebuildCommonClasses (28ms)
	RebuildNativeTypeToScriptingClass (12ms)
	initialDomainReloadingComplete (27ms)
	LoadAllAssembliesAndSetupDomain (234ms)
		LoadAssemblies (164ms)
		AnalyzeDomain (106ms)
			TypeCache.Refresh (19ms)
				TypeCache.ScanAssembly (11ms)
			BuildScriptInfoCaches (80ms)
			ResolveRequiredComponents (5ms)
	FinalizeReload (791ms)
		SetupLoadedEditorAssemblies (0ms)
			InitializePlatformSupportModulesInManaged (13ms)
			BeforeProcessingInitializeOnLoad (96ms)
			ProcessInitializeOnLoadAttributes (541ms)
			ProcessInitializeOnLoadMethodAttributes (30ms)
		AwakeInstancesAfterBackupRestoration (3ms)
WARNING: Shader Unsupported: 'Hidden/Simulation/URP/Synthetic' - All subshaders removed
WARNING: Shader Did you use #pragma only_renderers and omit this platform?
WARNING: Shader If subshaders removal was intentional, you may have forgotten turning Fallback off?
WARNING: Shader Unsupported: 'Hidden/Simulation/Synthetic Lit' - All subshaders removed
WARNING: Shader Did you use #pragma only_renderers and omit this platform?
WARNING: Shader If subshaders removal was intentional, you may have forgotten turning Fallback off?
WARNING: Shader Unsupported: 'Simulation/URP/Room X-Ray' - All subshaders removed
WARNING: Shader Did you use #pragma only_renderers and omit this platform?
WARNING: Shader If subshaders removal was intentional, you may have forgotten turning Fallback off?
WARNING: Shader Unsupported: 'Simulation/URP/Lit' - All subshaders removed
WARNING: Shader Did you use #pragma only_renderers and omit this platform?
WARNING: Shader If subshaders removal was intentional, you may have forgotten turning Fallback off?
WARNING: Shader Unsupported: 'Simulation/Standard Lit' - All subshaders removed
WARNING: Shader Did you use #pragma only_renderers and omit this platform?
WARNING: Shader If subshaders removal was intentional, you may have forgotten turning Fallback off?
WARNING: Shader Unsupported: 'Simulation/Room X-Ray' - All subshaders removed
WARNING: Shader Did you use #pragma only_renderers and omit this platform?
WARNING: Shader If subshaders removal was intentional, you may have forgotten turning Fallback off?
Unloading 6 Unused Serialized files (Serialized files now loaded: 0)
Unloading 4877 unused Assets / (4.3 MB). Loaded Objects now: 5481.
Memory consumption went from 104.6 MB to 100.2 MB.
Total: 6.872208 ms (FindLiveObjects: 0.310083 ms CreateObjectMapping: 0.152208 ms MarkObjects: 4.404000 ms  DeleteObjects: 2.005500 ms)

Prepare: number of updated asset objects reloaded= 0
========================================================================
Received Prepare
[Licensing::Client] Successfully resolved entitlement details
Begin MonoManager ReloadAssembly
[Licensing::Client] Successfully resolved entitlement details
Thread 0x16f19f000 may have been prematurely finalized
Assembly Assembly-CSharp-Editor-firstpass.dll at Library/ScriptAssemblies/Assembly-CSharp-Editor-firstpass.dll not valid. Loading of assembly skipped.
Assembly Assembly-CSharp-Editor.dll at Library/ScriptAssemblies/Assembly-CSharp-Editor.dll not valid. Loading of assembly skipped.
Assembly Assembly-CSharp-firstpass.dll at Library/ScriptAssemblies/Assembly-CSharp-firstpass.dll not valid. Loading of assembly skipped.
Assembly DocCodeExamples.dll at Library/ScriptAssemblies/DocCodeExamples.dll not valid. Loading of assembly skipped.
Assembly TestNewCustomAssembly.dll at Library/ScriptAssemblies/TestNewCustomAssembly.dll not valid. Loading of assembly skipped.
Assembly Unity.InputSystem.IntegrationTests.dll at Library/ScriptAssemblies/Unity.InputSystem.IntegrationTests.dll not valid. Loading of assembly skipped.
Assembly Unity.Mathematics.Tests.dll at Library/ScriptAssemblies/Unity.Mathematics.Tests.dll not valid. Loading of assembly skipped.
Assembly Unity.Multiplayer.Center.Editor.Tests.dll at Library/ScriptAssemblies/Unity.Multiplayer.Center.Editor.Tests.dll not valid. Loading of assembly skipped.
Assembly Unity.Multiplayer.Center.Tests.dll at Library/ScriptAssemblies/Unity.Multiplayer.Center.Tests.dll not valid. Loading of assembly skipped.
Assembly Unity.TextMeshPro.Editor.Tests.dll at Library/ScriptAssemblies/Unity.TextMeshPro.Editor.Tests.dll not valid. Loading of assembly skipped.
Assembly Unity.TextMeshPro.Tests.dll at Library/ScriptAssemblies/Unity.TextMeshPro.Tests.dll not valid. Loading of assembly skipped.
Assembly Unity.VSCode.Editor.dll at Library/ScriptAssemblies/Unity.VSCode.Editor.dll not valid. Loading of assembly skipped.
Assembly Unity.XR.ARFoundation.CodeSamples.Editor.Tests.dll at Library/ScriptAssemblies/Unity.XR.ARFoundation.CodeSamples.Editor.Tests.dll not valid. Loading of assembly skipped.
Assembly Unity.XR.ARFoundation.CodeSamples.Tests.dll at Library/ScriptAssemblies/Unity.XR.ARFoundation.CodeSamples.Tests.dll not valid. Loading of assembly skipped.
Assembly Unity.XR.ARFoundation.Editor.Tests.dll at Library/ScriptAssemblies/Unity.XR.ARFoundation.Editor.Tests.dll not valid. Loading of assembly skipped.
Assembly Unity.XR.ARFoundation.InternalUtils.Editor.Tests.dll at Library/ScriptAssemblies/Unity.XR.ARFoundation.InternalUtils.Editor.Tests.dll not valid. Loading of assembly skipped.
Assembly Unity.XR.ARFoundation.Runtime.Tests.dll at Library/ScriptAssemblies/Unity.XR.ARFoundation.Runtime.Tests.dll not valid. Loading of assembly skipped.
Assembly Unity.XR.ARKit.CodeSamples.Tests.dll at Library/ScriptAssemblies/Unity.XR.ARKit.CodeSamples.Tests.dll not valid. Loading of assembly skipped.
Assembly Unity.XR.ARKit.Editor.Tests.dll at Library/ScriptAssemblies/Unity.XR.ARKit.Editor.Tests.dll not valid. Loading of assembly skipped.
Assembly Unity.XR.ARKit.Runtime.Tests.dll at Library/ScriptAssemblies/Unity.XR.ARKit.Runtime.Tests.dll not valid. Loading of assembly skipped.
Assembly Unity.XR.ARSubsystems.Editor.Tests.dll at Library/ScriptAssemblies/Unity.XR.ARSubsystems.Editor.Tests.dll not valid. Loading of assembly skipped.
Assembly Unity.XR.CoreUtils.CodeSamples.Tests.dll at Library/ScriptAssemblies/Unity.XR.CoreUtils.CodeSamples.Tests.dll not valid. Loading of assembly skipped.
Assembly Unity.XR.CoreUtils.Editor.Tests.dll at Library/ScriptAssemblies/Unity.XR.CoreUtils.Editor.Tests.dll not valid. Loading of assembly skipped.
Assembly Unity.XR.CoreUtils.Tests.dll at Library/ScriptAssemblies/Unity.XR.CoreUtils.Tests.dll not valid. Loading of assembly skipped.
Assembly Unity.XR.Management.EditorTests.dll at Library/ScriptAssemblies/Unity.XR.Management.EditorTests.dll not valid. Loading of assembly skipped.
Assembly Unity.XR.Management.TestPackage.dll at Library/ScriptAssemblies/Unity.XR.Management.TestPackage.dll not valid. Loading of assembly skipped.
Assembly Unity.XR.Management.TestPackage.Editor.dll at Library/ScriptAssemblies/Unity.XR.Management.TestPackage.Editor.dll not valid. Loading of assembly skipped.
Assembly Unity.XR.Management.Tests.dll at Library/ScriptAssemblies/Unity.XR.Management.Tests.dll not valid. Loading of assembly skipped.
Assembly Unity.XR.Management.Tests.Standalone.dll at Library/ScriptAssemblies/Unity.XR.Management.Tests.Standalone.dll not valid. Loading of assembly skipped.
Assembly Unity.XR.Simulation.Editor.Tests.dll at Library/ScriptAssemblies/Unity.XR.Simulation.Editor.Tests.dll not valid. Loading of assembly skipped.
Assembly Unity.XR.Simulation.Runtime.Tests.dll at Library/ScriptAssemblies/Unity.XR.Simulation.Runtime.Tests.dll not valid. Loading of assembly skipped.
Assembly Unity.XR.TestSupport.dll at Library/ScriptAssemblies/Unity.XR.TestSupport.dll not valid. Loading of assembly skipped.
Assembly Unity.XR.TestTooling.Editor.Tests.dll at Library/ScriptAssemblies/Unity.XR.TestTooling.Editor.Tests.dll not valid. Loading of assembly skipped.
Assembly UnityEditor.UI.Common.Tests.dll at Library/ScriptAssemblies/UnityEditor.UI.Common.Tests.dll not valid. Loading of assembly skipped.
Assembly UnityEditor.UI.EditorTests.dll at Library/ScriptAssemblies/UnityEditor.UI.EditorTests.dll not valid. Loading of assembly skipped.
Assembly UnityEditor.XR.LegacyInputHelpers.Tests.dll at Library/ScriptAssemblies/UnityEditor.XR.LegacyInputHelpers.Tests.dll not valid. Loading of assembly skipped.
Assembly UnityEngine.SpatialTracking.Tests.dll at Library/ScriptAssemblies/UnityEngine.SpatialTracking.Tests.dll not valid. Loading of assembly skipped.
Assembly UnityEngine.UI.Tests.dll at Library/ScriptAssemblies/UnityEngine.UI.Tests.dll not valid. Loading of assembly skipped.
Native extension for iOS target not found
Native extension for Android target not found
Native extension for OSXStandalone target not found
[Package Manager] Failed to launch server process. Reason: Unity was launched with the -noUpm command-line argument
[Package Manager] Unable to send message (not connected to server process).
[Package Manager] Cannot connect to Unity Package Manager local server
[Package Manager] Failed to launch server process. Reason: Unity was launched with the -noUpm command-line argument
[Package Manager] Unable to send message (not connected to server process).
[Package Manager] Cannot connect to Unity Package Manager local server
ScheduleIndexationOnStartup MainProcess:False IndexOnStartup:True
Mono: successfully reloaded assembly
[Package Manager] Failed to launch server process. Reason: Unity was launched with the -noUpm command-line argument
[Package Manager] Unable to send message (not connected to server process).
[Package Manager] Cannot connect to Unity Package Manager local server
- Finished resetting the current domain, in  0.409 seconds
Domain Reload Profiling: 823ms
	BeginReloadAssembly (112ms)
		DisableScriptedObjects (3ms)
		CreateAndSetChildDomain (29ms)
	RebuildCommonClasses (29ms)
	RebuildNativeTypeToScriptingClass (12ms)
	initialDomainReloadingComplete (28ms)
	LoadAllAssembliesAndSetupDomain (234ms)
		LoadAssemblies (172ms)
		AnalyzeDomain (101ms)
			TypeCache.Refresh (8ms)
			BuildScriptInfoCaches (87ms)
			ResolveRequiredComponents (5ms)
	FinalizeReload (409ms)
		SetupLoadedEditorAssemblies (0ms)
			InitializePlatformSupportModulesInManaged (12ms)
			BeforeProcessingInitializeOnLoad (95ms)
			ProcessInitializeOnLoadAttributes (160ms)
			ProcessInitializeOnLoadMethodAttributes (31ms)
		AwakeInstancesAfterBackupRestoration (3ms)
WARNING: Shader Unsupported: 'Hidden/Simulation/URP/Synthetic' - All subshaders removed
WARNING: Shader Did you use #pragma only_renderers and omit this platform?
WARNING: Shader If subshaders removal was intentional, you may have forgotten turning Fallback off?
WARNING: Shader Unsupported: 'Hidden/Simulation/Synthetic Lit' - All subshaders removed
WARNING: Shader Did you use #pragma only_renderers and omit this platform?
WARNING: Shader If subshaders removal was intentional, you may have forgotten turning Fallback off?
WARNING: Shader Unsupported: 'Simulation/URP/Room X-Ray' - All subshaders removed
WARNING: Shader Did you use #pragma only_renderers and omit this platform?
WARNING: Shader If subshaders removal was intentional, you may have forgotten turning Fallback off?
WARNING: Shader Unsupported: 'Simulation/URP/Lit' - All subshaders removed
WARNING: Shader Did you use #pragma only_renderers and omit this platform?
WARNING: Shader If subshaders removal was intentional, you may have forgotten turning Fallback off?
WARNING: Shader Unsupported: 'Simulation/Standard Lit' - All subshaders removed
WARNING: Shader Did you use #pragma only_renderers and omit this platform?
WARNING: Shader If subshaders removal was intentional, you may have forgotten turning Fallback off?
WARNING: Shader Unsupported: 'Simulation/Room X-Ray' - All subshaders removed
WARNING: Shader Did you use #pragma only_renderers and omit this platform?
WARNING: Shader If subshaders removal was intentional, you may have forgotten turning Fallback off?
Unloading 6 Unused Serialized files (Serialized files now loaded: 0)
Unloading 4870 unused Assets / (4.3 MB). Loaded Objects now: 5475.
Memory consumption went from 104.0 MB to 99.7 MB.
Total: 6.212500 ms (FindLiveObjects: 0.224250 ms CreateObjectMapping: 0.131250 ms MarkObjects: 4.076708 ms  DeleteObjects: 1.779750 ms)

Prepare: number of updated asset objects reloaded= 0
========================================================================
Received Prepare
Begin MonoManager ReloadAssembly
Thread 0x16f113000 may have been prematurely finalized
Assembly Assembly-CSharp-Editor-firstpass.dll at Library/ScriptAssemblies/Assembly-CSharp-Editor-firstpass.dll not valid. Loading of assembly skipped.
Assembly Assembly-CSharp-Editor.dll at Library/ScriptAssemblies/Assembly-CSharp-Editor.dll not valid. Loading of assembly skipped.
Assembly Assembly-CSharp-firstpass.dll at Library/ScriptAssemblies/Assembly-CSharp-firstpass.dll not valid. Loading of assembly skipped.
Assembly DocCodeExamples.dll at Library/ScriptAssemblies/DocCodeExamples.dll not valid. Loading of assembly skipped.
Assembly TestNewCustomAssembly.dll at Library/ScriptAssemblies/TestNewCustomAssembly.dll not valid. Loading of assembly skipped.
Assembly Unity.InputSystem.IntegrationTests.dll at Library/ScriptAssemblies/Unity.InputSystem.IntegrationTests.dll not valid. Loading of assembly skipped.
Assembly Unity.Mathematics.Tests.dll at Library/ScriptAssemblies/Unity.Mathematics.Tests.dll not valid. Loading of assembly skipped.
Assembly Unity.Multiplayer.Center.Editor.Tests.dll at Library/ScriptAssemblies/Unity.Multiplayer.Center.Editor.Tests.dll not valid. Loading of assembly skipped.
Assembly Unity.Multiplayer.Center.Tests.dll at Library/ScriptAssemblies/Unity.Multiplayer.Center.Tests.dll not valid. Loading of assembly skipped.
Assembly Unity.TextMeshPro.Editor.Tests.dll at Library/ScriptAssemblies/Unity.TextMeshPro.Editor.Tests.dll not valid. Loading of assembly skipped.
Assembly Unity.TextMeshPro.Tests.dll at Library/ScriptAssemblies/Unity.TextMeshPro.Tests.dll not valid. Loading of assembly skipped.
Assembly Unity.VSCode.Editor.dll at Library/ScriptAssemblies/Unity.VSCode.Editor.dll not valid. Loading of assembly skipped.
Assembly Unity.XR.ARFoundation.CodeSamples.Editor.Tests.dll at Library/ScriptAssemblies/Unity.XR.ARFoundation.CodeSamples.Editor.Tests.dll not valid. Loading of assembly skipped.
Assembly Unity.XR.ARFoundation.CodeSamples.Tests.dll at Library/ScriptAssemblies/Unity.XR.ARFoundation.CodeSamples.Tests.dll not valid. Loading of assembly skipped.
Assembly Unity.XR.ARFoundation.Editor.Tests.dll at Library/ScriptAssemblies/Unity.XR.ARFoundation.Editor.Tests.dll not valid. Loading of assembly skipped.
Assembly Unity.XR.ARFoundation.InternalUtils.Editor.Tests.dll at Library/ScriptAssemblies/Unity.XR.ARFoundation.InternalUtils.Editor.Tests.dll not valid. Loading of assembly skipped.
Assembly Unity.XR.ARFoundation.Runtime.Tests.dll at Library/ScriptAssemblies/Unity.XR.ARFoundation.Runtime.Tests.dll not valid. Loading of assembly skipped.
Assembly Unity.XR.ARKit.CodeSamples.Tests.dll at Library/ScriptAssemblies/Unity.XR.ARKit.CodeSamples.Tests.dll not valid. Loading of assembly skipped.
Assembly Unity.XR.ARKit.Editor.Tests.dll at Library/ScriptAssemblies/Unity.XR.ARKit.Editor.Tests.dll not valid. Loading of assembly skipped.
Assembly Unity.XR.ARKit.Runtime.Tests.dll at Library/ScriptAssemblies/Unity.XR.ARKit.Runtime.Tests.dll not valid. Loading of assembly skipped.
Assembly Unity.XR.ARSubsystems.Editor.Tests.dll at Library/ScriptAssemblies/Unity.XR.ARSubsystems.Editor.Tests.dll not valid. Loading of assembly skipped.
Assembly Unity.XR.CoreUtils.CodeSamples.Tests.dll at Library/ScriptAssemblies/Unity.XR.CoreUtils.CodeSamples.Tests.dll not valid. Loading of assembly skipped.
Assembly Unity.XR.CoreUtils.Editor.Tests.dll at Library/ScriptAssemblies/Unity.XR.CoreUtils.Editor.Tests.dll not valid. Loading of assembly skipped.
Assembly Unity.XR.CoreUtils.Tests.dll at Library/ScriptAssemblies/Unity.XR.CoreUtils.Tests.dll not valid. Loading of assembly skipped.
Assembly Unity.XR.Management.EditorTests.dll at Library/ScriptAssemblies/Unity.XR.Management.EditorTests.dll not valid. Loading of assembly skipped.
Assembly Unity.XR.Management.TestPackage.dll at Library/ScriptAssemblies/Unity.XR.Management.TestPackage.dll not valid. Loading of assembly skipped.
Assembly Unity.XR.Management.TestPackage.Editor.dll at Library/ScriptAssemblies/Unity.XR.Management.TestPackage.Editor.dll not valid. Loading of assembly skipped.
Assembly Unity.XR.Management.Tests.dll at Library/ScriptAssemblies/Unity.XR.Management.Tests.dll not valid. Loading of assembly skipped.
Assembly Unity.XR.Management.Tests.Standalone.dll at Library/ScriptAssemblies/Unity.XR.Management.Tests.Standalone.dll not valid. Loading of assembly skipped.
Assembly Unity.XR.Simulation.Editor.Tests.dll at Library/ScriptAssemblies/Unity.XR.Simulation.Editor.Tests.dll not valid. Loading of assembly skipped.
Assembly Unity.XR.Simulation.Runtime.Tests.dll at Library/ScriptAssemblies/Unity.XR.Simulation.Runtime.Tests.dll not valid. Loading of assembly skipped.
Assembly Unity.XR.TestSupport.dll at Library/ScriptAssemblies/Unity.XR.TestSupport.dll not valid. Loading of assembly skipped.
Assembly Unity.XR.TestTooling.Editor.Tests.dll at Library/ScriptAssemblies/Unity.XR.TestTooling.Editor.Tests.dll not valid. Loading of assembly skipped.
Assembly UnityEditor.UI.Common.Tests.dll at Library/ScriptAssemblies/UnityEditor.UI.Common.Tests.dll not valid. Loading of assembly skipped.
Assembly UnityEditor.UI.EditorTests.dll at Library/ScriptAssemblies/UnityEditor.UI.EditorTests.dll not valid. Loading of assembly skipped.
Assembly UnityEditor.XR.LegacyInputHelpers.Tests.dll at Library/ScriptAssemblies/UnityEditor.XR.LegacyInputHelpers.Tests.dll not valid. Loading of assembly skipped.
Assembly UnityEngine.SpatialTracking.Tests.dll at Library/ScriptAssemblies/UnityEngine.SpatialTracking.Tests.dll not valid. Loading of assembly skipped.
Assembly UnityEngine.UI.Tests.dll at Library/ScriptAssemblies/UnityEngine.UI.Tests.dll not valid. Loading of assembly skipped.
Native extension for iOS target not found
Native extension for Android target not found
Native extension for OSXStandalone target not found
[Package Manager] Failed to launch server process. Reason: Unity was launched with the -noUpm command-line argument
[Package Manager] Unable to send message (not connected to server process).
[Package Manager] Cannot connect to Unity Package Manager local server
[Package Manager] Failed to launch server process. Reason: Unity was launched with the -noUpm command-line argument
[Package Manager] Unable to send message (not connected to server process).
[Package Manager] Cannot connect to Unity Package Manager local server
ScheduleIndexationOnStartup MainProcess:False IndexOnStartup:True
Mono: successfully reloaded assembly
[Package Manager] Failed to launch server process. Reason: Unity was launched with the -noUpm command-line argument
[Package Manager] Unable to send message (not connected to server process).
[Package Manager] Cannot connect to Unity Package Manager local server
- Finished resetting the current domain, in  0.430 seconds
Domain Reload Profiling: 814ms
	BeginReloadAssembly (96ms)
		DisableScriptedObjects (3ms)
		CreateAndSetChildDomain (20ms)
	RebuildCommonClasses (27ms)
	RebuildNativeTypeToScriptingClass (11ms)
	initialDomainReloadingComplete (24ms)
	LoadAllAssembliesAndSetupDomain (225ms)
		LoadAssemblies (159ms)
		AnalyzeDomain (101ms)
			TypeCache.Refresh (5ms)
			BuildScriptInfoCaches (89ms)
			ResolveRequiredComponents (5ms)
	FinalizeReload (430ms)
		SetupLoadedEditorAssemblies (0ms)
			InitializePlatformSupportModulesInManaged (12ms)
			BeforeProcessingInitializeOnLoad (90ms)
			ProcessInitializeOnLoadAttributes (168ms)
			ProcessInitializeOnLoadMethodAttributes (40ms)
		AwakeInstancesAfterBackupRestoration (4ms)
WARNING: Shader Unsupported: 'Hidden/Simulation/URP/Synthetic' - All subshaders removed
WARNING: Shader Did you use #pragma only_renderers and omit this platform?
WARNING: Shader If subshaders removal was intentional, you may have forgotten turning Fallback off?
WARNING: Shader Unsupported: 'Hidden/Simulation/Synthetic Lit' - All subshaders removed
WARNING: Shader Did you use #pragma only_renderers and omit this platform?
WARNING: Shader If subshaders removal was intentional, you may have forgotten turning Fallback off?
WARNING: Shader Unsupported: 'Simulation/URP/Room X-Ray' - All subshaders removed
WARNING: Shader Did you use #pragma only_renderers and omit this platform?
WARNING: Shader If subshaders removal was intentional, you may have forgotten turning Fallback off?
WARNING: Shader Unsupported: 'Simulation/URP/Lit' - All subshaders removed
WARNING: Shader Did you use #pragma only_renderers and omit this platform?
WARNING: Shader If subshaders removal was intentional, you may have forgotten turning Fallback off?
WARNING: Shader Unsupported: 'Simulation/Standard Lit' - All subshaders removed
WARNING: Shader Did you use #pragma only_renderers and omit this platform?
WARNING: Shader If subshaders removal was intentional, you may have forgotten turning Fallback off?
WARNING: Shader Unsupported: 'Simulation/Room X-Ray' - All subshaders removed
WARNING: Shader Did you use #pragma only_renderers and omit this platform?
WARNING: Shader If subshaders removal was intentional, you may have forgotten turning Fallback off?
Unloading 6 Unused Serialized files (Serialized files now loaded: 0)
Unloading 4870 unused Assets / (2.6 MB). Loaded Objects now: 5476.
Memory consumption went from 103.8 MB to 101.2 MB.
Total: 7.984084 ms (FindLiveObjects: 0.334292 ms CreateObjectMapping: 0.153667 ms MarkObjects: 5.068166 ms  DeleteObjects: 2.427417 ms)

Prepare: number of updated asset objects reloaded= 0
========================================================================
Received Prepare
Begin MonoManager ReloadAssembly
Thread 0x16f113000 may have been prematurely finalized
Assembly Assembly-CSharp-Editor-firstpass.dll at Library/ScriptAssemblies/Assembly-CSharp-Editor-firstpass.dll not valid. Loading of assembly skipped.
Assembly Assembly-CSharp-Editor.dll at Library/ScriptAssemblies/Assembly-CSharp-Editor.dll not valid. Loading of assembly skipped.
Assembly Assembly-CSharp-firstpass.dll at Library/ScriptAssemblies/Assembly-CSharp-firstpass.dll not valid. Loading of assembly skipped.
Assembly DocCodeExamples.dll at Library/ScriptAssemblies/DocCodeExamples.dll not valid. Loading of assembly skipped.
Assembly TestNewCustomAssembly.dll at Library/ScriptAssemblies/TestNewCustomAssembly.dll not valid. Loading of assembly skipped.
Assembly Unity.InputSystem.IntegrationTests.dll at Library/ScriptAssemblies/Unity.InputSystem.IntegrationTests.dll not valid. Loading of assembly skipped.
Assembly Unity.Mathematics.Tests.dll at Library/ScriptAssemblies/Unity.Mathematics.Tests.dll not valid. Loading of assembly skipped.
Assembly Unity.Multiplayer.Center.Editor.Tests.dll at Library/ScriptAssemblies/Unity.Multiplayer.Center.Editor.Tests.dll not valid. Loading of assembly skipped.
Assembly Unity.Multiplayer.Center.Tests.dll at Library/ScriptAssemblies/Unity.Multiplayer.Center.Tests.dll not valid. Loading of assembly skipped.
Assembly Unity.TextMeshPro.Editor.Tests.dll at Library/ScriptAssemblies/Unity.TextMeshPro.Editor.Tests.dll not valid. Loading of assembly skipped.
Assembly Unity.TextMeshPro.Tests.dll at Library/ScriptAssemblies/Unity.TextMeshPro.Tests.dll not valid. Loading of assembly skipped.
Assembly Unity.VSCode.Editor.dll at Library/ScriptAssemblies/Unity.VSCode.Editor.dll not valid. Loading of assembly skipped.
Assembly Unity.XR.ARFoundation.CodeSamples.Editor.Tests.dll at Library/ScriptAssemblies/Unity.XR.ARFoundation.CodeSamples.Editor.Tests.dll not valid. Loading of assembly skipped.
Assembly Unity.XR.ARFoundation.CodeSamples.Tests.dll at Library/ScriptAssemblies/Unity.XR.ARFoundation.CodeSamples.Tests.dll not valid. Loading of assembly skipped.
Assembly Unity.XR.ARFoundation.Editor.Tests.dll at Library/ScriptAssemblies/Unity.XR.ARFoundation.Editor.Tests.dll not valid. Loading of assembly skipped.
Assembly Unity.XR.ARFoundation.InternalUtils.Editor.Tests.dll at Library/ScriptAssemblies/Unity.XR.ARFoundation.InternalUtils.Editor.Tests.dll not valid. Loading of assembly skipped.
Assembly Unity.XR.ARFoundation.Runtime.Tests.dll at Library/ScriptAssemblies/Unity.XR.ARFoundation.Runtime.Tests.dll not valid. Loading of assembly skipped.
Assembly Unity.XR.ARKit.CodeSamples.Tests.dll at Library/ScriptAssemblies/Unity.XR.ARKit.CodeSamples.Tests.dll not valid. Loading of assembly skipped.
Assembly Unity.XR.ARKit.Editor.Tests.dll at Library/ScriptAssemblies/Unity.XR.ARKit.Editor.Tests.dll not valid. Loading of assembly skipped.
Assembly Unity.XR.ARKit.Runtime.Tests.dll at Library/ScriptAssemblies/Unity.XR.ARKit.Runtime.Tests.dll not valid. Loading of assembly skipped.
Assembly Unity.XR.ARSubsystems.Editor.Tests.dll at Library/ScriptAssemblies/Unity.XR.ARSubsystems.Editor.Tests.dll not valid. Loading of assembly skipped.
Assembly Unity.XR.CoreUtils.CodeSamples.Tests.dll at Library/ScriptAssemblies/Unity.XR.CoreUtils.CodeSamples.Tests.dll not valid. Loading of assembly skipped.
Assembly Unity.XR.CoreUtils.Editor.Tests.dll at Library/ScriptAssemblies/Unity.XR.CoreUtils.Editor.Tests.dll not valid. Loading of assembly skipped.
Assembly Unity.XR.CoreUtils.Tests.dll at Library/ScriptAssemblies/Unity.XR.CoreUtils.Tests.dll not valid. Loading of assembly skipped.
Assembly Unity.XR.Management.EditorTests.dll at Library/ScriptAssemblies/Unity.XR.Management.EditorTests.dll not valid. Loading of assembly skipped.
Assembly Unity.XR.Management.TestPackage.dll at Library/ScriptAssemblies/Unity.XR.Management.TestPackage.dll not valid. Loading of assembly skipped.
Assembly Unity.XR.Management.TestPackage.Editor.dll at Library/ScriptAssemblies/Unity.XR.Management.TestPackage.Editor.dll not valid. Loading of assembly skipped.
Assembly Unity.XR.Management.Tests.dll at Library/ScriptAssemblies/Unity.XR.Management.Tests.dll not valid. Loading of assembly skipped.
Assembly Unity.XR.Management.Tests.Standalone.dll at Library/ScriptAssemblies/Unity.XR.Management.Tests.Standalone.dll not valid. Loading of assembly skipped.
Assembly Unity.XR.Simulation.Editor.Tests.dll at Library/ScriptAssemblies/Unity.XR.Simulation.Editor.Tests.dll not valid. Loading of assembly skipped.
Assembly Unity.XR.Simulation.Runtime.Tests.dll at Library/ScriptAssemblies/Unity.XR.Simulation.Runtime.Tests.dll not valid. Loading of assembly skipped.
Assembly Unity.XR.TestSupport.dll at Library/ScriptAssemblies/Unity.XR.TestSupport.dll not valid. Loading of assembly skipped.
Assembly Unity.XR.TestTooling.Editor.Tests.dll at Library/ScriptAssemblies/Unity.XR.TestTooling.Editor.Tests.dll not valid. Loading of assembly skipped.
Assembly UnityEditor.UI.Common.Tests.dll at Library/ScriptAssemblies/UnityEditor.UI.Common.Tests.dll not valid. Loading of assembly skipped.
Assembly UnityEditor.UI.EditorTests.dll at Library/ScriptAssemblies/UnityEditor.UI.EditorTests.dll not valid. Loading of assembly skipped.
Assembly UnityEditor.XR.LegacyInputHelpers.Tests.dll at Library/ScriptAssemblies/UnityEditor.XR.LegacyInputHelpers.Tests.dll not valid. Loading of assembly skipped.
Assembly UnityEngine.SpatialTracking.Tests.dll at Library/ScriptAssemblies/UnityEngine.SpatialTracking.Tests.dll not valid. Loading of assembly skipped.
Assembly UnityEngine.UI.Tests.dll at Library/ScriptAssemblies/UnityEngine.UI.Tests.dll not valid. Loading of assembly skipped.
Native extension for iOS target not found
Native extension for Android target not found
Native extension for OSXStandalone target not found
[Package Manager] Failed to launch server process. Reason: Unity was launched with the -noUpm command-line argument
[Package Manager] Unable to send message (not connected to server process).
[Package Manager] Cannot connect to Unity Package Manager local server
[Package Manager] Failed to launch server process. Reason: Unity was launched with the -noUpm command-line argument
[Package Manager] Unable to send message (not connected to server process).
[Package Manager] Cannot connect to Unity Package Manager local server
ScheduleIndexationOnStartup MainProcess:False IndexOnStartup:True
Mono: successfully reloaded assembly
[Package Manager] Failed to launch server process. Reason: Unity was launched with the -noUpm command-line argument
[Package Manager] Unable to send message (not connected to server process).
[Package Manager] Cannot connect to Unity Package Manager local server
- Finished resetting the current domain, in  0.448 seconds
Domain Reload Profiling: 831ms
	BeginReloadAssembly (96ms)
		DisableScriptedObjects (4ms)
		CreateAndSetChildDomain (21ms)
	RebuildCommonClasses (28ms)
	RebuildNativeTypeToScriptingClass (11ms)
	initialDomainReloadingComplete (24ms)
	LoadAllAssembliesAndSetupDomain (223ms)
		LoadAssemblies (158ms)
		AnalyzeDomain (97ms)
			TypeCache.Refresh (5ms)
			BuildScriptInfoCaches (86ms)
			ResolveRequiredComponents (5ms)
	FinalizeReload (448ms)
		SetupLoadedEditorAssemblies (0ms)
			InitializePlatformSupportModulesInManaged (22ms)
			BeforeProcessingInitializeOnLoad (101ms)
			ProcessInitializeOnLoadAttributes (161ms)
			ProcessInitializeOnLoadMethodAttributes (39ms)
		AwakeInstancesAfterBackupRestoration (4ms)
WARNING: Shader Unsupported: 'Hidden/Simulation/URP/Synthetic' - All subshaders removed
WARNING: Shader Did you use #pragma only_renderers and omit this platform?
WARNING: Shader If subshaders removal was intentional, you may have forgotten turning Fallback off?
WARNING: Shader Unsupported: 'Hidden/Simulation/Synthetic Lit' - All subshaders removed
WARNING: Shader Did you use #pragma only_renderers and omit this platform?
WARNING: Shader If subshaders removal was intentional, you may have forgotten turning Fallback off?
WARNING: Shader Unsupported: 'Simulation/URP/Room X-Ray' - All subshaders removed
WARNING: Shader Did you use #pragma only_renderers and omit this platform?
WARNING: Shader If subshaders removal was intentional, you may have forgotten turning Fallback off?
WARNING: Shader Unsupported: 'Simulation/URP/Lit' - All subshaders removed
WARNING: Shader Did you use #pragma only_renderers and omit this platform?
WARNING: Shader If subshaders removal was intentional, you may have forgotten turning Fallback off?
WARNING: Shader Unsupported: 'Simulation/Standard Lit' - All subshaders removed
WARNING: Shader Did you use #pragma only_renderers and omit this platform?
WARNING: Shader If subshaders removal was intentional, you may have forgotten turning Fallback off?
WARNING: Shader Unsupported: 'Simulation/Room X-Ray' - All subshaders removed
WARNING: Shader Did you use #pragma only_renderers and omit this platform?
WARNING: Shader If subshaders removal was intentional, you may have forgotten turning Fallback off?
Unloading 6 Unused Serialized files (Serialized files now loaded: 0)
Unloading 4870 unused Assets / (4.0 MB). Loaded Objects now: 5477.
Memory consumption went from 103.9 MB to 99.9 MB.
Total: 7.904958 ms (FindLiveObjects: 0.330458 ms CreateObjectMapping: 0.153125 ms MarkObjects: 4.878625 ms  DeleteObjects: 2.541959 ms)

Prepare: number of updated asset objects reloaded= 0
========================================================================
Received Prepare
WARNING: Shader Unsupported: 'Hidden/Simulation/URP/Synthetic' - All subshaders removed
WARNING: Shader Did you use #pragma only_renderers and omit this platform?
WARNING: Shader If subshaders removal was intentional, you may have forgotten turning Fallback off?
WARNING: Shader Unsupported: 'Hidden/Simulation/Synthetic Lit' - All subshaders removed
WARNING: Shader Did you use #pragma only_renderers and omit this platform?
WARNING: Shader If subshaders removal was intentional, you may have forgotten turning Fallback off?
WARNING: Shader Unsupported: 'Simulation/URP/Room X-Ray' - All subshaders removed
WARNING: Shader Did you use #pragma only_renderers and omit this platform?
WARNING: Shader If subshaders removal was intentional, you may have forgotten turning Fallback off?
WARNING: Shader Unsupported: 'Simulation/URP/Lit' - All subshaders removed
WARNING: Shader Did you use #pragma only_renderers and omit this platform?
WARNING: Shader If subshaders removal was intentional, you may have forgotten turning Fallback off?
WARNING: Shader Unsupported: 'Simulation/Standard Lit' - All subshaders removed
WARNING: Shader Did you use #pragma only_renderers and omit this platform?
WARNING: Shader If subshaders removal was intentional, you may have forgotten turning Fallback off?
WARNING: Shader Unsupported: 'Simulation/Room X-Ray' - All subshaders removed
WARNING: Shader Did you use #pragma only_renderers and omit this platform?
WARNING: Shader If subshaders removal was intentional, you may have forgotten turning Fallback off?
Unloading 6 Unused Serialized files (Serialized files now loaded: 0)
Unloading 4932 unused Assets / (4.6 MB). Loaded Objects now: 5549.
Memory consumption went from 95.8 MB to 91.2 MB.
Total: 8.414959 ms (FindLiveObjects: 0.232583 ms CreateObjectMapping: 0.135208 ms MarkObjects: 5.957792 ms  DeleteObjects: 2.088542 ms)

Prepare: number of updated asset objects reloaded= 3
========================================================================
Received Prepare
[Licensing::Client] Successfully resolved entitlement details
Begin MonoManager ReloadAssembly
[Licensing::Client] Successfully resolved entitlement details
Thread 0x16f113000 may have been prematurely finalized
Assembly Assembly-CSharp-Editor-firstpass.dll at Library/ScriptAssemblies/Assembly-CSharp-Editor-firstpass.dll not valid. Loading of assembly skipped.
Assembly Assembly-CSharp-Editor.dll at Library/ScriptAssemblies/Assembly-CSharp-Editor.dll not valid. Loading of assembly skipped.
Assembly Assembly-CSharp-firstpass.dll at Library/ScriptAssemblies/Assembly-CSharp-firstpass.dll not valid. Loading of assembly skipped.
Assembly DocCodeExamples.dll at Library/ScriptAssemblies/DocCodeExamples.dll not valid. Loading of assembly skipped.
Assembly TestNewCustomAssembly.dll at Library/ScriptAssemblies/TestNewCustomAssembly.dll not valid. Loading of assembly skipped.
Assembly Unity.InputSystem.IntegrationTests.dll at Library/ScriptAssemblies/Unity.InputSystem.IntegrationTests.dll not valid. Loading of assembly skipped.
Assembly Unity.Mathematics.Tests.dll at Library/ScriptAssemblies/Unity.Mathematics.Tests.dll not valid. Loading of assembly skipped.
Assembly Unity.Multiplayer.Center.Editor.Tests.dll at Library/ScriptAssemblies/Unity.Multiplayer.Center.Editor.Tests.dll not valid. Loading of assembly skipped.
Assembly Unity.Multiplayer.Center.Tests.dll at Library/ScriptAssemblies/Unity.Multiplayer.Center.Tests.dll not valid. Loading of assembly skipped.
Assembly Unity.TextMeshPro.Editor.Tests.dll at Library/ScriptAssemblies/Unity.TextMeshPro.Editor.Tests.dll not valid. Loading of assembly skipped.
Assembly Unity.TextMeshPro.Tests.dll at Library/ScriptAssemblies/Unity.TextMeshPro.Tests.dll not valid. Loading of assembly skipped.
Assembly Unity.VSCode.Editor.dll at Library/ScriptAssemblies/Unity.VSCode.Editor.dll not valid. Loading of assembly skipped.
Assembly Unity.XR.ARCore.CodeSamples.Tests.dll at Library/ScriptAssemblies/Unity.XR.ARCore.CodeSamples.Tests.dll not valid. Loading of assembly skipped.
Assembly Unity.XR.ARCore.Editor.Tests.dll at Library/ScriptAssemblies/Unity.XR.ARCore.Editor.Tests.dll not valid. Loading of assembly skipped.
Assembly Unity.XR.ARCore.Runtime.Tests.dll at Library/ScriptAssemblies/Unity.XR.ARCore.Runtime.Tests.dll not valid. Loading of assembly skipped.
Assembly Unity.XR.ARFoundation.CodeSamples.Editor.Tests.dll at Library/ScriptAssemblies/Unity.XR.ARFoundation.CodeSamples.Editor.Tests.dll not valid. Loading of assembly skipped.
Assembly Unity.XR.ARFoundation.CodeSamples.Tests.dll at Library/ScriptAssemblies/Unity.XR.ARFoundation.CodeSamples.Tests.dll not valid. Loading of assembly skipped.
Assembly Unity.XR.ARFoundation.Editor.Tests.dll at Library/ScriptAssemblies/Unity.XR.ARFoundation.Editor.Tests.dll not valid. Loading of assembly skipped.
Assembly Unity.XR.ARFoundation.InternalUtils.Editor.Tests.dll at Library/ScriptAssemblies/Unity.XR.ARFoundation.InternalUtils.Editor.Tests.dll not valid. Loading of assembly skipped.
Assembly Unity.XR.ARFoundation.Runtime.Tests.dll at Library/ScriptAssemblies/Unity.XR.ARFoundation.Runtime.Tests.dll not valid. Loading of assembly skipped.
Assembly Unity.XR.ARKit.CodeSamples.Tests.dll at Library/ScriptAssemblies/Unity.XR.ARKit.CodeSamples.Tests.dll not valid. Loading of assembly skipped.
Assembly Unity.XR.ARKit.Editor.Tests.dll at Library/ScriptAssemblies/Unity.XR.ARKit.Editor.Tests.dll not valid. Loading of assembly skipped.
Assembly Unity.XR.ARKit.Runtime.Tests.dll at Library/ScriptAssemblies/Unity.XR.ARKit.Runtime.Tests.dll not valid. Loading of assembly skipped.
Assembly Unity.XR.ARSubsystems.Editor.Tests.dll at Library/ScriptAssemblies/Unity.XR.ARSubsystems.Editor.Tests.dll not valid. Loading of assembly skipped.
Assembly Unity.XR.CoreUtils.CodeSamples.Tests.dll at Library/ScriptAssemblies/Unity.XR.CoreUtils.CodeSamples.Tests.dll not valid. Loading of assembly skipped.
Assembly Unity.XR.CoreUtils.Editor.Tests.dll at Library/ScriptAssemblies/Unity.XR.CoreUtils.Editor.Tests.dll not valid. Loading of assembly skipped.
Assembly Unity.XR.CoreUtils.Tests.dll at Library/ScriptAssemblies/Unity.XR.CoreUtils.Tests.dll not valid. Loading of assembly skipped.
Assembly Unity.XR.Management.EditorTests.dll at Library/ScriptAssemblies/Unity.XR.Management.EditorTests.dll not valid. Loading of assembly skipped.
Assembly Unity.XR.Management.TestPackage.dll at Library/ScriptAssemblies/Unity.XR.Management.TestPackage.dll not valid. Loading of assembly skipped.
Assembly Unity.XR.Management.TestPackage.Editor.dll at Library/ScriptAssemblies/Unity.XR.Management.TestPackage.Editor.dll not valid. Loading of assembly skipped.
Assembly Unity.XR.Management.Tests.dll at Library/ScriptAssemblies/Unity.XR.Management.Tests.dll not valid. Loading of assembly skipped.
Assembly Unity.XR.Management.Tests.Standalone.dll at Library/ScriptAssemblies/Unity.XR.Management.Tests.Standalone.dll not valid. Loading of assembly skipped.
Assembly Unity.XR.Simulation.Editor.Tests.dll at Library/ScriptAssemblies/Unity.XR.Simulation.Editor.Tests.dll not valid. Loading of assembly skipped.
Assembly Unity.XR.Simulation.Runtime.Tests.dll at Library/ScriptAssemblies/Unity.XR.Simulation.Runtime.Tests.dll not valid. Loading of assembly skipped.
Assembly Unity.XR.TestSupport.dll at Library/ScriptAssemblies/Unity.XR.TestSupport.dll not valid. Loading of assembly skipped.
Assembly Unity.XR.TestTooling.Editor.Tests.dll at Library/ScriptAssemblies/Unity.XR.TestTooling.Editor.Tests.dll not valid. Loading of assembly skipped.
Assembly UnityEditor.UI.Common.Tests.dll at Library/ScriptAssemblies/UnityEditor.UI.Common.Tests.dll not valid. Loading of assembly skipped.
Assembly UnityEditor.UI.EditorTests.dll at Library/ScriptAssemblies/UnityEditor.UI.EditorTests.dll not valid. Loading of assembly skipped.
Assembly UnityEditor.XR.LegacyInputHelpers.Tests.dll at Library/ScriptAssemblies/UnityEditor.XR.LegacyInputHelpers.Tests.dll not valid. Loading of assembly skipped.
Assembly UnityEngine.SpatialTracking.Tests.dll at Library/ScriptAssemblies/UnityEngine.SpatialTracking.Tests.dll not valid. Loading of assembly skipped.
Assembly UnityEngine.UI.Tests.dll at Library/ScriptAssemblies/UnityEngine.UI.Tests.dll not valid. Loading of assembly skipped.
Native extension for iOS target not found
Native extension for Android target not found
Native extension for OSXStandalone target not found
[Package Manager] Failed to launch server process. Reason: Unity was launched with the -noUpm command-line argument
[Package Manager] Unable to send message (not connected to server process).
[Package Manager] Cannot connect to Unity Package Manager local server
[Package Manager] Failed to launch server process. Reason: Unity was launched with the -noUpm command-line argument
[Package Manager] Unable to send message (not connected to server process).
[Package Manager] Cannot connect to Unity Package Manager local server
ScheduleIndexationOnStartup MainProcess:False IndexOnStartup:True
Mono: successfully reloaded assembly
[Package Manager] Failed to launch server process. Reason: Unity was launched with the -noUpm command-line argument
[Package Manager] Unable to send message (not connected to server process).
[Package Manager] Cannot connect to Unity Package Manager local server
- Finished resetting the current domain, in  0.413 seconds
Domain Reload Profiling: 877ms
	BeginReloadAssembly (125ms)
		DisableScriptedObjects (3ms)
		CreateAndSetChildDomain (24ms)
	RebuildCommonClasses (27ms)
	RebuildNativeTypeToScriptingClass (11ms)
	initialDomainReloadingComplete (28ms)
	LoadAllAssembliesAndSetupDomain (272ms)
		LoadAssemblies (222ms)
		AnalyzeDomain (109ms)
			TypeCache.Refresh (10ms)
			BuildScriptInfoCaches (92ms)
			ResolveRequiredComponents (5ms)
	FinalizeReload (413ms)
		SetupLoadedEditorAssemblies (0ms)
			InitializePlatformSupportModulesInManaged (12ms)
			BeforeProcessingInitializeOnLoad (93ms)
			ProcessInitializeOnLoadAttributes (156ms)
			ProcessInitializeOnLoadMethodAttributes (31ms)
		AwakeInstancesAfterBackupRestoration (3ms)
WARNING: Shader Unsupported: 'Hidden/Simulation/URP/Synthetic' - All subshaders removed
WARNING: Shader Did you use #pragma only_renderers and omit this platform?
WARNING: Shader If subshaders removal was intentional, you may have forgotten turning Fallback off?
WARNING: Shader Unsupported: 'Hidden/Simulation/Synthetic Lit' - All subshaders removed
WARNING: Shader Did you use #pragma only_renderers and omit this platform?
WARNING: Shader If subshaders removal was intentional, you may have forgotten turning Fallback off?
WARNING: Shader Unsupported: 'Simulation/URP/Room X-Ray' - All subshaders removed
WARNING: Shader Did you use #pragma only_renderers and omit this platform?
WARNING: Shader If subshaders removal was intentional, you may have forgotten turning Fallback off?
WARNING: Shader Unsupported: 'Simulation/URP/Lit' - All subshaders removed
WARNING: Shader Did you use #pragma only_renderers and omit this platform?
WARNING: Shader If subshaders removal was intentional, you may have forgotten turning Fallback off?
WARNING: Shader Unsupported: 'Simulation/Standard Lit' - All subshaders removed
WARNING: Shader Did you use #pragma only_renderers and omit this platform?
WARNING: Shader If subshaders removal was intentional, you may have forgotten turning Fallback off?
WARNING: Shader Unsupported: 'Simulation/Room X-Ray' - All subshaders removed
WARNING: Shader Did you use #pragma only_renderers and omit this platform?
WARNING: Shader If subshaders removal was intentional, you may have forgotten turning Fallback off?
Unloading 8 Unused Serialized files (Serialized files now loaded: 0)
Unloading 4946 unused Assets / (3.8 MB). Loaded Objects now: 5558.
Memory consumption went from 104.8 MB to 101.0 MB.
Total: 6.703250 ms (FindLiveObjects: 0.315041 ms CreateObjectMapping: 0.155209 ms MarkObjects: 4.255375 ms  DeleteObjects: 1.977083 ms)

Prepare: number of updated asset objects reloaded= 5
========================================================================
Received Prepare
WARNING: Shader Unsupported: 'Hidden/Simulation/URP/Synthetic' - All subshaders removed
WARNING: Shader Did you use #pragma only_renderers and omit this platform?
WARNING: Shader If subshaders removal was intentional, you may have forgotten turning Fallback off?
WARNING: Shader Unsupported: 'Hidden/Simulation/Synthetic Lit' - All subshaders removed
WARNING: Shader Did you use #pragma only_renderers and omit this platform?
WARNING: Shader If subshaders removal was intentional, you may have forgotten turning Fallback off?
WARNING: Shader Unsupported: 'Simulation/URP/Room X-Ray' - All subshaders removed
WARNING: Shader Did you use #pragma only_renderers and omit this platform?
WARNING: Shader If subshaders removal was intentional, you may have forgotten turning Fallback off?
WARNING: Shader Unsupported: 'Simulation/URP/Lit' - All subshaders removed
WARNING: Shader Did you use #pragma only_renderers and omit this platform?
WARNING: Shader If subshaders removal was intentional, you may have forgotten turning Fallback off?
WARNING: Shader Unsupported: 'Simulation/Standard Lit' - All subshaders removed
WARNING: Shader Did you use #pragma only_renderers and omit this platform?
WARNING: Shader If subshaders removal was intentional, you may have forgotten turning Fallback off?
WARNING: Shader Unsupported: 'Simulation/Room X-Ray' - All subshaders removed
WARNING: Shader Did you use #pragma only_renderers and omit this platform?
WARNING: Shader If subshaders removal was intentional, you may have forgotten turning Fallback off?
xcrun: error: sh -c '/Applications/Xcode.app/Contents/Developer/usr/bin/xcodebuild -sdk /Applications/Xcode.app/Contents/Developer/Platforms/MacOSX.platform/Developer/SDKs/MacOSX.sdk -find metal-objdump 2> /dev/null' failed with exit code 17664: (null) (errno=Invalid argument)
xcrun: error: unable to find utility "metal-objdump", not a developer tool or in PATH
error: error: cannot execute tool 'metal' due to missing Metal Toolchain; use: xcodebuild -downloadComponent MetalToolchain
error: error: cannot execute tool 'metal' due to missing Metal Toolchain; use: xcodebuild -downloadComponent MetalToolchain
error: error: cannot execute tool 'metal' due to missing Metal Toolchain; use: xcodebuild -downloadComponent MetalToolchain
error: error: cannot execute tool 'metal' due to missing Metal Toolchain; use: xcodebuild -downloadComponent MetalToolchain
error: error: cannot execute tool 'metal' due to missing Metal Toolchain; use: xcodebuild -downloadComponent MetalToolchain
error: error: cannot execute tool 'metal' due to missing Metal Toolchain; use: xcodebuild -downloadComponent MetalToolchain
error: error: cannot execute tool 'metal' due to missing Metal Toolchain; use: xcodebuild -downloadComponent MetalToolchain
error: error: cannot execute tool 'metal' due to missing Metal Toolchain; use: xcodebuild -downloadComponent MetalToolchain
error: error: cannot execute tool 'metal' due to missing Metal Toolchain; use: xcodebuild -downloadComponent MetalToolchain
error: error: cannot execute tool 'metal' due to missing Metal Toolchain; use: xcodebuild -downloadComponent MetalToolchain
error: error: cannot execute tool 'metal' due to missing Metal Toolchain; use: xcodebuild -downloadComponent MetalToolchain
error: error: cannot execute tool 'metal' due to missing Metal Toolchain; use: xcodebuild -downloadComponent MetalToolchain
error: error: cannot execute tool 'metal' due to missing Metal Toolchain; use: xcodebuild -downloadComponent MetalToolchain
error: error: cannot execute tool 'metal' due to missing Metal Toolchain; use: xcodebuild -downloadComponent MetalToolchain
error: error: cannot execute tool 'metal' due to missing Metal Toolchain; use: xcodebuild -downloadComponent MetalToolchain
error: error: cannot execute tool 'metal' due to missing Metal Toolchain; use: xcodebuild -downloadComponent MetalToolchain
error: error: cannot execute tool 'metal' due to missing Metal Toolchain; use: xcodebuild -downloadComponent MetalToolchain
error: error: cannot execute tool 'metal' due to missing Metal Toolchain; use: xcodebuild -downloadComponent MetalToolchain
error: error: cannot execute tool 'metal' due to missing Metal Toolchain; use: xcodebuild -downloadComponent MetalToolchain
error: error: cannot execute tool 'metal' due to missing Metal Toolchain; use: xcodebuild -downloadComponent MetalToolchain
error: error: cannot execute tool 'metal' due to missing Metal Toolchain; use: xcodebuild -downloadComponent MetalToolchain
error: error: cannot execute tool 'metal' due to missing Metal Toolchain; use: xcodebuild -downloadComponent MetalToolchain
error: error: cannot execute tool 'metal' due to missing Metal Toolchain; use: xcodebuild -downloadComponent MetalToolchain
error: error: cannot execute tool 'metal' due to missing Metal Toolchain; use: xcodebuild -downloadComponent MetalToolchain
error: error: cannot execute tool 'metal' due to missing Metal Toolchain; use: xcodebuild -downloadComponent MetalToolchain
error: error: cannot execute tool 'metal' due to missing Metal Toolchain; use: xcodebuild -downloadComponent MetalToolchain
error: error: cannot execute tool 'metal' due to missing Metal Toolchain; use: xcodebuild -downloadComponent MetalToolchain
error: error: cannot execute tool 'metal' due to missing Metal Toolchain; use: xcodebuild -downloadComponent MetalToolchain
Unloading 8 Unused Serialized files (Serialized files now loaded: 0)
Unloading 8 unused Assets / (1.5 MB). Loaded Objects now: 5559.
Memory consumption went from 93.8 MB to 92.3 MB.
Total: 13.446416 ms (FindLiveObjects: 0.261292 ms CreateObjectMapping: 0.076583 ms MarkObjects: 12.133583 ms  DeleteObjects: 0.973041 ms)

Prepare: number of updated asset objects reloaded= 5
EnvironmentDependencyValues requested are different than current active one (requested -> active):
  graphicsApiMask: 2099200 -> 2164736
========================================================================
Received Prepare
WARNING: Shader Unsupported: 'Hidden/Simulation/URP/Synthetic' - All subshaders removed
WARNING: Shader Did you use #pragma only_renderers and omit this platform?
WARNING: Shader If subshaders removal was intentional, you may have forgotten turning Fallback off?
WARNING: Shader Unsupported: 'Hidden/Simulation/Synthetic Lit' - All subshaders removed
WARNING: Shader Did you use #pragma only_renderers and omit this platform?
WARNING: Shader If subshaders removal was intentional, you may have forgotten turning Fallback off?
WARNING: Shader Unsupported: 'Simulation/URP/Room X-Ray' - All subshaders removed
WARNING: Shader Did you use #pragma only_renderers and omit this platform?
WARNING: Shader If subshaders removal was intentional, you may have forgotten turning Fallback off?
WARNING: Shader Unsupported: 'Simulation/URP/Lit' - All subshaders removed
WARNING: Shader Did you use #pragma only_renderers and omit this platform?
WARNING: Shader If subshaders removal was intentional, you may have forgotten turning Fallback off?
WARNING: Shader Unsupported: 'Simulation/Standard Lit' - All subshaders removed
WARNING: Shader Did you use #pragma only_renderers and omit this platform?
WARNING: Shader If subshaders removal was intentional, you may have forgotten turning Fallback off?
WARNING: Shader Unsupported: 'Simulation/Room X-Ray' - All subshaders removed
WARNING: Shader Did you use #pragma only_renderers and omit this platform?
WARNING: Shader If subshaders removal was intentional, you may have forgotten turning Fallback off?
Unloading 8 Unused Serialized files (Serialized files now loaded: 0)
Unloading 8 unused Assets / (1.6 MB). Loaded Objects now: 5562.
Memory consumption went from 93.9 MB to 92.3 MB.
Total: 5.552292 ms (FindLiveObjects: 0.199625 ms CreateObjectMapping: 0.078708 ms MarkObjects: 4.418084 ms  DeleteObjects: 0.855500 ms)

Prepare: number of updated asset objects reloaded= 0
EnvironmentDependencyValues requested are different than current active one (requested -> active):
  graphicsApiMask: 2099200 -> 2164736
========================================================================
Received Prepare
[Licensing::Client] Successfully resolved entitlement details
Begin MonoManager ReloadAssembly
[Licensing::Client] Successfully resolved entitlement details
Thread 0x16f113000 may have been prematurely finalized
Assembly Assembly-CSharp-Editor-firstpass.dll at Library/ScriptAssemblies/Assembly-CSharp-Editor-firstpass.dll not valid. Loading of assembly skipped.
Assembly Assembly-CSharp-Editor.dll at Library/ScriptAssemblies/Assembly-CSharp-Editor.dll not valid. Loading of assembly skipped.
Assembly Assembly-CSharp-firstpass.dll at Library/ScriptAssemblies/Assembly-CSharp-firstpass.dll not valid. Loading of assembly skipped.
Assembly DocCodeExamples.dll at Library/ScriptAssemblies/DocCodeExamples.dll not valid. Loading of assembly skipped.
Assembly TestNewCustomAssembly.dll at Library/ScriptAssemblies/TestNewCustomAssembly.dll not valid. Loading of assembly skipped.
Assembly Unity.InputSystem.IntegrationTests.dll at Library/ScriptAssemblies/Unity.InputSystem.IntegrationTests.dll not valid. Loading of assembly skipped.
Assembly Unity.Mathematics.Tests.dll at Library/ScriptAssemblies/Unity.Mathematics.Tests.dll not valid. Loading of assembly skipped.
Assembly Unity.Multiplayer.Center.Editor.Tests.dll at Library/ScriptAssemblies/Unity.Multiplayer.Center.Editor.Tests.dll not valid. Loading of assembly skipped.
Assembly Unity.Multiplayer.Center.Tests.dll at Library/ScriptAssemblies/Unity.Multiplayer.Center.Tests.dll not valid. Loading of assembly skipped.
Assembly Unity.TextMeshPro.Editor.Tests.dll at Library/ScriptAssemblies/Unity.TextMeshPro.Editor.Tests.dll not valid. Loading of assembly skipped.
Assembly Unity.TextMeshPro.Tests.dll at Library/ScriptAssemblies/Unity.TextMeshPro.Tests.dll not valid. Loading of assembly skipped.
Assembly Unity.VSCode.Editor.dll at Library/ScriptAssemblies/Unity.VSCode.Editor.dll not valid. Loading of assembly skipped.
Assembly Unity.XR.ARCore.CodeSamples.Tests.dll at Library/ScriptAssemblies/Unity.XR.ARCore.CodeSamples.Tests.dll not valid. Loading of assembly skipped.
Assembly Unity.XR.ARCore.Editor.Tests.dll at Library/ScriptAssemblies/Unity.XR.ARCore.Editor.Tests.dll not valid. Loading of assembly skipped.
Assembly Unity.XR.ARCore.Runtime.Tests.dll at Library/ScriptAssemblies/Unity.XR.ARCore.Runtime.Tests.dll not valid. Loading of assembly skipped.
Assembly Unity.XR.ARFoundation.CodeSamples.Editor.Tests.dll at Library/ScriptAssemblies/Unity.XR.ARFoundation.CodeSamples.Editor.Tests.dll not valid. Loading of assembly skipped.
Assembly Unity.XR.ARFoundation.CodeSamples.Tests.dll at Library/ScriptAssemblies/Unity.XR.ARFoundation.CodeSamples.Tests.dll not valid. Loading of assembly skipped.
Assembly Unity.XR.ARFoundation.Editor.Tests.dll at Library/ScriptAssemblies/Unity.XR.ARFoundation.Editor.Tests.dll not valid. Loading of assembly skipped.
Assembly Unity.XR.ARFoundation.InternalUtils.Editor.Tests.dll at Library/ScriptAssemblies/Unity.XR.ARFoundation.InternalUtils.Editor.Tests.dll not valid. Loading of assembly skipped.
Assembly Unity.XR.ARFoundation.Runtime.Tests.dll at Library/ScriptAssemblies/Unity.XR.ARFoundation.Runtime.Tests.dll not valid. Loading of assembly skipped.
Assembly Unity.XR.ARKit.CodeSamples.Tests.dll at Library/ScriptAssemblies/Unity.XR.ARKit.CodeSamples.Tests.dll not valid. Loading of assembly skipped.
Assembly Unity.XR.ARKit.Editor.Tests.dll at Library/ScriptAssemblies/Unity.XR.ARKit.Editor.Tests.dll not valid. Loading of assembly skipped.
Assembly Unity.XR.ARKit.Runtime.Tests.dll at Library/ScriptAssemblies/Unity.XR.ARKit.Runtime.Tests.dll not valid. Loading of assembly skipped.
Assembly Unity.XR.ARSubsystems.Editor.Tests.dll at Library/ScriptAssemblies/Unity.XR.ARSubsystems.Editor.Tests.dll not valid. Loading of assembly skipped.
Assembly Unity.XR.CoreUtils.CodeSamples.Tests.dll at Library/ScriptAssemblies/Unity.XR.CoreUtils.CodeSamples.Tests.dll not valid. Loading of assembly skipped.
Assembly Unity.XR.CoreUtils.Editor.Tests.dll at Library/ScriptAssemblies/Unity.XR.CoreUtils.Editor.Tests.dll not valid. Loading of assembly skipped.
Assembly Unity.XR.CoreUtils.Tests.dll at Library/ScriptAssemblies/Unity.XR.CoreUtils.Tests.dll not valid. Loading of assembly skipped.
Assembly Unity.XR.Management.EditorTests.dll at Library/ScriptAssemblies/Unity.XR.Management.EditorTests.dll not valid. Loading of assembly skipped.
Assembly Unity.XR.Management.TestPackage.dll at Library/ScriptAssemblies/Unity.XR.Management.TestPackage.dll not valid. Loading of assembly skipped.
Assembly Unity.XR.Management.TestPackage.Editor.dll at Library/ScriptAssemblies/Unity.XR.Management.TestPackage.Editor.dll not valid. Loading of assembly skipped.
Assembly Unity.XR.Management.Tests.dll at Library/ScriptAssemblies/Unity.XR.Management.Tests.dll not valid. Loading of assembly skipped.
Assembly Unity.XR.Management.Tests.Standalone.dll at Library/ScriptAssemblies/Unity.XR.Management.Tests.Standalone.dll not valid. Loading of assembly skipped.
Assembly Unity.XR.Simulation.Editor.Tests.dll at Library/ScriptAssemblies/Unity.XR.Simulation.Editor.Tests.dll not valid. Loading of assembly skipped.
Assembly Unity.XR.Simulation.Runtime.Tests.dll at Library/ScriptAssemblies/Unity.XR.Simulation.Runtime.Tests.dll not valid. Loading of assembly skipped.
Assembly Unity.XR.TestSupport.dll at Library/ScriptAssemblies/Unity.XR.TestSupport.dll not valid. Loading of assembly skipped.
Assembly Unity.XR.TestTooling.Editor.Tests.dll at Library/ScriptAssemblies/Unity.XR.TestTooling.Editor.Tests.dll not valid. Loading of assembly skipped.
Assembly UnityEditor.UI.Common.Tests.dll at Library/ScriptAssemblies/UnityEditor.UI.Common.Tests.dll not valid. Loading of assembly skipped.
Assembly UnityEditor.UI.EditorTests.dll at Library/ScriptAssemblies/UnityEditor.UI.EditorTests.dll not valid. Loading of assembly skipped.
Assembly UnityEditor.XR.LegacyInputHelpers.Tests.dll at Library/ScriptAssemblies/UnityEditor.XR.LegacyInputHelpers.Tests.dll not valid. Loading of assembly skipped.
Assembly UnityEngine.SpatialTracking.Tests.dll at Library/ScriptAssemblies/UnityEngine.SpatialTracking.Tests.dll not valid. Loading of assembly skipped.
Assembly UnityEngine.UI.Tests.dll at Library/ScriptAssemblies/UnityEngine.UI.Tests.dll not valid. Loading of assembly skipped.
Native extension for iOS target not found
Native extension for Android target not found
Native extension for OSXStandalone target not found
[Package Manager] Failed to launch server process. Reason: Unity was launched with the -noUpm command-line argument
[Package Manager] Unable to send message (not connected to server process).
[Package Manager] Cannot connect to Unity Package Manager local server
[Package Manager] Failed to launch server process. Reason: Unity was launched with the -noUpm command-line argument
[Package Manager] Unable to send message (not connected to server process).
[Package Manager] Cannot connect to Unity Package Manager local server
ScheduleIndexationOnStartup MainProcess:False IndexOnStartup:True
Mono: successfully reloaded assembly
[Package Manager] Failed to launch server process. Reason: Unity was launched with the -noUpm command-line argument
[Package Manager] Unable to send message (not connected to server process).
[Package Manager] Cannot connect to Unity Package Manager local server
- Finished resetting the current domain, in  0.421 seconds
Domain Reload Profiling: 960ms
	BeginReloadAssembly (163ms)
		DisableScriptedObjects (7ms)
		CreateAndSetChildDomain (50ms)
	RebuildCommonClasses (33ms)
	RebuildNativeTypeToScriptingClass (11ms)
	initialDomainReloadingComplete (36ms)
	LoadAllAssembliesAndSetupDomain (295ms)
		LoadAssemblies (209ms)
		AnalyzeDomain (137ms)
			TypeCache.Refresh (73ms)
				TypeCache.ScanAssembly (60ms)
			BuildScriptInfoCaches (58ms)
			ResolveRequiredComponents (5ms)
	FinalizeReload (421ms)
		SetupLoadedEditorAssemblies (0ms)
			InitializePlatformSupportModulesInManaged (13ms)
			BeforeProcessingInitializeOnLoad (93ms)
			ProcessInitializeOnLoadAttributes (158ms)
			ProcessInitializeOnLoadMethodAttributes (37ms)
		AwakeInstancesAfterBackupRestoration (3ms)
WARNING: Shader Unsupported: 'Hidden/Simulation/URP/Synthetic' - All subshaders removed
WARNING: Shader Did you use #pragma only_renderers and omit this platform?
WARNING: Shader If subshaders removal was intentional, you may have forgotten turning Fallback off?
WARNING: Shader Unsupported: 'Hidden/Simulation/Synthetic Lit' - All subshaders removed
WARNING: Shader Did you use #pragma only_renderers and omit this platform?
WARNING: Shader If subshaders removal was intentional, you may have forgotten turning Fallback off?
WARNING: Shader Unsupported: 'Simulation/URP/Room X-Ray' - All subshaders removed
WARNING: Shader Did you use #pragma only_renderers and omit this platform?
WARNING: Shader If subshaders removal was intentional, you may have forgotten turning Fallback off?
WARNING: Shader Unsupported: 'Simulation/URP/Lit' - All subshaders removed
WARNING: Shader Did you use #pragma only_renderers and omit this platform?
WARNING: Shader If subshaders removal was intentional, you may have forgotten turning Fallback off?
WARNING: Shader Unsupported: 'Simulation/Standard Lit' - All subshaders removed
WARNING: Shader Did you use #pragma only_renderers and omit this platform?
WARNING: Shader If subshaders removal was intentional, you may have forgotten turning Fallback off?
WARNING: Shader Unsupported: 'Simulation/Room X-Ray' - All subshaders removed
WARNING: Shader Did you use #pragma only_renderers and omit this platform?
WARNING: Shader If subshaders removal was intentional, you may have forgotten turning Fallback off?
Unloading 8 Unused Serialized files (Serialized files now loaded: 0)
Unloading 4946 unused Assets / (3.8 MB). Loaded Objects now: 5563.
Memory consumption went from 105.0 MB to 101.3 MB.
Total: 7.041542 ms (FindLiveObjects: 0.282250 ms CreateObjectMapping: 0.148500 ms MarkObjects: 4.488167 ms  DeleteObjects: 2.122250 ms)

Prepare: number of updated asset objects reloaded= 0
EnvironmentDependencyValues requested are different than current active one (requested -> active):
  graphicsApiMask: 2099200 -> 2164736
