Unity Editor version:    6000.4.0f1 (8cf496087c8f)
Branch:                  6000.4/staging
Build type:              Release
Batch mode:              YES
macOS version:           Version 26.3.1 (Build 25D2128)
Darwin version:          25.3.0
Architecture:            arm64
Running under Rosetta:   NO
Available memory:        16384 MB
Date:                    2026-04-26T02:44:01Z
[Licensing::Module] Trying to connect to existing licensing client channel...
[Licensing::IpcConnector] Successfully connected to: "LicenseClient-shiny" at "2026-04-26T02:44:01.424587Z"

COMMAND LINE ARGUMENTS:
/Applications/Unity/Hub/Editor/2020.3.3f1/6000.4.0f1/Unity.app/Contents/MacOS/Unity
-adb2
-batchMode
-noUpm
-name
AssetImportWorker1
-projectPath
/Users/shiny/Documents/GitHub/unity-ar/unity/WorldOrigin
-logFile
Logs/AssetImportWorker1.log
-srvPort
54994
-licensingIpc
LicenseClient-shiny
-force-metal
-job-worker-count
3
-background-job-worker-count
8
-gc-helper-count
1
-name AssetImport
Successfully changed project path to: /Users/shiny/Documents/GitHub/unity-ar/unity/WorldOrigin
/Users/shiny/Documents/GitHub/unity-ar/unity/WorldOrigin
[UnityMemory] Configuration Parameters - Can be set up in boot.config
    "memorysetup-temp-allocator-size-gi-baking-worker=262144"
    "memorysetup-temp-allocator-size-gi-baking-worker=262144"
    "memorysetup-temp-allocator-size-gi-baking-worker=262144"
    "memorysetup-temp-allocator-size-gi-baking-worker=262144"
    "memorysetup-temp-allocator-size-gi-baking-worker=262144"
    "memorysetup-temp-allocator-size-nav-mesh-worker=65536"
    "memorysetup-temp-allocator-size-audio-worker=65536"
    "memorysetup-temp-allocator-size-cloud-worker=32768"
    "memorysetup-allocator-temp-initial-block-size-main=262144"
    "memorysetup-allocator-temp-initial-block-size-worker=262144"
    "memorysetup-temp-allocator-size-background-worker=32768"
    "memorysetup-temp-allocator-size-job-worker=262144"
    "memorysetup-temp-allocator-size-preload-manager=33554432"
    "memorysetup-temp-allocator-size-gfx=262144"
    "memorysetup-bucket-allocator-granularity=16"
    "memorysetup-bucket-allocator-bucket-count=8"
    "memorysetup-bucket-allocator-block-size=33554432"
    "memorysetup-bucket-allocator-block-count=8"
    "memorysetup-main-allocator-block-size=16777216"
    "memorysetup-thread-allocator-block-size=16777216"
    "memorysetup-gfx-main-allocator-block-size=16777216"
    "memorysetup-gfx-thread-allocator-block-size=16777216"
    "memorysetup-cache-allocator-block-size=4194304"
    "memorysetup-typetree-allocator-block-size=2097152"
    "memorysetup-profiler-bucket-allocator-granularity=16"
    "memorysetup-profiler-bucket-allocator-bucket-count=8"
    "memorysetup-profiler-bucket-allocator-block-size=33554432"
    "memorysetup-profiler-bucket-allocator-block-count=8"
    "memorysetup-profiler-allocator-block-size=16777216"
    "memorysetup-profiler-editor-allocator-block-size=1048576"
    "memorysetup-temp-allocator-size-main=16777216"
    "memorysetup-job-temp-allocator-block-size=2097152"
    "memorysetup-job-temp-allocator-block-size-background=1048576"
    "memorysetup-job-temp-allocator-reduction-small-platforms=262144"
Player connection [8756982016]  Target information:

Player connection [8756982016]  * "[IP] 192.168.0.186 [Port] 0 [Flags] 2 [Guid] 749315986 [EditorId] 749315986 [Version] 1048832 [Id] OSXEditor(0,araoshinyanoMacBook-Air.local) [Debug] 1 [PackageName] OSXEditor [ProjectName] Editor" 

Player connection [8756982016] Host joined multi-casting on [225.0.0.222:54997]...
Player connection [8756982016] Host joined alternative multi-casting on [225.0.0.222:34997]...
JobSystem: Creating JobQueue using job-worker-count value 3
Input System module state changed to: Initialized.
[Physics::Module] Initialized fallback backend.
[Physics::Module] Id: 0xdecafbad
Library Redirect Path: Library/
[Physics::Module] Selected backend.
[Physics::Module] Name: PhysX
[Physics::Module] Id: 0xf2b8ea05
[Physics::Module] SDK Version: 4.1.2
[Physics::Module] Integration Version: 1.0.0
[Physics::Module] Threading Mode: Multi-Threaded
[Licensing::Module] Licensing is not yet initialized.
[Licensing::Client] Error: HandshakeResponse reported an error:
	ResponseCode: 505
	ResponseStatus: Unsupported protocol version '1.18.1'.
[Licensing::Module] Error: Failed to handshake to channel: "LicenseClient-shiny"
[Licensing::IpcConnector] LicenseClient-shiny channel disconnected successfully.
[Licensing::IpcConnector] Successfully connected to: "LicenseClient-shiny-6000.4.0" at "2026-04-26T02:44:02.073514Z"
[Licensing::Client] Handshaking with LicensingClient:
  Version:                 1.18.1+9fbee8e
  Session Id:              e17b235ad3904eba8a6297795f987664
  Correlation Id:          f03561a8769697f3978078605dd0d546
  External correlation Id: 5744613064194329372
  Machine Id:              cEUd2IGX3mUPoy76UqRmMR9jX7k=
[Licensing::Module] Successfully connected to LicensingClient on channel: "LicenseClient-shiny-6000.4.0" (connect: 0.00s, validation: 0.00s, handshake: 0.55s)
[Licensing::IpcConnector] Successfully connected to: "LicenseClient-shiny-6000.4.0-notifications" at "2026-04-26T02:44:02.621258Z"
[Licensing::Module] Licensing Background thread has ended after 1.20s
[Licensing::Module] Licensing is initialized (took 0.82s).
[Licensing::Client] Successfully resolved entitlement details
[Licensing::Module] License group:
  Id: 15668237654568-UnityPersXXXX
  Product: Unity Personal
  Type: Assigned
  Expiration: Unlimited
Refreshing native plugins compatible for Editor in 15.46 ms, found 9 plugins.
Initialize engine version: 6000.4.0f1 (8cf496087c8f)
[Subsystems] Discovering subsystems at path /Applications/Unity/Hub/Editor/2020.3.3f1/6000.4.0f1/Unity.app/Contents/Resources/UnitySubsystems
[Subsystems] Discovering subsystems at path /Users/shiny/Documents/GitHub/unity-ar/unity/WorldOrigin/Assets
Forcing GfxDevice: Metal
GfxDevice: creating device client; kGfxThreadingModeNonThreaded
 preferred device: Apple M1 (high power)
Metal devices available: 1
0: Apple M1 (high power)
Using device Apple M1 (high power)
Initializing Metal device caps: Apple M1
Mac GPU Family: 2
Apple GPU Family: 7
MSL Version: 3.0
Has Float MSAA: 1
Has Float Filtering: 1
ReadWrite Texture Tier: 2
Initialize mono
Mono path[0] = '/Applications/Unity/Hub/Editor/2020.3.3f1/6000.4.0f1/Unity.app/Contents/Resources/Scripting/Managed'
Mono path[1] = '/Applications/Unity/Hub/Editor/2020.3.3f1/6000.4.0f1/Unity.app/Contents/Resources/Scripting/MonoBleedingEdge/lib/mono/unityjit-macos'
Mono config path = '/Applications/Unity/Hub/Editor/2020.3.3f1/6000.4.0f1/Unity.app/Contents/Resources/Scripting/MonoBleedingEdge/etc'
Using monoOptions --debugger-agent=transport=dt_socket,embedding=1,server=y,suspend=n,address=127.0.0.1:56868
CodeReloadManager initialized
Begin MonoManager ReloadAssembly
Registering precompiled unity dll's ...
Register platform support module: /Applications/Unity/Hub/Editor/2020.3.3f1/6000.4.0f1/Unity.app/Contents/PlaybackEngines/MacStandaloneSupport/UnityEditor.OSXStandalone.Extensions.dll
[Licensing::Client] Successfully resolved entitlement details
Register platform support module: /Applications/Unity/Hub/Editor/2020.3.3f1/6000.4.0f1/PlaybackEngines/AndroidPlayer/UnityEditor.Android.Extensions.dll
Register platform support module: /Applications/Unity/Hub/Editor/2020.3.3f1/6000.4.0f1/PlaybackEngines/iOSSupport/UnityEditor.iOS.Extensions.dll
Registered in 0.001910 seconds.
[usbmuxd] Start listen thread
[usbmuxd] Listen thread started
[usbmuxd] Send listen message
Native extension for iOS target not found
Native extension for Android target not found
Android Extension - Scanning For ADB Devices 92 ms
Native extension for OSXStandalone target not found
Package Manager log level set to [2]
[Package Manager] Failed to launch server process. Reason: Unity was launched with the -noUpm command-line argument
[Package Manager] Unable to send message (not connected to server process).
[Package Manager] Cannot connect to Unity Package Manager local server
ScheduleIndexationOnStartup MainProcess:False IndexOnStartup:True
Mono: successfully reloaded assembly
- Finished resetting the current domain, in  0.419 seconds
Domain Reload Profiling: 742ms
	BeginReloadAssembly (84ms)
	RebuildCommonClasses (27ms)
	RebuildNativeTypeToScriptingClass (11ms)
	initialDomainReloadingComplete (43ms)
	LoadAllAssembliesAndSetupDomain (157ms)
		LoadAssemblies (84ms)
		AnalyzeDomain (149ms)
			TypeCache.Refresh (148ms)
				TypeCache.ScanAssembly (135ms)
	FinalizeReload (419ms)
		SetupLoadedEditorAssemblies (0ms)
			InitializePlatformSupportModulesInManaged (182ms)
			BeforeProcessingInitializeOnLoad (64ms)
			ProcessInitializeOnLoadAttributes (66ms)
			ProcessInitializeOnLoadMethodAttributes (54ms)
[CoreBusinessMetrics] Unexpected thread when updating session info.
========================================================================
Worker process is ready to serve import requests
Import Worker Mode flag is 0x00
Begin MonoManager ReloadAssembly
[Licensing::Client] Successfully resolved entitlement details
Assembly Assembly-CSharp-Editor-firstpass.dll at Library/ScriptAssemblies/Assembly-CSharp-Editor-firstpass.dll not valid. Loading of assembly skipped.
Assembly Assembly-CSharp-Editor.dll at Library/ScriptAssemblies/Assembly-CSharp-Editor.dll not valid. Loading of assembly skipped.
Assembly Assembly-CSharp-firstpass.dll at Library/ScriptAssemblies/Assembly-CSharp-firstpass.dll not valid. Loading of assembly skipped.
Assembly DocCodeExamples.dll at Library/ScriptAssemblies/DocCodeExamples.dll not valid. Loading of assembly skipped.
Assembly TestNewCustomAssembly.dll at Library/ScriptAssemblies/TestNewCustomAssembly.dll not valid. Loading of assembly skipped.
Assembly Unity.InputSystem.IntegrationTests.dll at Library/ScriptAssemblies/Unity.InputSystem.IntegrationTests.dll not valid. Loading of assembly skipped.
Assembly Unity.Mathematics.Tests.dll at Library/ScriptAssemblies/Unity.Mathematics.Tests.dll not valid. Loading of assembly skipped.
Assembly Unity.Multiplayer.Center.Editor.Tests.dll at Library/ScriptAssemblies/Unity.Multiplayer.Center.Editor.Tests.dll not valid. Loading of assembly skipped.
Assembly Unity.Multiplayer.Center.Tests.dll at Library/ScriptAssemblies/Unity.Multiplayer.Center.Tests.dll not valid. Loading of assembly skipped.
Assembly Unity.TextMeshPro.Editor.Tests.dll at Library/ScriptAssemblies/Unity.TextMeshPro.Editor.Tests.dll not valid. Loading of assembly skipped.
Assembly Unity.TextMeshPro.Tests.dll at Library/ScriptAssemblies/Unity.TextMeshPro.Tests.dll not valid. Loading of assembly skipped.
Assembly Unity.XR.ARCore.CodeSamples.Tests.dll at Library/ScriptAssemblies/Unity.XR.ARCore.CodeSamples.Tests.dll not valid. Loading of assembly skipped.
Assembly Unity.XR.ARCore.Editor.Tests.dll at Library/ScriptAssemblies/Unity.XR.ARCore.Editor.Tests.dll not valid. Loading of assembly skipped.
Assembly Unity.XR.ARCore.Runtime.Tests.dll at Library/ScriptAssemblies/Unity.XR.ARCore.Runtime.Tests.dll not valid. Loading of assembly skipped.
Assembly Unity.XR.ARFoundation.CodeSamples.Editor.Tests.dll at Library/ScriptAssemblies/Unity.XR.ARFoundation.CodeSamples.Editor.Tests.dll not valid. Loading of assembly skipped.
Assembly Unity.XR.ARFoundation.CodeSamples.Tests.dll at Library/ScriptAssemblies/Unity.XR.ARFoundation.CodeSamples.Tests.dll not valid. Loading of assembly skipped.
Assembly Unity.XR.ARFoundation.Editor.Tests.dll at Library/ScriptAssemblies/Unity.XR.ARFoundation.Editor.Tests.dll not valid. Loading of assembly skipped.
Assembly Unity.XR.ARFoundation.InternalUtils.Editor.Tests.dll at Library/ScriptAssemblies/Unity.XR.ARFoundation.InternalUtils.Editor.Tests.dll not valid. Loading of assembly skipped.
Assembly Unity.XR.ARFoundation.Runtime.Tests.dll at Library/ScriptAssemblies/Unity.XR.ARFoundation.Runtime.Tests.dll not valid. Loading of assembly skipped.
Assembly Unity.XR.ARKit.CodeSamples.Tests.dll at Library/ScriptAssemblies/Unity.XR.ARKit.CodeSamples.Tests.dll not valid. Loading of assembly skipped.
Assembly Unity.XR.ARKit.Editor.Tests.dll at Library/ScriptAssemblies/Unity.XR.ARKit.Editor.Tests.dll not valid. Loading of assembly skipped.
Assembly Unity.XR.ARKit.Runtime.Tests.dll at Library/ScriptAssemblies/Unity.XR.ARKit.Runtime.Tests.dll not valid. Loading of assembly skipped.
Assembly Unity.XR.ARSubsystems.Editor.Tests.dll at Library/ScriptAssemblies/Unity.XR.ARSubsystems.Editor.Tests.dll not valid. Loading of assembly skipped.
Assembly Unity.XR.CoreUtils.CodeSamples.Tests.dll at Library/ScriptAssemblies/Unity.XR.CoreUtils.CodeSamples.Tests.dll not valid. Loading of assembly skipped.
Assembly Unity.XR.CoreUtils.Editor.Tests.dll at Library/ScriptAssemblies/Unity.XR.CoreUtils.Editor.Tests.dll not valid. Loading of assembly skipped.
Assembly Unity.XR.CoreUtils.Tests.dll at Library/ScriptAssemblies/Unity.XR.CoreUtils.Tests.dll not valid. Loading of assembly skipped.
Assembly Unity.XR.Interaction.Toolkit.Editor.Tests.dll at Library/ScriptAssemblies/Unity.XR.Interaction.Toolkit.Editor.Tests.dll not valid. Loading of assembly skipped.
Assembly Unity.XR.Interaction.Toolkit.Tests.dll at Library/ScriptAssemblies/Unity.XR.Interaction.Toolkit.Tests.dll not valid. Loading of assembly skipped.
Assembly Unity.XR.Management.EditorTests.dll at Library/ScriptAssemblies/Unity.XR.Management.EditorTests.dll not valid. Loading of assembly skipped.
Assembly Unity.XR.Management.TestPackage.dll at Library/ScriptAssemblies/Unity.XR.Management.TestPackage.dll not valid. Loading of assembly skipped.
Assembly Unity.XR.Management.TestPackage.Editor.dll at Library/ScriptAssemblies/Unity.XR.Management.TestPackage.Editor.dll not valid. Loading of assembly skipped.
Assembly Unity.XR.Management.Tests.dll at Library/ScriptAssemblies/Unity.XR.Management.Tests.dll not valid. Loading of assembly skipped.
Assembly Unity.XR.Management.Tests.Standalone.dll at Library/ScriptAssemblies/Unity.XR.Management.Tests.Standalone.dll not valid. Loading of assembly skipped.
Assembly Unity.XR.OpenXR.Editor.Tests.dll at Library/ScriptAssemblies/Unity.XR.OpenXR.Editor.Tests.dll not valid. Loading of assembly skipped.
Assembly Unity.XR.OpenXR.Tests.dll at Library/ScriptAssemblies/Unity.XR.OpenXR.Tests.dll not valid. Loading of assembly skipped.
Assembly Unity.XR.OpenXR.Ubuntu.Tests.dll at Library/ScriptAssemblies/Unity.XR.OpenXR.Ubuntu.Tests.dll not valid. Loading of assembly skipped.
Assembly Unity.XR.Simulation.Editor.Tests.dll at Library/ScriptAssemblies/Unity.XR.Simulation.Editor.Tests.dll not valid. Loading of assembly skipped.
Assembly Unity.XR.Simulation.Runtime.Tests.dll at Library/ScriptAssemblies/Unity.XR.Simulation.Runtime.Tests.dll not valid. Loading of assembly skipped.
Assembly Unity.XR.TestSupport.dll at Library/ScriptAssemblies/Unity.XR.TestSupport.dll not valid. Loading of assembly skipped.
Assembly Unity.XR.TestTooling.Editor.Tests.dll at Library/ScriptAssemblies/Unity.XR.TestTooling.Editor.Tests.dll not valid. Loading of assembly skipped.
Assembly UnityEditor.UI.Common.Tests.dll at Library/ScriptAssemblies/UnityEditor.UI.Common.Tests.dll not valid. Loading of assembly skipped.
Assembly UnityEditor.UI.EditorTests.dll at Library/ScriptAssemblies/UnityEditor.UI.EditorTests.dll not valid. Loading of assembly skipped.
Assembly UnityEditor.XR.LegacyInputHelpers.Tests.dll at Library/ScriptAssemblies/UnityEditor.XR.LegacyInputHelpers.Tests.dll not valid. Loading of assembly skipped.
Assembly UnityEngine.SpatialTracking.Tests.dll at Library/ScriptAssemblies/UnityEngine.SpatialTracking.Tests.dll not valid. Loading of assembly skipped.
Assembly UnityEngine.UI.Tests.dll at Library/ScriptAssemblies/UnityEngine.UI.Tests.dll not valid. Loading of assembly skipped.
Assembly UnityEngine.XR.OpenXR.CodeSamples.Editor.Tests.dll at Library/ScriptAssemblies/UnityEngine.XR.OpenXR.CodeSamples.Editor.Tests.dll not valid. Loading of assembly skipped.
Refreshing native plugins compatible for Editor in 3.31 ms, found 9 plugins.
Native extension for iOS target not found
Native extension for Android target not found
Native extension for OSXStandalone target not found
[Package Manager] Failed to launch server process. Reason: Unity was launched with the -noUpm command-line argument
[Package Manager] Unable to send message (not connected to server process).
[Package Manager] Cannot connect to Unity Package Manager local server
[Package Manager] Failed to launch server process. Reason: Unity was launched with the -noUpm command-line argument
[Package Manager] Unable to send message (not connected to server process).
[Package Manager] Cannot connect to Unity Package Manager local server
ScheduleIndexationOnStartup MainProcess:False IndexOnStartup:True
Mono: successfully reloaded assembly
[Package Manager] Failed to launch server process. Reason: Unity was launched with the -noUpm command-line argument
[Package Manager] Unable to send message (not connected to server process).
[Package Manager] Cannot connect to Unity Package Manager local server
[Package Manager] Failed to launch server process. Reason: Unity was launched with the -noUpm command-line argument
[Package Manager] Unable to send message (not connected to server process).
[Package Manager] Cannot connect to Unity Package Manager local server
- Finished resetting the current domain, in  0.911 seconds
Domain Reload Profiling: 1409ms
	BeginReloadAssembly (95ms)
		DisableScriptedObjects (3ms)
		CreateAndSetChildDomain (18ms)
	RebuildCommonClasses (28ms)
	RebuildNativeTypeToScriptingClass (11ms)
	initialDomainReloadingComplete (38ms)
	LoadAllAssembliesAndSetupDomain (327ms)
		LoadAssemblies (212ms)
		AnalyzeDomain (155ms)
			TypeCache.Refresh (112ms)
				TypeCache.ScanAssembly (97ms)
			BuildScriptInfoCaches (35ms)
			ResolveRequiredComponents (7ms)
	FinalizeReload (911ms)
		SetupLoadedEditorAssemblies (0ms)
			InitializePlatformSupportModulesInManaged (13ms)
			BeforeProcessingInitializeOnLoad (102ms)
			ProcessInitializeOnLoadAttributes (629ms)
			ProcessInitializeOnLoadMethodAttributes (54ms)
WARNING: Shader Unsupported: 'Hidden/Simulation/URP/Synthetic' - All subshaders removed
WARNING: Shader Did you use #pragma only_renderers and omit this platform?
WARNING: Shader If subshaders removal was intentional, you may have forgotten turning Fallback off?
WARNING: Shader Unsupported: 'Hidden/Simulation/Synthetic Lit' - All subshaders removed
WARNING: Shader Did you use #pragma only_renderers and omit this platform?
WARNING: Shader If subshaders removal was intentional, you may have forgotten turning Fallback off?
WARNING: Shader Unsupported: 'Simulation/URP/Room X-Ray' - All subshaders removed
WARNING: Shader Did you use #pragma only_renderers and omit this platform?
WARNING: Shader If subshaders removal was intentional, you may have forgotten turning Fallback off?
WARNING: Shader Unsupported: 'Simulation/URP/Lit' - All subshaders removed
WARNING: Shader Did you use #pragma only_renderers and omit this platform?
WARNING: Shader If subshaders removal was intentional, you may have forgotten turning Fallback off?
WARNING: Shader Unsupported: 'Simulation/Standard Lit' - All subshaders removed
WARNING: Shader Did you use #pragma only_renderers and omit this platform?
WARNING: Shader If subshaders removal was intentional, you may have forgotten turning Fallback off?
WARNING: Shader Unsupported: 'Simulation/Room X-Ray' - All subshaders removed
WARNING: Shader Did you use #pragma only_renderers and omit this platform?
WARNING: Shader If subshaders removal was intentional, you may have forgotten turning Fallback off?
Launching external process: /Applications/Unity/Hub/Editor/2020.3.3f1/6000.4.0f1/Unity.app/Contents/Helpers/UnityShaderCompiler
Launched and connected shader compiler UnityShaderCompiler after 0.04 seconds
Refreshing native plugins compatible for Editor in 3.17 ms, found 9 plugins.
Unloading 8 Unused Serialized files (Serialized files now loaded: 0)
Unloading 5818 unused Assets / (4.4 MB). Loaded Objects now: 6452.
Memory consumption went from 109.3 MB to 104.9 MB.
Total: 7.201916 ms (FindLiveObjects: 0.376166 ms CreateObjectMapping: 0.216542 ms MarkObjects: 4.639125 ms  DeleteObjects: 1.969500 ms)

========================================================================
Received Import Request.
  Time since last request: 502065.992234 seconds.
  path: Assets/XRI/Settings/Resources/XRDeviceSimulatorSettings.asset
  importAddress: Guid(1de98c132826b43ada36d152d3af6a57) Importer(2089858483,b0f066a214c2f5e87bad3c948f4d605d)
Start importing Assets/XRI/Settings/Resources/XRDeviceSimulatorSettings.asset using Guid(1de98c132826b43ada36d152d3af6a57) Importer(2089858483,b0f066a214c2f5e87bad3c948f4d605d) (ScriptedImporter) -> (Import Result ID: '5fe670b78b8e2eff59b2cec56952e3aa') in 0.046004459 seconds [static and dynamic dependencies]. Details - ImportResultOutputID=77529cc12b26e6ec8a97d720364bdc88 DependenciesID=6917d3a2297789522ba999661452bb3b StaticDependenciesID=201f214b522cbc6f4fcfda250d9f809c 
Number of updated asset objects reloaded before import = 0Number of asset objects unloaded after import = 1

========================================================================
Received Import Request.
  Time since last request: 0.000041 seconds.
  path: Assets/XR/Resources/ARCoreRuntimeSettings.asset
  importAddress: Guid(595df2e43940d4a1694b2b17cced6f8f) Importer(2089858483,b0f066a214c2f5e87bad3c948f4d605d)
Start importing Assets/XR/Resources/ARCoreRuntimeSettings.asset using Guid(595df2e43940d4a1694b2b17cced6f8f) Importer(2089858483,b0f066a214c2f5e87bad3c948f4d605d) (ScriptedImporter) -> (Import Result ID: '9fa05707d87527bd1a2649636cc562e5') in 0.008206 seconds [static and dynamic dependencies]. Details - ImportResultOutputID=5ccabefaba80dae42cffedf7652299a4 DependenciesID=bf5258923884ac8c00f2a149cf492884 StaticDependenciesID=193e421240be0f94cf8547bd4b9bd63e 
Number of updated asset objects reloaded before import = 0Number of asset objects unloaded after import = 1

========================================================================
Received Import Request.
  Time since last request: 0.000097 seconds.
  path: Assets/XRI
  importAddress: Guid(33dfb065ae8444a4f8e7d52f3d56fccd) Importer(2089858483,b0f066a214c2f5e87bad3c948f4d605d)
Start importing Assets/XRI using Guid(33dfb065ae8444a4f8e7d52f3d56fccd) Importer(2089858483,b0f066a214c2f5e87bad3c948f4d605d) (ScriptedImporter) -> (Import Result ID: 'fc3f269a257dd8dcc9beca829defd9aa') in 0.001542041 seconds [static and dynamic dependencies]. Details - ImportResultOutputID=f0b974b21dd30c626d8260a71270c32f DependenciesID=1c200415fcf20f4c54ac979bee08bffd StaticDependenciesID=43690192b5c5d2ed3db7ee8fc2d1a5b5 
Number of updated asset objects reloaded before import = 0Number of asset objects unloaded after import = 1

========================================================================
Received Import Request.
  Time since last request: 0.000078 seconds.
  path: Assets/XRI/Settings/XRInteractionEditorSettings.asset
  importAddress: Guid(c0726518b0927492baf4efdd8ee167f1) Importer(2089858483,b0f066a214c2f5e87bad3c948f4d605d)
Start importing Assets/XRI/Settings/XRInteractionEditorSettings.asset using Guid(c0726518b0927492baf4efdd8ee167f1) Importer(2089858483,b0f066a214c2f5e87bad3c948f4d605d) (ScriptedImporter) -> (Import Result ID: '21318cca8c495b76ad71967acdd6c4a4') in 0.002427791 seconds [static and dynamic dependencies]. Details - ImportResultOutputID=78bd22e0ffd12df804e9db7219e69890 DependenciesID=20b5e4b95c7587be28d82392d9891c28 StaticDependenciesID=70f75c0419e2382d9181f4c7cde777d6 
Number of updated asset objects reloaded before import = 0Number of asset objects unloaded after import = 1

========================================================================
Received Import Request.
  Time since last request: 0.000100 seconds.
  path: Assets/XRI/Settings
  importAddress: Guid(392287699f0904c1e99d8cd6b5a7ad3e) Importer(2089858483,b0f066a214c2f5e87bad3c948f4d605d)
Start importing Assets/XRI/Settings using Guid(392287699f0904c1e99d8cd6b5a7ad3e) Importer(2089858483,b0f066a214c2f5e87bad3c948f4d605d) (ScriptedImporter) -> (Import Result ID: '53deb909c67aff358667bd2edf27af1c') in 0.001121625 seconds [static and dynamic dependencies]. Details - ImportResultOutputID=4839b08e66171515dbc02aff4ebc8474 DependenciesID=412a0207966fad67cea4a7443b7d11d3 StaticDependenciesID=3f1b5bc716a6feaf0413015a28c2e22b 
Number of updated asset objects reloaded before import = 0Number of asset objects unloaded after import = 1

========================================================================
Received Import Request.
  Time since last request: 0.000095 seconds.
  path: Assets/XRI/Settings/Resources
  importAddress: Guid(8f6db8ca20bc347239d134f75813ce04) Importer(2089858483,b0f066a214c2f5e87bad3c948f4d605d)
Start importing Assets/XRI/Settings/Resources using Guid(8f6db8ca20bc347239d134f75813ce04) Importer(2089858483,b0f066a214c2f5e87bad3c948f4d605d) (ScriptedImporter) -> (Import Result ID: '811652be8077f107fb16acbe64a9925b') in 0.001013375 seconds [static and dynamic dependencies]. Details - ImportResultOutputID=40acd0058eacdf79052e5de3e9cb28f5 DependenciesID=ae0d72438f1db118306f97d8c3354d08 StaticDependenciesID=a2081304cc6093ea4044ec62dbc9cac8 
Number of updated asset objects reloaded before import = 0Number of asset objects unloaded after import = 1

========================================================================
Received Import Request.
  Time since last request: 0.000089 seconds.
  path: Assets/XRI/Settings/Resources/InteractionLayerSettings.asset
  importAddress: Guid(6f9f5ab69fcc34d078a14966053a5a0f) Importer(2089858483,b0f066a214c2f5e87bad3c948f4d605d)
Start importing Assets/XRI/Settings/Resources/InteractionLayerSettings.asset using Guid(6f9f5ab69fcc34d078a14966053a5a0f) Importer(2089858483,b0f066a214c2f5e87bad3c948f4d605d) (ScriptedImporter) -> (Import Result ID: '9742352e40f328395a297e4a289338f6') in 0.001774834 seconds [static and dynamic dependencies]. Details - ImportResultOutputID=02d623ff49c7172f3653e230116e87e1 DependenciesID=4daaec7214bf23d2e13f60ff88f20572 StaticDependenciesID=0e82bc454a673888b36642f8e90a39e9 
Number of updated asset objects reloaded before import = 0Number of asset objects unloaded after import = 1

========================================================================
Received Import Request.
  Time since last request: 0.000073 seconds.
  path: Assets/XRI/Settings/Resources/XRInteractionRuntimeSettings.asset
  importAddress: Guid(d3e5706192bb743708c513322530f08e) Importer(2089858483,b0f066a214c2f5e87bad3c948f4d605d)
Start importing Assets/XRI/Settings/Resources/XRInteractionRuntimeSettings.asset using Guid(d3e5706192bb743708c513322530f08e) Importer(2089858483,b0f066a214c2f5e87bad3c948f4d605d) (ScriptedImporter) -> (Import Result ID: '7b3c31a14f69a7575095602d50b10641') in 0.003064083 seconds [static and dynamic dependencies]. Details - ImportResultOutputID=2c0f4581dac52fbabe7147c606e2b924 DependenciesID=d297d3e45b4f136c63d19f9ae33a357f StaticDependenciesID=f391150606d6f65f9c2b49f85818e822 
Number of updated asset objects reloaded before import = 0Number of asset objects unloaded after import = 1

========================================================================
Received Import Request.
  Time since last request: 1.557230 seconds.
  path: Assets/XR/Loaders/ARCoreLoader.asset
  importAddress: Guid(b6d99a4cac73c4a4e815e4ebbec40ed9) Importer(2089858483,b0f066a214c2f5e87bad3c948f4d605d)
Start importing Assets/XR/Loaders/ARCoreLoader.asset using Guid(b6d99a4cac73c4a4e815e4ebbec40ed9) Importer(2089858483,b0f066a214c2f5e87bad3c948f4d605d) (ScriptedImporter) -> (Import Result ID: '6d72deebb12ca11cacdbb7b894963461') in 0.003899167 seconds [static and dynamic dependencies]. Details - ImportResultOutputID=6a761ccafeee41446c7b3216f70b27af DependenciesID=0414024492eea36356dce2371b4fa01a StaticDependenciesID=0ee28a291a4de4335f9c3ff26cc4d623 
Number of updated asset objects reloaded before import = 0Number of asset objects unloaded after import = 1

========================================================================
Received Import Request.
  Time since last request: 0.000075 seconds.
  path: Assets/XR/Settings/ARCoreSettings.asset
  importAddress: Guid(4a79de56449f845b6b35ac6bc514afac) Importer(2089858483,b0f066a214c2f5e87bad3c948f4d605d)
Start importing Assets/XR/Settings/ARCoreSettings.asset using Guid(4a79de56449f845b6b35ac6bc514afac) Importer(2089858483,b0f066a214c2f5e87bad3c948f4d605d) (ScriptedImporter) -> (Import Result ID: '131f2711c657d7ee7f888ea9ae4d62ce') in 0.004379542 seconds [static and dynamic dependencies]. Details - ImportResultOutputID=49c3b299de2c5ba04c93510db73352d2 DependenciesID=8eeddf06cba206037e75c4ac7533e196 StaticDependenciesID=19960a3bbda6f0f3993abac64ae93b28 
Number of updated asset objects reloaded before import = 0Number of asset objects unloaded after import = 1

========================================================================
Received Prepare
[Licensing::Client] Successfully resolved entitlement details
Begin MonoManager ReloadAssembly
[Licensing::Client] Successfully resolved entitlement details
Thread 0x17298f000 may have been prematurely finalized
Assembly Assembly-CSharp-Editor-firstpass.dll at Library/ScriptAssemblies/Assembly-CSharp-Editor-firstpass.dll not valid. Loading of assembly skipped.
Assembly Assembly-CSharp-Editor.dll at Library/ScriptAssemblies/Assembly-CSharp-Editor.dll not valid. Loading of assembly skipped.
Assembly Assembly-CSharp-firstpass.dll at Library/ScriptAssemblies/Assembly-CSharp-firstpass.dll not valid. Loading of assembly skipped.
Assembly DocCodeExamples.dll at Library/ScriptAssemblies/DocCodeExamples.dll not valid. Loading of assembly skipped.
Assembly TestNewCustomAssembly.dll at Library/ScriptAssemblies/TestNewCustomAssembly.dll not valid. Loading of assembly skipped.
Assembly Unity.InputSystem.IntegrationTests.dll at Library/ScriptAssemblies/Unity.InputSystem.IntegrationTests.dll not valid. Loading of assembly skipped.
Assembly Unity.Mathematics.Tests.dll at Library/ScriptAssemblies/Unity.Mathematics.Tests.dll not valid. Loading of assembly skipped.
Assembly Unity.Multiplayer.Center.Editor.Tests.dll at Library/ScriptAssemblies/Unity.Multiplayer.Center.Editor.Tests.dll not valid. Loading of assembly skipped.
Assembly Unity.Multiplayer.Center.Tests.dll at Library/ScriptAssemblies/Unity.Multiplayer.Center.Tests.dll not valid. Loading of assembly skipped.
Assembly Unity.TextMeshPro.Editor.Tests.dll at Library/ScriptAssemblies/Unity.TextMeshPro.Editor.Tests.dll not valid. Loading of assembly skipped.
Assembly Unity.TextMeshPro.Tests.dll at Library/ScriptAssemblies/Unity.TextMeshPro.Tests.dll not valid. Loading of assembly skipped.
Assembly Unity.XR.ARCore.CodeSamples.Tests.dll at Library/ScriptAssemblies/Unity.XR.ARCore.CodeSamples.Tests.dll not valid. Loading of assembly skipped.
Assembly Unity.XR.ARCore.Editor.Tests.dll at Library/ScriptAssemblies/Unity.XR.ARCore.Editor.Tests.dll not valid. Loading of assembly skipped.
Assembly Unity.XR.ARCore.Runtime.Tests.dll at Library/ScriptAssemblies/Unity.XR.ARCore.Runtime.Tests.dll not valid. Loading of assembly skipped.
Assembly Unity.XR.ARFoundation.CodeSamples.Editor.Tests.dll at Library/ScriptAssemblies/Unity.XR.ARFoundation.CodeSamples.Editor.Tests.dll not valid. Loading of assembly skipped.
Assembly Unity.XR.ARFoundation.CodeSamples.Tests.dll at Library/ScriptAssemblies/Unity.XR.ARFoundation.CodeSamples.Tests.dll not valid. Loading of assembly skipped.
Assembly Unity.XR.ARFoundation.Editor.Tests.dll at Library/ScriptAssemblies/Unity.XR.ARFoundation.Editor.Tests.dll not valid. Loading of assembly skipped.
Assembly Unity.XR.ARFoundation.InternalUtils.Editor.Tests.dll at Library/ScriptAssemblies/Unity.XR.ARFoundation.InternalUtils.Editor.Tests.dll not valid. Loading of assembly skipped.
Assembly Unity.XR.ARFoundation.Runtime.Tests.dll at Library/ScriptAssemblies/Unity.XR.ARFoundation.Runtime.Tests.dll not valid. Loading of assembly skipped.
Assembly Unity.XR.ARKit.CodeSamples.Tests.dll at Library/ScriptAssemblies/Unity.XR.ARKit.CodeSamples.Tests.dll not valid. Loading of assembly skipped.
Assembly Unity.XR.ARKit.Editor.Tests.dll at Library/ScriptAssemblies/Unity.XR.ARKit.Editor.Tests.dll not valid. Loading of assembly skipped.
Assembly Unity.XR.ARKit.Runtime.Tests.dll at Library/ScriptAssemblies/Unity.XR.ARKit.Runtime.Tests.dll not valid. Loading of assembly skipped.
Assembly Unity.XR.ARSubsystems.Editor.Tests.dll at Library/ScriptAssemblies/Unity.XR.ARSubsystems.Editor.Tests.dll not valid. Loading of assembly skipped.
Assembly Unity.XR.CoreUtils.CodeSamples.Tests.dll at Library/ScriptAssemblies/Unity.XR.CoreUtils.CodeSamples.Tests.dll not valid. Loading of assembly skipped.
Assembly Unity.XR.CoreUtils.Editor.Tests.dll at Library/ScriptAssemblies/Unity.XR.CoreUtils.Editor.Tests.dll not valid. Loading of assembly skipped.
Assembly Unity.XR.CoreUtils.Tests.dll at Library/ScriptAssemblies/Unity.XR.CoreUtils.Tests.dll not valid. Loading of assembly skipped.
Assembly Unity.XR.Interaction.Toolkit.Editor.Tests.dll at Library/ScriptAssemblies/Unity.XR.Interaction.Toolkit.Editor.Tests.dll not valid. Loading of assembly skipped.
Assembly Unity.XR.Interaction.Toolkit.Tests.dll at Library/ScriptAssemblies/Unity.XR.Interaction.Toolkit.Tests.dll not valid. Loading of assembly skipped.
Assembly Unity.XR.Management.EditorTests.dll at Library/ScriptAssemblies/Unity.XR.Management.EditorTests.dll not valid. Loading of assembly skipped.
Assembly Unity.XR.Management.TestPackage.dll at Library/ScriptAssemblies/Unity.XR.Management.TestPackage.dll not valid. Loading of assembly skipped.
Assembly Unity.XR.Management.TestPackage.Editor.dll at Library/ScriptAssemblies/Unity.XR.Management.TestPackage.Editor.dll not valid. Loading of assembly skipped.
Assembly Unity.XR.Management.Tests.dll at Library/ScriptAssemblies/Unity.XR.Management.Tests.dll not valid. Loading of assembly skipped.
Assembly Unity.XR.Management.Tests.Standalone.dll at Library/ScriptAssemblies/Unity.XR.Management.Tests.Standalone.dll not valid. Loading of assembly skipped.
Assembly Unity.XR.OpenXR.Editor.Tests.dll at Library/ScriptAssemblies/Unity.XR.OpenXR.Editor.Tests.dll not valid. Loading of assembly skipped.
Assembly Unity.XR.OpenXR.Tests.dll at Library/ScriptAssemblies/Unity.XR.OpenXR.Tests.dll not valid. Loading of assembly skipped.
Assembly Unity.XR.OpenXR.Ubuntu.Tests.dll at Library/ScriptAssemblies/Unity.XR.OpenXR.Ubuntu.Tests.dll not valid. Loading of assembly skipped.
Assembly Unity.XR.Simulation.Editor.Tests.dll at Library/ScriptAssemblies/Unity.XR.Simulation.Editor.Tests.dll not valid. Loading of assembly skipped.
Assembly Unity.XR.Simulation.Runtime.Tests.dll at Library/ScriptAssemblies/Unity.XR.Simulation.Runtime.Tests.dll not valid. Loading of assembly skipped.
Assembly Unity.XR.TestSupport.dll at Library/ScriptAssemblies/Unity.XR.TestSupport.dll not valid. Loading of assembly skipped.
Assembly Unity.XR.TestTooling.Editor.Tests.dll at Library/ScriptAssemblies/Unity.XR.TestTooling.Editor.Tests.dll not valid. Loading of assembly skipped.
Assembly UnityEditor.UI.Common.Tests.dll at Library/ScriptAssemblies/UnityEditor.UI.Common.Tests.dll not valid. Loading of assembly skipped.
Assembly UnityEditor.UI.EditorTests.dll at Library/ScriptAssemblies/UnityEditor.UI.EditorTests.dll not valid. Loading of assembly skipped.
Assembly UnityEditor.XR.LegacyInputHelpers.Tests.dll at Library/ScriptAssemblies/UnityEditor.XR.LegacyInputHelpers.Tests.dll not valid. Loading of assembly skipped.
Assembly UnityEngine.SpatialTracking.Tests.dll at Library/ScriptAssemblies/UnityEngine.SpatialTracking.Tests.dll not valid. Loading of assembly skipped.
Assembly UnityEngine.UI.Tests.dll at Library/ScriptAssemblies/UnityEngine.UI.Tests.dll not valid. Loading of assembly skipped.
Assembly UnityEngine.XR.OpenXR.CodeSamples.Editor.Tests.dll at Library/ScriptAssemblies/UnityEngine.XR.OpenXR.CodeSamples.Editor.Tests.dll not valid. Loading of assembly skipped.
Refreshing native plugins compatible for Editor in 3.00 ms, found 9 plugins.
Native extension for iOS target not found
Native extension for Android target not found
Native extension for OSXStandalone target not found
[Package Manager] Failed to launch server process. Reason: Unity was launched with the -noUpm command-line argument
[Package Manager] Unable to send message (not connected to server process).
[Package Manager] Cannot connect to Unity Package Manager local server
[Package Manager] Failed to launch server process. Reason: Unity was launched with the -noUpm command-line argument
[Package Manager] Unable to send message (not connected to server process).
[Package Manager] Cannot connect to Unity Package Manager local server
ScheduleIndexationOnStartup MainProcess:False IndexOnStartup:True
Mono: successfully reloaded assembly
[Package Manager] Failed to launch server process. Reason: Unity was launched with the -noUpm command-line argument
[Package Manager] Unable to send message (not connected to server process).
[Package Manager] Cannot connect to Unity Package Manager local server
- Finished resetting the current domain, in  0.470 seconds
Domain Reload Profiling: 954ms
	BeginReloadAssembly (146ms)
		DisableScriptedObjects (6ms)
		CreateAndSetChildDomain (38ms)
	RebuildCommonClasses (27ms)
	RebuildNativeTypeToScriptingClass (11ms)
	initialDomainReloadingComplete (28ms)
	LoadAllAssembliesAndSetupDomain (271ms)
		LoadAssemblies (202ms)
		AnalyzeDomain (118ms)
			TypeCache.Refresh (8ms)
			BuildScriptInfoCaches (101ms)
			ResolveRequiredComponents (7ms)
	FinalizeReload (470ms)
		SetupLoadedEditorAssemblies (0ms)
			InitializePlatformSupportModulesInManaged (13ms)
			BeforeProcessingInitializeOnLoad (104ms)
			ProcessInitializeOnLoadAttributes (167ms)
			ProcessInitializeOnLoadMethodAttributes (56ms)
		AwakeInstancesAfterBackupRestoration (3ms)
WARNING: Shader Unsupported: 'Hidden/Simulation/URP/Synthetic' - All subshaders removed
WARNING: Shader Did you use #pragma only_renderers and omit this platform?
WARNING: Shader If subshaders removal was intentional, you may have forgotten turning Fallback off?
WARNING: Shader Unsupported: 'Hidden/Simulation/Synthetic Lit' - All subshaders removed
WARNING: Shader Did you use #pragma only_renderers and omit this platform?
WARNING: Shader If subshaders removal was intentional, you may have forgotten turning Fallback off?
WARNING: Shader Unsupported: 'Simulation/URP/Room X-Ray' - All subshaders removed
WARNING: Shader Did you use #pragma only_renderers and omit this platform?
WARNING: Shader If subshaders removal was intentional, you may have forgotten turning Fallback off?
WARNING: Shader Unsupported: 'Simulation/URP/Lit' - All subshaders removed
WARNING: Shader Did you use #pragma only_renderers and omit this platform?
WARNING: Shader If subshaders removal was intentional, you may have forgotten turning Fallback off?
WARNING: Shader Unsupported: 'Simulation/Standard Lit' - All subshaders removed
WARNING: Shader Did you use #pragma only_renderers and omit this platform?
WARNING: Shader If subshaders removal was intentional, you may have forgotten turning Fallback off?
WARNING: Shader Unsupported: 'Simulation/Room X-Ray' - All subshaders removed
WARNING: Shader Did you use #pragma only_renderers and omit this platform?
WARNING: Shader If subshaders removal was intentional, you may have forgotten turning Fallback off?
Refreshing native plugins compatible for Editor in 3.40 ms, found 9 plugins.
Unloading 8 Unused Serialized files (Serialized files now loaded: 0)
Unloading 5816 unused Assets / (3.7 MB). Loaded Objects now: 6455.
Memory consumption went from 119.8 MB to 116.0 MB.
Total: 7.520958 ms (FindLiveObjects: 0.356917 ms CreateObjectMapping: 0.218042 ms MarkObjects: 4.878791 ms  DeleteObjects: 2.066833 ms)

Prepare: number of updated asset objects reloaded= 42
========================================================================
Received Prepare
Active build profile path: `Assets/Settings/Build Profiles/iOS.asset`
[Licensing::Client] Successfully resolved entitlement details
Begin MonoManager ReloadAssembly
Got setting from build profile YAML, name `m_Development`, value `0`
[Licensing::Client] Successfully resolved entitlement details
[Licensing::Client] Successfully resolved entitlement details
Thread 0x16f3d7000 may have been prematurely finalized
Assembly Assembly-CSharp-Editor-firstpass.dll at Library/ScriptAssemblies/Assembly-CSharp-Editor-firstpass.dll not valid. Loading of assembly skipped.
Assembly Assembly-CSharp-Editor.dll at Library/ScriptAssemblies/Assembly-CSharp-Editor.dll not valid. Loading of assembly skipped.
Assembly Assembly-CSharp-firstpass.dll at Library/ScriptAssemblies/Assembly-CSharp-firstpass.dll not valid. Loading of assembly skipped.
Assembly DocCodeExamples.dll at Library/ScriptAssemblies/DocCodeExamples.dll not valid. Loading of assembly skipped.
Assembly TestNewCustomAssembly.dll at Library/ScriptAssemblies/TestNewCustomAssembly.dll not valid. Loading of assembly skipped.
Assembly Unity.InputSystem.IntegrationTests.dll at Library/ScriptAssemblies/Unity.InputSystem.IntegrationTests.dll not valid. Loading of assembly skipped.
Assembly Unity.Mathematics.Tests.dll at Library/ScriptAssemblies/Unity.Mathematics.Tests.dll not valid. Loading of assembly skipped.
Assembly Unity.Multiplayer.Center.Editor.Tests.dll at Library/ScriptAssemblies/Unity.Multiplayer.Center.Editor.Tests.dll not valid. Loading of assembly skipped.
Assembly Unity.Multiplayer.Center.Tests.dll at Library/ScriptAssemblies/Unity.Multiplayer.Center.Tests.dll not valid. Loading of assembly skipped.
Assembly Unity.TextMeshPro.Editor.Tests.dll at Library/ScriptAssemblies/Unity.TextMeshPro.Editor.Tests.dll not valid. Loading of assembly skipped.
Assembly Unity.TextMeshPro.Tests.dll at Library/ScriptAssemblies/Unity.TextMeshPro.Tests.dll not valid. Loading of assembly skipped.
Assembly Unity.XR.ARCore.CodeSamples.Tests.dll at Library/ScriptAssemblies/Unity.XR.ARCore.CodeSamples.Tests.dll not valid. Loading of assembly skipped.
Assembly Unity.XR.ARCore.Editor.Tests.dll at Library/ScriptAssemblies/Unity.XR.ARCore.Editor.Tests.dll not valid. Loading of assembly skipped.
Assembly Unity.XR.ARCore.Runtime.Tests.dll at Library/ScriptAssemblies/Unity.XR.ARCore.Runtime.Tests.dll not valid. Loading of assembly skipped.
Assembly Unity.XR.ARFoundation.CodeSamples.Editor.Tests.dll at Library/ScriptAssemblies/Unity.XR.ARFoundation.CodeSamples.Editor.Tests.dll not valid. Loading of assembly skipped.
Assembly Unity.XR.ARFoundation.CodeSamples.Tests.dll at Library/ScriptAssemblies/Unity.XR.ARFoundation.CodeSamples.Tests.dll not valid. Loading of assembly skipped.
Assembly Unity.XR.ARFoundation.Editor.Tests.dll at Library/ScriptAssemblies/Unity.XR.ARFoundation.Editor.Tests.dll not valid. Loading of assembly skipped.
Assembly Unity.XR.ARFoundation.InternalUtils.Editor.Tests.dll at Library/ScriptAssemblies/Unity.XR.ARFoundation.InternalUtils.Editor.Tests.dll not valid. Loading of assembly skipped.
Assembly Unity.XR.ARFoundation.Runtime.Tests.dll at Library/ScriptAssemblies/Unity.XR.ARFoundation.Runtime.Tests.dll not valid. Loading of assembly skipped.
Assembly Unity.XR.ARKit.CodeSamples.Tests.dll at Library/ScriptAssemblies/Unity.XR.ARKit.CodeSamples.Tests.dll not valid. Loading of assembly skipped.
Assembly Unity.XR.ARKit.Editor.Tests.dll at Library/ScriptAssemblies/Unity.XR.ARKit.Editor.Tests.dll not valid. Loading of assembly skipped.
Assembly Unity.XR.ARKit.Runtime.Tests.dll at Library/ScriptAssemblies/Unity.XR.ARKit.Runtime.Tests.dll not valid. Loading of assembly skipped.
Assembly Unity.XR.ARSubsystems.Editor.Tests.dll at Library/ScriptAssemblies/Unity.XR.ARSubsystems.Editor.Tests.dll not valid. Loading of assembly skipped.
Assembly Unity.XR.CoreUtils.CodeSamples.Tests.dll at Library/ScriptAssemblies/Unity.XR.CoreUtils.CodeSamples.Tests.dll not valid. Loading of assembly skipped.
Assembly Unity.XR.CoreUtils.Editor.Tests.dll at Library/ScriptAssemblies/Unity.XR.CoreUtils.Editor.Tests.dll not valid. Loading of assembly skipped.
Assembly Unity.XR.CoreUtils.Tests.dll at Library/ScriptAssemblies/Unity.XR.CoreUtils.Tests.dll not valid. Loading of assembly skipped.
Assembly Unity.XR.Interaction.Toolkit.Editor.Tests.dll at Library/ScriptAssemblies/Unity.XR.Interaction.Toolkit.Editor.Tests.dll not valid. Loading of assembly skipped.
Assembly Unity.XR.Interaction.Toolkit.Tests.dll at Library/ScriptAssemblies/Unity.XR.Interaction.Toolkit.Tests.dll not valid. Loading of assembly skipped.
Assembly Unity.XR.Management.EditorTests.dll at Library/ScriptAssemblies/Unity.XR.Management.EditorTests.dll not valid. Loading of assembly skipped.
Assembly Unity.XR.Management.TestPackage.dll at Library/ScriptAssemblies/Unity.XR.Management.TestPackage.dll not valid. Loading of assembly skipped.
Assembly Unity.XR.Management.TestPackage.Editor.dll at Library/ScriptAssemblies/Unity.XR.Management.TestPackage.Editor.dll not valid. Loading of assembly skipped.
Assembly Unity.XR.Management.Tests.dll at Library/ScriptAssemblies/Unity.XR.Management.Tests.dll not valid. Loading of assembly skipped.
Assembly Unity.XR.Management.Tests.Standalone.dll at Library/ScriptAssemblies/Unity.XR.Management.Tests.Standalone.dll not valid. Loading of assembly skipped.
Assembly Unity.XR.OpenXR.Editor.Tests.dll at Library/ScriptAssemblies/Unity.XR.OpenXR.Editor.Tests.dll not valid. Loading of assembly skipped.
Assembly Unity.XR.OpenXR.Tests.dll at Library/ScriptAssemblies/Unity.XR.OpenXR.Tests.dll not valid. Loading of assembly skipped.
Assembly Unity.XR.OpenXR.Ubuntu.Tests.dll at Library/ScriptAssemblies/Unity.XR.OpenXR.Ubuntu.Tests.dll not valid. Loading of assembly skipped.
Assembly Unity.XR.Simulation.Editor.Tests.dll at Library/ScriptAssemblies/Unity.XR.Simulation.Editor.Tests.dll not valid. Loading of assembly skipped.
Assembly Unity.XR.Simulation.Runtime.Tests.dll at Library/ScriptAssemblies/Unity.XR.Simulation.Runtime.Tests.dll not valid. Loading of assembly skipped.
Assembly Unity.XR.TestSupport.dll at Library/ScriptAssemblies/Unity.XR.TestSupport.dll not valid. Loading of assembly skipped.
Assembly Unity.XR.TestTooling.Editor.Tests.dll at Library/ScriptAssemblies/Unity.XR.TestTooling.Editor.Tests.dll not valid. Loading of assembly skipped.
Assembly UnityEditor.UI.Common.Tests.dll at Library/ScriptAssemblies/UnityEditor.UI.Common.Tests.dll not valid. Loading of assembly skipped.
Assembly UnityEditor.UI.EditorTests.dll at Library/ScriptAssemblies/UnityEditor.UI.EditorTests.dll not valid. Loading of assembly skipped.
Assembly UnityEditor.XR.LegacyInputHelpers.Tests.dll at Library/ScriptAssemblies/UnityEditor.XR.LegacyInputHelpers.Tests.dll not valid. Loading of assembly skipped.
Assembly UnityEngine.SpatialTracking.Tests.dll at Library/ScriptAssemblies/UnityEngine.SpatialTracking.Tests.dll not valid. Loading of assembly skipped.
Assembly UnityEngine.UI.Tests.dll at Library/ScriptAssemblies/UnityEngine.UI.Tests.dll not valid. Loading of assembly skipped.
Assembly UnityEngine.XR.OpenXR.CodeSamples.Editor.Tests.dll at Library/ScriptAssemblies/UnityEngine.XR.OpenXR.CodeSamples.Editor.Tests.dll not valid. Loading of assembly skipped.
Refreshing native plugins compatible for Editor in 3.03 ms, found 9 plugins.
Native extension for iOS target not found
Native extension for Android target not found
Native extension for OSXStandalone target not found
[Package Manager] Failed to launch server process. Reason: Unity was launched with the -noUpm command-line argument
[Package Manager] Unable to send message (not connected to server process).
[Package Manager] Cannot connect to Unity Package Manager local server
[Package Manager] Failed to launch server process. Reason: Unity was launched with the -noUpm command-line argument
[Package Manager] Unable to send message (not connected to server process).
[Package Manager] Cannot connect to Unity Package Manager local server
ScheduleIndexationOnStartup MainProcess:False IndexOnStartup:True
Mono: successfully reloaded assembly
[Package Manager] Failed to launch server process. Reason: Unity was launched with the -noUpm command-line argument
[Package Manager] Unable to send message (not connected to server process).
[Package Manager] Cannot connect to Unity Package Manager local server
- Finished resetting the current domain, in  0.468 seconds
Domain Reload Profiling: 919ms
	BeginReloadAssembly (133ms)
		DisableScriptedObjects (10ms)
		CreateAndSetChildDomain (21ms)
	RebuildCommonClasses (28ms)
	RebuildNativeTypeToScriptingClass (11ms)
	initialDomainReloadingComplete (24ms)
	LoadAllAssembliesAndSetupDomain (255ms)
		LoadAssemblies (173ms)
		AnalyzeDomain (116ms)
			TypeCache.Refresh (6ms)
			BuildScriptInfoCaches (102ms)
			ResolveRequiredComponents (7ms)
	FinalizeReload (468ms)
		SetupLoadedEditorAssemblies (0ms)
			InitializePlatformSupportModulesInManaged (12ms)
			BeforeProcessingInitializeOnLoad (100ms)
			ProcessInitializeOnLoadAttributes (164ms)
			ProcessInitializeOnLoadMethodAttributes (56ms)
		AwakeInstancesAfterBackupRestoration (12ms)
WARNING: Shader Unsupported: 'Hidden/Simulation/URP/Synthetic' - All subshaders removed
WARNING: Shader Did you use #pragma only_renderers and omit this platform?
WARNING: Shader If subshaders removal was intentional, you may have forgotten turning Fallback off?
WARNING: Shader Unsupported: 'Hidden/Simulation/Synthetic Lit' - All subshaders removed
WARNING: Shader Did you use #pragma only_renderers and omit this platform?
WARNING: Shader If subshaders removal was intentional, you may have forgotten turning Fallback off?
WARNING: Shader Unsupported: 'Simulation/URP/Room X-Ray' - All subshaders removed
WARNING: Shader Did you use #pragma only_renderers and omit this platform?
WARNING: Shader If subshaders removal was intentional, you may have forgotten turning Fallback off?
WARNING: Shader Unsupported: 'Simulation/URP/Lit' - All subshaders removed
WARNING: Shader Did you use #pragma only_renderers and omit this platform?
WARNING: Shader If subshaders removal was intentional, you may have forgotten turning Fallback off?
WARNING: Shader Unsupported: 'Simulation/Standard Lit' - All subshaders removed
WARNING: Shader Did you use #pragma only_renderers and omit this platform?
WARNING: Shader If subshaders removal was intentional, you may have forgotten turning Fallback off?
WARNING: Shader Unsupported: 'Simulation/Room X-Ray' - All subshaders removed
WARNING: Shader Did you use #pragma only_renderers and omit this platform?
WARNING: Shader If subshaders removal was intentional, you may have forgotten turning Fallback off?
Refreshing native plugins compatible for Editor in 3.00 ms, found 9 plugins.
Unloading 8 Unused Serialized files (Serialized files now loaded: 0)
Unloading 5818 unused Assets / (3.1 MB). Loaded Objects now: 6463.
Memory consumption went from 119.7 MB to 116.6 MB.
Total: 7.380000 ms (FindLiveObjects: 0.336375 ms CreateObjectMapping: 0.164583 ms MarkObjects: 4.697209 ms  DeleteObjects: 2.181375 ms)

Prepare: number of updated asset objects reloaded= 42
[usbmuxd] Attached: 1 00008110-0014351E2EC1801E
[usbmuxd] Detached: 1 00008110-0014351E2EC1801E
[usbmuxd] Attached: 3 00008110-0014351E2EC1801E
[usbmuxd] Detached: 3 00008110-0014351E2EC1801E
[usbmuxd] Attached: 8 00008110-0014351E2EC1801E
[usbmuxd] Detached: 8 00008110-0014351E2EC1801E
[usbmuxd] Attached: 10 00008110-0014351E2EC1801E
[usbmuxd] Detached: 10 00008110-0014351E2EC1801E
[usbmuxd] Attached: 11 00008110-0014351E2EC1801E
[usbmuxd] Detached: 11 00008110-0014351E2EC1801E
[usbmuxd] Attached: 13 00008110-0014351E2EC1801E
[usbmuxd] Detached: 13 00008110-0014351E2EC1801E
========================================================================
Received Prepare
[Licensing::Client] Successfully resolved entitlement details
Begin MonoManager ReloadAssembly
[Licensing::Client] Successfully resolved entitlement details
Thread 0x16f71f000 may have been prematurely finalized
Assembly Assembly-CSharp-Editor-firstpass.dll at Library/ScriptAssemblies/Assembly-CSharp-Editor-firstpass.dll not valid. Loading of assembly skipped.
Assembly Assembly-CSharp-Editor.dll at Library/ScriptAssemblies/Assembly-CSharp-Editor.dll not valid. Loading of assembly skipped.
Assembly Assembly-CSharp-firstpass.dll at Library/ScriptAssemblies/Assembly-CSharp-firstpass.dll not valid. Loading of assembly skipped.
Assembly DocCodeExamples.dll at Library/ScriptAssemblies/DocCodeExamples.dll not valid. Loading of assembly skipped.
Assembly TestNewCustomAssembly.dll at Library/ScriptAssemblies/TestNewCustomAssembly.dll not valid. Loading of assembly skipped.
Assembly Unity.InputSystem.IntegrationTests.dll at Library/ScriptAssemblies/Unity.InputSystem.IntegrationTests.dll not valid. Loading of assembly skipped.
Assembly Unity.Mathematics.Tests.dll at Library/ScriptAssemblies/Unity.Mathematics.Tests.dll not valid. Loading of assembly skipped.
Assembly Unity.Multiplayer.Center.Editor.Tests.dll at Library/ScriptAssemblies/Unity.Multiplayer.Center.Editor.Tests.dll not valid. Loading of assembly skipped.
Assembly Unity.Multiplayer.Center.Tests.dll at Library/ScriptAssemblies/Unity.Multiplayer.Center.Tests.dll not valid. Loading of assembly skipped.
Assembly Unity.TextMeshPro.Editor.Tests.dll at Library/ScriptAssemblies/Unity.TextMeshPro.Editor.Tests.dll not valid. Loading of assembly skipped.
Assembly Unity.TextMeshPro.Tests.dll at Library/ScriptAssemblies/Unity.TextMeshPro.Tests.dll not valid. Loading of assembly skipped.
Assembly Unity.XR.ARCore.CodeSamples.Tests.dll at Library/ScriptAssemblies/Unity.XR.ARCore.CodeSamples.Tests.dll not valid. Loading of assembly skipped.
Assembly Unity.XR.ARCore.Editor.Tests.dll at Library/ScriptAssemblies/Unity.XR.ARCore.Editor.Tests.dll not valid. Loading of assembly skipped.
Assembly Unity.XR.ARCore.Runtime.Tests.dll at Library/ScriptAssemblies/Unity.XR.ARCore.Runtime.Tests.dll not valid. Loading of assembly skipped.
Assembly Unity.XR.ARFoundation.CodeSamples.Editor.Tests.dll at Library/ScriptAssemblies/Unity.XR.ARFoundation.CodeSamples.Editor.Tests.dll not valid. Loading of assembly skipped.
Assembly Unity.XR.ARFoundation.CodeSamples.Tests.dll at Library/ScriptAssemblies/Unity.XR.ARFoundation.CodeSamples.Tests.dll not valid. Loading of assembly skipped.
Assembly Unity.XR.ARFoundation.Editor.Tests.dll at Library/ScriptAssemblies/Unity.XR.ARFoundation.Editor.Tests.dll not valid. Loading of assembly skipped.
Assembly Unity.XR.ARFoundation.InternalUtils.Editor.Tests.dll at Library/ScriptAssemblies/Unity.XR.ARFoundation.InternalUtils.Editor.Tests.dll not valid. Loading of assembly skipped.
Assembly Unity.XR.ARFoundation.Runtime.Tests.dll at Library/ScriptAssemblies/Unity.XR.ARFoundation.Runtime.Tests.dll not valid. Loading of assembly skipped.
Assembly Unity.XR.ARKit.CodeSamples.Tests.dll at Library/ScriptAssemblies/Unity.XR.ARKit.CodeSamples.Tests.dll not valid. Loading of assembly skipped.
Assembly Unity.XR.ARKit.Editor.Tests.dll at Library/ScriptAssemblies/Unity.XR.ARKit.Editor.Tests.dll not valid. Loading of assembly skipped.
Assembly Unity.XR.ARKit.Runtime.Tests.dll at Library/ScriptAssemblies/Unity.XR.ARKit.Runtime.Tests.dll not valid. Loading of assembly skipped.
Assembly Unity.XR.ARSubsystems.Editor.Tests.dll at Library/ScriptAssemblies/Unity.XR.ARSubsystems.Editor.Tests.dll not valid. Loading of assembly skipped.
Assembly Unity.XR.CoreUtils.CodeSamples.Tests.dll at Library/ScriptAssemblies/Unity.XR.CoreUtils.CodeSamples.Tests.dll not valid. Loading of assembly skipped.
Assembly Unity.XR.CoreUtils.Editor.Tests.dll at Library/ScriptAssemblies/Unity.XR.CoreUtils.Editor.Tests.dll not valid. Loading of assembly skipped.
Assembly Unity.XR.CoreUtils.Tests.dll at Library/ScriptAssemblies/Unity.XR.CoreUtils.Tests.dll not valid. Loading of assembly skipped.
Assembly Unity.XR.Interaction.Toolkit.Editor.Tests.dll at Library/ScriptAssemblies/Unity.XR.Interaction.Toolkit.Editor.Tests.dll not valid. Loading of assembly skipped.
Assembly Unity.XR.Interaction.Toolkit.Tests.dll at Library/ScriptAssemblies/Unity.XR.Interaction.Toolkit.Tests.dll not valid. Loading of assembly skipped.
Assembly Unity.XR.Management.EditorTests.dll at Library/ScriptAssemblies/Unity.XR.Management.EditorTests.dll not valid. Loading of assembly skipped.
Assembly Unity.XR.Management.TestPackage.dll at Library/ScriptAssemblies/Unity.XR.Management.TestPackage.dll not valid. Loading of assembly skipped.
Assembly Unity.XR.Management.TestPackage.Editor.dll at Library/ScriptAssemblies/Unity.XR.Management.TestPackage.Editor.dll not valid. Loading of assembly skipped.
Assembly Unity.XR.Management.Tests.dll at Library/ScriptAssemblies/Unity.XR.Management.Tests.dll not valid. Loading of assembly skipped.
Assembly Unity.XR.Management.Tests.Standalone.dll at Library/ScriptAssemblies/Unity.XR.Management.Tests.Standalone.dll not valid. Loading of assembly skipped.
Assembly Unity.XR.OpenXR.Editor.Tests.dll at Library/ScriptAssemblies/Unity.XR.OpenXR.Editor.Tests.dll not valid. Loading of assembly skipped.
Assembly Unity.XR.OpenXR.Tests.dll at Library/ScriptAssemblies/Unity.XR.OpenXR.Tests.dll not valid. Loading of assembly skipped.
Assembly Unity.XR.OpenXR.Ubuntu.Tests.dll at Library/ScriptAssemblies/Unity.XR.OpenXR.Ubuntu.Tests.dll not valid. Loading of assembly skipped.
Assembly Unity.XR.Simulation.Editor.Tests.dll at Library/ScriptAssemblies/Unity.XR.Simulation.Editor.Tests.dll not valid. Loading of assembly skipped.
Assembly Unity.XR.Simulation.Runtime.Tests.dll at Library/ScriptAssemblies/Unity.XR.Simulation.Runtime.Tests.dll not valid. Loading of assembly skipped.
Assembly Unity.XR.TestSupport.dll at Library/ScriptAssemblies/Unity.XR.TestSupport.dll not valid. Loading of assembly skipped.
Assembly Unity.XR.TestTooling.Editor.Tests.dll at Library/ScriptAssemblies/Unity.XR.TestTooling.Editor.Tests.dll not valid. Loading of assembly skipped.
Assembly UnityEditor.UI.Common.Tests.dll at Library/ScriptAssemblies/UnityEditor.UI.Common.Tests.dll not valid. Loading of assembly skipped.
Assembly UnityEditor.UI.EditorTests.dll at Library/ScriptAssemblies/UnityEditor.UI.EditorTests.dll not valid. Loading of assembly skipped.
Assembly UnityEditor.XR.LegacyInputHelpers.Tests.dll at Library/ScriptAssemblies/UnityEditor.XR.LegacyInputHelpers.Tests.dll not valid. Loading of assembly skipped.
Assembly UnityEngine.SpatialTracking.Tests.dll at Library/ScriptAssemblies/UnityEngine.SpatialTracking.Tests.dll not valid. Loading of assembly skipped.
Assembly UnityEngine.UI.Tests.dll at Library/ScriptAssemblies/UnityEngine.UI.Tests.dll not valid. Loading of assembly skipped.
Assembly UnityEngine.XR.OpenXR.CodeSamples.Editor.Tests.dll at Library/ScriptAssemblies/UnityEngine.XR.OpenXR.CodeSamples.Editor.Tests.dll not valid. Loading of assembly skipped.
Refreshing native plugins compatible for Editor in 3.14 ms, found 9 plugins.
Native extension for iOS target not found
Native extension for Android target not found
Native extension for OSXStandalone target not found
[Package Manager] Failed to launch server process. Reason: Unity was launched with the -noUpm command-line argument
[Package Manager] Unable to send message (not connected to server process).
[Package Manager] Cannot connect to Unity Package Manager local server
[Package Manager] Failed to launch server process. Reason: Unity was launched with the -noUpm command-line argument
[Package Manager] Unable to send message (not connected to server process).
[Package Manager] Cannot connect to Unity Package Manager local server
ScheduleIndexationOnStartup MainProcess:False IndexOnStartup:True
[Licensing::Client] Successfully resolved entitlement details
Mono: successfully reloaded assembly
[Package Manager] Failed to launch server process. Reason: Unity was launched with the -noUpm command-line argument
[Package Manager] Unable to send message (not connected to server process).
[Package Manager] Cannot connect to Unity Package Manager local server
- Finished resetting the current domain, in  0.509 seconds
Domain Reload Profiling: 1188ms
	BeginReloadAssembly (236ms)
		DisableScriptedObjects (53ms)
		CreateAndSetChildDomain (51ms)
	RebuildCommonClasses (29ms)
	RebuildNativeTypeToScriptingClass (12ms)
	initialDomainReloadingComplete (36ms)
	LoadAllAssembliesAndSetupDomain (365ms)
		LoadAssemblies (278ms)
		AnalyzeDomain (159ms)
			TypeCache.Refresh (14ms)
			BuildScriptInfoCaches (134ms)
			ResolveRequiredComponents (9ms)
	FinalizeReload (510ms)
		SetupLoadedEditorAssemblies (0ms)
			InitializePlatformSupportModulesInManaged (16ms)
			BeforeProcessingInitializeOnLoad (108ms)
			ProcessInitializeOnLoadAttributes (167ms)
			ProcessInitializeOnLoadMethodAttributes (54ms)
		AwakeInstancesAfterBackupRestoration (14ms)
WARNING: Shader Unsupported: 'Hidden/Simulation/URP/Synthetic' - All subshaders removed
WARNING: Shader Did you use #pragma only_renderers and omit this platform?
WARNING: Shader If subshaders removal was intentional, you may have forgotten turning Fallback off?
WARNING: Shader Unsupported: 'Hidden/Simulation/Synthetic Lit' - All subshaders removed
WARNING: Shader Did you use #pragma only_renderers and omit this platform?
WARNING: Shader If subshaders removal was intentional, you may have forgotten turning Fallback off?
WARNING: Shader Unsupported: 'Simulation/URP/Room X-Ray' - All subshaders removed
WARNING: Shader Did you use #pragma only_renderers and omit this platform?
WARNING: Shader If subshaders removal was intentional, you may have forgotten turning Fallback off?
WARNING: Shader Unsupported: 'Simulation/URP/Lit' - All subshaders removed
WARNING: Shader Did you use #pragma only_renderers and omit this platform?
WARNING: Shader If subshaders removal was intentional, you may have forgotten turning Fallback off?
WARNING: Shader Unsupported: 'Simulation/Standard Lit' - All subshaders removed
WARNING: Shader Did you use #pragma only_renderers and omit this platform?
WARNING: Shader If subshaders removal was intentional, you may have forgotten turning Fallback off?
WARNING: Shader Unsupported: 'Simulation/Room X-Ray' - All subshaders removed
WARNING: Shader Did you use #pragma only_renderers and omit this platform?
WARNING: Shader If subshaders removal was intentional, you may have forgotten turning Fallback off?
Refreshing native plugins compatible for Editor in 4.39 ms, found 9 plugins.
Unloading 8 Unused Serialized files (Serialized files now loaded: 0)
Unloading 5818 unused Assets / (1.8 MB). Loaded Objects now: 6463.
Memory consumption went from 119.5 MB to 117.7 MB.
Total: 11.952875 ms (FindLiveObjects: 0.399083 ms CreateObjectMapping: 0.435458 ms MarkObjects: 8.749375 ms  DeleteObjects: 2.363625 ms)

Prepare: number of updated asset objects reloaded= 0
========================================================================
Received Prepare
[Licensing::Client] Successfully resolved entitlement details
Begin MonoManager ReloadAssembly
[Licensing::Client] Successfully resolved entitlement details
Thread 0x16f983000 may have been prematurely finalized
Assembly Assembly-CSharp-Editor-firstpass.dll at Library/ScriptAssemblies/Assembly-CSharp-Editor-firstpass.dll not valid. Loading of assembly skipped.
Assembly Assembly-CSharp-Editor.dll at Library/ScriptAssemblies/Assembly-CSharp-Editor.dll not valid. Loading of assembly skipped.
Assembly Assembly-CSharp-firstpass.dll at Library/ScriptAssemblies/Assembly-CSharp-firstpass.dll not valid. Loading of assembly skipped.
Assembly DocCodeExamples.dll at Library/ScriptAssemblies/DocCodeExamples.dll not valid. Loading of assembly skipped.
Assembly TestNewCustomAssembly.dll at Library/ScriptAssemblies/TestNewCustomAssembly.dll not valid. Loading of assembly skipped.
Assembly Unity.InputSystem.IntegrationTests.dll at Library/ScriptAssemblies/Unity.InputSystem.IntegrationTests.dll not valid. Loading of assembly skipped.
Assembly Unity.Mathematics.Tests.dll at Library/ScriptAssemblies/Unity.Mathematics.Tests.dll not valid. Loading of assembly skipped.
Assembly Unity.Multiplayer.Center.Editor.Tests.dll at Library/ScriptAssemblies/Unity.Multiplayer.Center.Editor.Tests.dll not valid. Loading of assembly skipped.
Assembly Unity.Multiplayer.Center.Tests.dll at Library/ScriptAssemblies/Unity.Multiplayer.Center.Tests.dll not valid. Loading of assembly skipped.
Assembly Unity.TextMeshPro.Editor.Tests.dll at Library/ScriptAssemblies/Unity.TextMeshPro.Editor.Tests.dll not valid. Loading of assembly skipped.
Assembly Unity.TextMeshPro.Tests.dll at Library/ScriptAssemblies/Unity.TextMeshPro.Tests.dll not valid. Loading of assembly skipped.
Assembly Unity.XR.ARCore.CodeSamples.Tests.dll at Library/ScriptAssemblies/Unity.XR.ARCore.CodeSamples.Tests.dll not valid. Loading of assembly skipped.
Assembly Unity.XR.ARCore.Editor.Tests.dll at Library/ScriptAssemblies/Unity.XR.ARCore.Editor.Tests.dll not valid. Loading of assembly skipped.
Assembly Unity.XR.ARCore.Runtime.Tests.dll at Library/ScriptAssemblies/Unity.XR.ARCore.Runtime.Tests.dll not valid. Loading of assembly skipped.
Assembly Unity.XR.ARFoundation.CodeSamples.Editor.Tests.dll at Library/ScriptAssemblies/Unity.XR.ARFoundation.CodeSamples.Editor.Tests.dll not valid. Loading of assembly skipped.
Assembly Unity.XR.ARFoundation.CodeSamples.Tests.dll at Library/ScriptAssemblies/Unity.XR.ARFoundation.CodeSamples.Tests.dll not valid. Loading of assembly skipped.
Assembly Unity.XR.ARFoundation.Editor.Tests.dll at Library/ScriptAssemblies/Unity.XR.ARFoundation.Editor.Tests.dll not valid. Loading of assembly skipped.
Assembly Unity.XR.ARFoundation.InternalUtils.Editor.Tests.dll at Library/ScriptAssemblies/Unity.XR.ARFoundation.InternalUtils.Editor.Tests.dll not valid. Loading of assembly skipped.
Assembly Unity.XR.ARFoundation.Runtime.Tests.dll at Library/ScriptAssemblies/Unity.XR.ARFoundation.Runtime.Tests.dll not valid. Loading of assembly skipped.
Assembly Unity.XR.ARKit.CodeSamples.Tests.dll at Library/ScriptAssemblies/Unity.XR.ARKit.CodeSamples.Tests.dll not valid. Loading of assembly skipped.
Assembly Unity.XR.ARKit.Editor.Tests.dll at Library/ScriptAssemblies/Unity.XR.ARKit.Editor.Tests.dll not valid. Loading of assembly skipped.
Assembly Unity.XR.ARKit.Runtime.Tests.dll at Library/ScriptAssemblies/Unity.XR.ARKit.Runtime.Tests.dll not valid. Loading of assembly skipped.
Assembly Unity.XR.ARSubsystems.Editor.Tests.dll at Library/ScriptAssemblies/Unity.XR.ARSubsystems.Editor.Tests.dll not valid. Loading of assembly skipped.
Assembly Unity.XR.CoreUtils.CodeSamples.Tests.dll at Library/ScriptAssemblies/Unity.XR.CoreUtils.CodeSamples.Tests.dll not valid. Loading of assembly skipped.
Assembly Unity.XR.CoreUtils.Editor.Tests.dll at Library/ScriptAssemblies/Unity.XR.CoreUtils.Editor.Tests.dll not valid. Loading of assembly skipped.
Assembly Unity.XR.CoreUtils.Tests.dll at Library/ScriptAssemblies/Unity.XR.CoreUtils.Tests.dll not valid. Loading of assembly skipped.
Assembly Unity.XR.Interaction.Toolkit.Editor.Tests.dll at Library/ScriptAssemblies/Unity.XR.Interaction.Toolkit.Editor.Tests.dll not valid. Loading of assembly skipped.
Assembly Unity.XR.Interaction.Toolkit.Tests.dll at Library/ScriptAssemblies/Unity.XR.Interaction.Toolkit.Tests.dll not valid. Loading of assembly skipped.
Assembly Unity.XR.Management.EditorTests.dll at Library/ScriptAssemblies/Unity.XR.Management.EditorTests.dll not valid. Loading of assembly skipped.
Assembly Unity.XR.Management.TestPackage.dll at Library/ScriptAssemblies/Unity.XR.Management.TestPackage.dll not valid. Loading of assembly skipped.
Assembly Unity.XR.Management.TestPackage.Editor.dll at Library/ScriptAssemblies/Unity.XR.Management.TestPackage.Editor.dll not valid. Loading of assembly skipped.
Assembly Unity.XR.Management.Tests.dll at Library/ScriptAssemblies/Unity.XR.Management.Tests.dll not valid. Loading of assembly skipped.
Assembly Unity.XR.Management.Tests.Standalone.dll at Library/ScriptAssemblies/Unity.XR.Management.Tests.Standalone.dll not valid. Loading of assembly skipped.
Assembly Unity.XR.OpenXR.Editor.Tests.dll at Library/ScriptAssemblies/Unity.XR.OpenXR.Editor.Tests.dll not valid. Loading of assembly skipped.
Assembly Unity.XR.OpenXR.Tests.dll at Library/ScriptAssemblies/Unity.XR.OpenXR.Tests.dll not valid. Loading of assembly skipped.
Assembly Unity.XR.OpenXR.Ubuntu.Tests.dll at Library/ScriptAssemblies/Unity.XR.OpenXR.Ubuntu.Tests.dll not valid. Loading of assembly skipped.
Assembly Unity.XR.Simulation.Editor.Tests.dll at Library/ScriptAssemblies/Unity.XR.Simulation.Editor.Tests.dll not valid. Loading of assembly skipped.
Assembly Unity.XR.Simulation.Runtime.Tests.dll at Library/ScriptAssemblies/Unity.XR.Simulation.Runtime.Tests.dll not valid. Loading of assembly skipped.
Assembly Unity.XR.TestSupport.dll at Library/ScriptAssemblies/Unity.XR.TestSupport.dll not valid. Loading of assembly skipped.
Assembly Unity.XR.TestTooling.Editor.Tests.dll at Library/ScriptAssemblies/Unity.XR.TestTooling.Editor.Tests.dll not valid. Loading of assembly skipped.
Assembly UnityEditor.UI.Common.Tests.dll at Library/ScriptAssemblies/UnityEditor.UI.Common.Tests.dll not valid. Loading of assembly skipped.
Assembly UnityEditor.UI.EditorTests.dll at Library/ScriptAssemblies/UnityEditor.UI.EditorTests.dll not valid. Loading of assembly skipped.
Assembly UnityEditor.XR.LegacyInputHelpers.Tests.dll at Library/ScriptAssemblies/UnityEditor.XR.LegacyInputHelpers.Tests.dll not valid. Loading of assembly skipped.
Assembly UnityEngine.SpatialTracking.Tests.dll at Library/ScriptAssemblies/UnityEngine.SpatialTracking.Tests.dll not valid. Loading of assembly skipped.
Assembly UnityEngine.UI.Tests.dll at Library/ScriptAssemblies/UnityEngine.UI.Tests.dll not valid. Loading of assembly skipped.
Assembly UnityEngine.XR.OpenXR.CodeSamples.Editor.Tests.dll at Library/ScriptAssemblies/UnityEngine.XR.OpenXR.CodeSamples.Editor.Tests.dll not valid. Loading of assembly skipped.
Refreshing native plugins compatible for Editor in 5.69 ms, found 9 plugins.
Native extension for iOS target not found
Native extension for Android target not found
Native extension for OSXStandalone target not found
[Package Manager] Failed to launch server process. Reason: Unity was launched with the -noUpm command-line argument
[Package Manager] Unable to send message (not connected to server process).
[Package Manager] Cannot connect to Unity Package Manager local server
[Package Manager] Failed to launch server process. Reason: Unity was launched with the -noUpm command-line argument
[Package Manager] Unable to send message (not connected to server process).
[Package Manager] Cannot connect to Unity Package Manager local server
ScheduleIndexationOnStartup MainProcess:False IndexOnStartup:True
[Licensing::Client] Successfully resolved entitlement details
Mono: successfully reloaded assembly
[Package Manager] Failed to launch server process. Reason: Unity was launched with the -noUpm command-line argument
[Package Manager] Unable to send message (not connected to server process).
[Package Manager] Cannot connect to Unity Package Manager local server
- Finished resetting the current domain, in  0.496 seconds
Domain Reload Profiling: 1023ms
	BeginReloadAssembly (169ms)
		DisableScriptedObjects (20ms)
		CreateAndSetChildDomain (42ms)
	RebuildCommonClasses (28ms)
	RebuildNativeTypeToScriptingClass (11ms)
	initialDomainReloadingComplete (28ms)
	LoadAllAssembliesAndSetupDomain (290ms)
		LoadAssemblies (221ms)
		AnalyzeDomain (122ms)
			TypeCache.Refresh (7ms)
			BuildScriptInfoCaches (106ms)
			ResolveRequiredComponents (7ms)
	FinalizeReload (496ms)
		SetupLoadedEditorAssemblies (0ms)
			InitializePlatformSupportModulesInManaged (13ms)
			BeforeProcessingInitializeOnLoad (103ms)
			ProcessInitializeOnLoadAttributes (177ms)
			ProcessInitializeOnLoadMethodAttributes (60ms)
		AwakeInstancesAfterBackupRestoration (16ms)
WARNING: Shader Unsupported: 'Hidden/Simulation/URP/Synthetic' - All subshaders removed
WARNING: Shader Did you use #pragma only_renderers and omit this platform?
WARNING: Shader If subshaders removal was intentional, you may have forgotten turning Fallback off?
WARNING: Shader Unsupported: 'Hidden/Simulation/Synthetic Lit' - All subshaders removed
WARNING: Shader Did you use #pragma only_renderers and omit this platform?
WARNING: Shader If subshaders removal was intentional, you may have forgotten turning Fallback off?
WARNING: Shader Unsupported: 'Simulation/URP/Room X-Ray' - All subshaders removed
WARNING: Shader Did you use #pragma only_renderers and omit this platform?
WARNING: Shader If subshaders removal was intentional, you may have forgotten turning Fallback off?
WARNING: Shader Unsupported: 'Simulation/URP/Lit' - All subshaders removed
WARNING: Shader Did you use #pragma only_renderers and omit this platform?
WARNING: Shader If subshaders removal was intentional, you may have forgotten turning Fallback off?
WARNING: Shader Unsupported: 'Simulation/Standard Lit' - All subshaders removed
WARNING: Shader Did you use #pragma only_renderers and omit this platform?
WARNING: Shader If subshaders removal was intentional, you may have forgotten turning Fallback off?
WARNING: Shader Unsupported: 'Simulation/Room X-Ray' - All subshaders removed
WARNING: Shader Did you use #pragma only_renderers and omit this platform?
WARNING: Shader If subshaders removal was intentional, you may have forgotten turning Fallback off?
Refreshing native plugins compatible for Editor in 3.08 ms, found 9 plugins.
Unloading 8 Unused Serialized files (Serialized files now loaded: 0)
Unloading 5816 unused Assets / (4.5 MB). Loaded Objects now: 6464.
Memory consumption went from 119.5 MB to 115.0 MB.
Total: 7.033791 ms (FindLiveObjects: 0.272959 ms CreateObjectMapping: 0.182084 ms MarkObjects: 4.539000 ms  DeleteObjects: 2.039041 ms)

Prepare: number of updated asset objects reloaded= 0
========================================================================
Received Import Request.
  Time since last request: 2703.833477 seconds.
  path: Assets/Scenes/WorldOrigin.unity
  importAddress: Guid(9fc0d4010bbf28b4594072e72b8655ab) Importer(2089858483,b0f066a214c2f5e87bad3c948f4d605d)
Start importing Assets/Scenes/WorldOrigin.unity using Guid(9fc0d4010bbf28b4594072e72b8655ab) Importer(2089858483,b0f066a214c2f5e87bad3c948f4d605d) (ScriptedImporter) -> (Import Result ID: '8c33fae41ec30dcc796e692837893c7a') in 0.043572 seconds [static and dynamic dependencies]. Details - ImportResultOutputID=857d520af0db4a21c3bd49cd742cad93 DependenciesID=c958f199821131f53baac7e222fdce66 StaticDependenciesID=2bf66e0a477454370aa42f1decf26757 
Number of updated asset objects reloaded before import = 0Number of asset objects unloaded after import = 1

========================================================================
Received Import Request.
  Time since last request: 0.000048 seconds.
  path: Assets/WorldCoords.cs
  importAddress: Guid(ae6affc78a6994d628b099083b9ac31c) Importer(2089858483,b0f066a214c2f5e87bad3c948f4d605d)
Start importing Assets/WorldCoords.cs using Guid(ae6affc78a6994d628b099083b9ac31c) Importer(2089858483,b0f066a214c2f5e87bad3c948f4d605d) (ScriptedImporter) -> (Import Result ID: '6b1ab442db59bb9d7fd3dd80313d334e') in 0.014001958 seconds [static and dynamic dependencies]. Details - ImportResultOutputID=951a052f1b91da26da22258ee01092d1 DependenciesID=28cceec9f8b896a13aa865df1aee324f StaticDependenciesID=f36ea87bc7d6007082acafddd858f811 
Number of updated asset objects reloaded before import = 0Number of asset objects unloaded after import = 0

========================================================================
Received Prepare
[Licensing::Client] Successfully resolved entitlement details
Begin MonoManager ReloadAssembly
[Licensing::Client] Successfully resolved entitlement details
Thread 0x16fadb000 may have been prematurely finalized
Assembly Assembly-CSharp-Editor-firstpass.dll at Library/ScriptAssemblies/Assembly-CSharp-Editor-firstpass.dll not valid. Loading of assembly skipped.
Assembly Assembly-CSharp-Editor.dll at Library/ScriptAssemblies/Assembly-CSharp-Editor.dll not valid. Loading of assembly skipped.
Assembly Assembly-CSharp-firstpass.dll at Library/ScriptAssemblies/Assembly-CSharp-firstpass.dll not valid. Loading of assembly skipped.
Assembly DocCodeExamples.dll at Library/ScriptAssemblies/DocCodeExamples.dll not valid. Loading of assembly skipped.
Assembly TestNewCustomAssembly.dll at Library/ScriptAssemblies/TestNewCustomAssembly.dll not valid. Loading of assembly skipped.
Assembly Unity.InputSystem.IntegrationTests.dll at Library/ScriptAssemblies/Unity.InputSystem.IntegrationTests.dll not valid. Loading of assembly skipped.
Assembly Unity.Mathematics.Tests.dll at Library/ScriptAssemblies/Unity.Mathematics.Tests.dll not valid. Loading of assembly skipped.
Assembly Unity.Multiplayer.Center.Editor.Tests.dll at Library/ScriptAssemblies/Unity.Multiplayer.Center.Editor.Tests.dll not valid. Loading of assembly skipped.
Assembly Unity.Multiplayer.Center.Tests.dll at Library/ScriptAssemblies/Unity.Multiplayer.Center.Tests.dll not valid. Loading of assembly skipped.
Assembly Unity.TextMeshPro.Editor.Tests.dll at Library/ScriptAssemblies/Unity.TextMeshPro.Editor.Tests.dll not valid. Loading of assembly skipped.
Assembly Unity.TextMeshPro.Tests.dll at Library/ScriptAssemblies/Unity.TextMeshPro.Tests.dll not valid. Loading of assembly skipped.
Assembly Unity.XR.ARCore.CodeSamples.Tests.dll at Library/ScriptAssemblies/Unity.XR.ARCore.CodeSamples.Tests.dll not valid. Loading of assembly skipped.
Assembly Unity.XR.ARCore.Editor.Tests.dll at Library/ScriptAssemblies/Unity.XR.ARCore.Editor.Tests.dll not valid. Loading of assembly skipped.
Assembly Unity.XR.ARCore.Runtime.Tests.dll at Library/ScriptAssemblies/Unity.XR.ARCore.Runtime.Tests.dll not valid. Loading of assembly skipped.
Assembly Unity.XR.ARFoundation.CodeSamples.Editor.Tests.dll at Library/ScriptAssemblies/Unity.XR.ARFoundation.CodeSamples.Editor.Tests.dll not valid. Loading of assembly skipped.
Assembly Unity.XR.ARFoundation.CodeSamples.Tests.dll at Library/ScriptAssemblies/Unity.XR.ARFoundation.CodeSamples.Tests.dll not valid. Loading of assembly skipped.
Assembly Unity.XR.ARFoundation.Editor.Tests.dll at Library/ScriptAssemblies/Unity.XR.ARFoundation.Editor.Tests.dll not valid. Loading of assembly skipped.
Assembly Unity.XR.ARFoundation.InternalUtils.Editor.Tests.dll at Library/ScriptAssemblies/Unity.XR.ARFoundation.InternalUtils.Editor.Tests.dll not valid. Loading of assembly skipped.
Assembly Unity.XR.ARFoundation.Runtime.Tests.dll at Library/ScriptAssemblies/Unity.XR.ARFoundation.Runtime.Tests.dll not valid. Loading of assembly skipped.
Assembly Unity.XR.ARKit.CodeSamples.Tests.dll at Library/ScriptAssemblies/Unity.XR.ARKit.CodeSamples.Tests.dll not valid. Loading of assembly skipped.
Assembly Unity.XR.ARKit.Editor.Tests.dll at Library/ScriptAssemblies/Unity.XR.ARKit.Editor.Tests.dll not valid. Loading of assembly skipped.
Assembly Unity.XR.ARKit.Runtime.Tests.dll at Library/ScriptAssemblies/Unity.XR.ARKit.Runtime.Tests.dll not valid. Loading of assembly skipped.
Assembly Unity.XR.ARSubsystems.Editor.Tests.dll at Library/ScriptAssemblies/Unity.XR.ARSubsystems.Editor.Tests.dll not valid. Loading of assembly skipped.
Assembly Unity.XR.CoreUtils.CodeSamples.Tests.dll at Library/ScriptAssemblies/Unity.XR.CoreUtils.CodeSamples.Tests.dll not valid. Loading of assembly skipped.
Assembly Unity.XR.CoreUtils.Editor.Tests.dll at Library/ScriptAssemblies/Unity.XR.CoreUtils.Editor.Tests.dll not valid. Loading of assembly skipped.
Assembly Unity.XR.CoreUtils.Tests.dll at Library/ScriptAssemblies/Unity.XR.CoreUtils.Tests.dll not valid. Loading of assembly skipped.
Assembly Unity.XR.Interaction.Toolkit.Editor.Tests.dll at Library/ScriptAssemblies/Unity.XR.Interaction.Toolkit.Editor.Tests.dll not valid. Loading of assembly skipped.
Assembly Unity.XR.Interaction.Toolkit.Tests.dll at Library/ScriptAssemblies/Unity.XR.Interaction.Toolkit.Tests.dll not valid. Loading of assembly skipped.
Assembly Unity.XR.Management.EditorTests.dll at Library/ScriptAssemblies/Unity.XR.Management.EditorTests.dll not valid. Loading of assembly skipped.
Assembly Unity.XR.Management.TestPackage.dll at Library/ScriptAssemblies/Unity.XR.Management.TestPackage.dll not valid. Loading of assembly skipped.
Assembly Unity.XR.Management.TestPackage.Editor.dll at Library/ScriptAssemblies/Unity.XR.Management.TestPackage.Editor.dll not valid. Loading of assembly skipped.
Assembly Unity.XR.Management.Tests.dll at Library/ScriptAssemblies/Unity.XR.Management.Tests.dll not valid. Loading of assembly skipped.
Assembly Unity.XR.Management.Tests.Standalone.dll at Library/ScriptAssemblies/Unity.XR.Management.Tests.Standalone.dll not valid. Loading of assembly skipped.
Assembly Unity.XR.OpenXR.Editor.Tests.dll at Library/ScriptAssemblies/Unity.XR.OpenXR.Editor.Tests.dll not valid. Loading of assembly skipped.
Assembly Unity.XR.OpenXR.Tests.dll at Library/ScriptAssemblies/Unity.XR.OpenXR.Tests.dll not valid. Loading of assembly skipped.
Assembly Unity.XR.OpenXR.Ubuntu.Tests.dll at Library/ScriptAssemblies/Unity.XR.OpenXR.Ubuntu.Tests.dll not valid. Loading of assembly skipped.
Assembly Unity.XR.Simulation.Editor.Tests.dll at Library/ScriptAssemblies/Unity.XR.Simulation.Editor.Tests.dll not valid. Loading of assembly skipped.
Assembly Unity.XR.Simulation.Runtime.Tests.dll at Library/ScriptAssemblies/Unity.XR.Simulation.Runtime.Tests.dll not valid. Loading of assembly skipped.
Assembly Unity.XR.TestSupport.dll at Library/ScriptAssemblies/Unity.XR.TestSupport.dll not valid. Loading of assembly skipped.
Assembly Unity.XR.TestTooling.Editor.Tests.dll at Library/ScriptAssemblies/Unity.XR.TestTooling.Editor.Tests.dll not valid. Loading of assembly skipped.
Assembly UnityEditor.UI.Common.Tests.dll at Library/ScriptAssemblies/UnityEditor.UI.Common.Tests.dll not valid. Loading of assembly skipped.
Assembly UnityEditor.UI.EditorTests.dll at Library/ScriptAssemblies/UnityEditor.UI.EditorTests.dll not valid. Loading of assembly skipped.
Assembly UnityEditor.XR.LegacyInputHelpers.Tests.dll at Library/ScriptAssemblies/UnityEditor.XR.LegacyInputHelpers.Tests.dll not valid. Loading of assembly skipped.
Assembly UnityEngine.SpatialTracking.Tests.dll at Library/ScriptAssemblies/UnityEngine.SpatialTracking.Tests.dll not valid. Loading of assembly skipped.
Assembly UnityEngine.UI.Tests.dll at Library/ScriptAssemblies/UnityEngine.UI.Tests.dll not valid. Loading of assembly skipped.
Assembly UnityEngine.XR.OpenXR.CodeSamples.Editor.Tests.dll at Library/ScriptAssemblies/UnityEngine.XR.OpenXR.CodeSamples.Editor.Tests.dll not valid. Loading of assembly skipped.
Refreshing native plugins compatible for Editor in 5.07 ms, found 9 plugins.
Native extension for iOS target not found
Native extension for Android target not found
Native extension for OSXStandalone target not found
[Package Manager] Failed to launch server process. Reason: Unity was launched with the -noUpm command-line argument
[Package Manager] Unable to send message (not connected to server process).
[Package Manager] Cannot connect to Unity Package Manager local server
[Package Manager] Failed to launch server process. Reason: Unity was launched with the -noUpm command-line argument
[Package Manager] Unable to send message (not connected to server process).
[Package Manager] Cannot connect to Unity Package Manager local server
ScheduleIndexationOnStartup MainProcess:False IndexOnStartup:True
[Licensing::Client] Successfully resolved entitlement details
Mono: successfully reloaded assembly
[Package Manager] Failed to launch server process. Reason: Unity was launched with the -noUpm command-line argument
[Package Manager] Unable to send message (not connected to server process).
[Package Manager] Cannot connect to Unity Package Manager local server
- Finished resetting the current domain, in  0.486 seconds
Domain Reload Profiling: 1050ms
	BeginReloadAssembly (182ms)
		DisableScriptedObjects (22ms)
		CreateAndSetChildDomain (55ms)
	RebuildCommonClasses (28ms)
	RebuildNativeTypeToScriptingClass (11ms)
	initialDomainReloadingComplete (34ms)
	LoadAllAssembliesAndSetupDomain (308ms)
		LoadAssemblies (237ms)
		AnalyzeDomain (122ms)
			TypeCache.Refresh (10ms)
			BuildScriptInfoCaches (103ms)
			ResolveRequiredComponents (7ms)
	FinalizeReload (486ms)
		SetupLoadedEditorAssemblies (0ms)
			InitializePlatformSupportModulesInManaged (14ms)
			BeforeProcessingInitializeOnLoad (101ms)
			ProcessInitializeOnLoadAttributes (174ms)
			ProcessInitializeOnLoadMethodAttributes (52ms)
		AwakeInstancesAfterBackupRestoration (12ms)
WARNING: Shader Unsupported: 'Hidden/Simulation/URP/Synthetic' - All subshaders removed
WARNING: Shader Did you use #pragma only_renderers and omit this platform?
WARNING: Shader If subshaders removal was intentional, you may have forgotten turning Fallback off?
WARNING: Shader Unsupported: 'Hidden/Simulation/Synthetic Lit' - All subshaders removed
WARNING: Shader Did you use #pragma only_renderers and omit this platform?
WARNING: Shader If subshaders removal was intentional, you may have forgotten turning Fallback off?
WARNING: Shader Unsupported: 'Simulation/URP/Room X-Ray' - All subshaders removed
WARNING: Shader Did you use #pragma only_renderers and omit this platform?
WARNING: Shader If subshaders removal was intentional, you may have forgotten turning Fallback off?
WARNING: Shader Unsupported: 'Simulation/URP/Lit' - All subshaders removed
WARNING: Shader Did you use #pragma only_renderers and omit this platform?
WARNING: Shader If subshaders removal was intentional, you may have forgotten turning Fallback off?
WARNING: Shader Unsupported: 'Simulation/Standard Lit' - All subshaders removed
WARNING: Shader Did you use #pragma only_renderers and omit this platform?
WARNING: Shader If subshaders removal was intentional, you may have forgotten turning Fallback off?
WARNING: Shader Unsupported: 'Simulation/Room X-Ray' - All subshaders removed
WARNING: Shader Did you use #pragma only_renderers and omit this platform?
WARNING: Shader If subshaders removal was intentional, you may have forgotten turning Fallback off?
Refreshing native plugins compatible for Editor in 3.44 ms, found 9 plugins.
Unloading 8 Unused Serialized files (Serialized files now loaded: 0)
Unloading 5816 unused Assets / (4.5 MB). Loaded Objects now: 6465.
Memory consumption went from 119.5 MB to 115.1 MB.
Total: 7.120083 ms (FindLiveObjects: 0.307791 ms CreateObjectMapping: 0.174709 ms MarkObjects: 4.489041 ms  DeleteObjects: 2.148250 ms)

Prepare: number of updated asset objects reloaded= 0
========================================================================
Received Prepare
[Licensing::Client] Successfully resolved entitlement details
Begin MonoManager ReloadAssembly
[Licensing::Client] Successfully resolved entitlement details
Thread 0x17298f000 may have been prematurely finalized
Assembly Assembly-CSharp-Editor-firstpass.dll at Library/ScriptAssemblies/Assembly-CSharp-Editor-firstpass.dll not valid. Loading of assembly skipped.
Assembly Assembly-CSharp-Editor.dll at Library/ScriptAssemblies/Assembly-CSharp-Editor.dll not valid. Loading of assembly skipped.
Assembly Assembly-CSharp-firstpass.dll at Library/ScriptAssemblies/Assembly-CSharp-firstpass.dll not valid. Loading of assembly skipped.
Assembly DocCodeExamples.dll at Library/ScriptAssemblies/DocCodeExamples.dll not valid. Loading of assembly skipped.
Assembly TestNewCustomAssembly.dll at Library/ScriptAssemblies/TestNewCustomAssembly.dll not valid. Loading of assembly skipped.
Assembly Unity.InputSystem.IntegrationTests.dll at Library/ScriptAssemblies/Unity.InputSystem.IntegrationTests.dll not valid. Loading of assembly skipped.
Assembly Unity.Mathematics.Tests.dll at Library/ScriptAssemblies/Unity.Mathematics.Tests.dll not valid. Loading of assembly skipped.
Assembly Unity.Multiplayer.Center.Editor.Tests.dll at Library/ScriptAssemblies/Unity.Multiplayer.Center.Editor.Tests.dll not valid. Loading of assembly skipped.
Assembly Unity.Multiplayer.Center.Tests.dll at Library/ScriptAssemblies/Unity.Multiplayer.Center.Tests.dll not valid. Loading of assembly skipped.
Assembly Unity.TextMeshPro.Editor.Tests.dll at Library/ScriptAssemblies/Unity.TextMeshPro.Editor.Tests.dll not valid. Loading of assembly skipped.
Assembly Unity.TextMeshPro.Tests.dll at Library/ScriptAssemblies/Unity.TextMeshPro.Tests.dll not valid. Loading of assembly skipped.
Assembly Unity.XR.ARCore.CodeSamples.Tests.dll at Library/ScriptAssemblies/Unity.XR.ARCore.CodeSamples.Tests.dll not valid. Loading of assembly skipped.
Assembly Unity.XR.ARCore.Editor.Tests.dll at Library/ScriptAssemblies/Unity.XR.ARCore.Editor.Tests.dll not valid. Loading of assembly skipped.
Assembly Unity.XR.ARCore.Runtime.Tests.dll at Library/ScriptAssemblies/Unity.XR.ARCore.Runtime.Tests.dll not valid. Loading of assembly skipped.
Assembly Unity.XR.ARFoundation.CodeSamples.Editor.Tests.dll at Library/ScriptAssemblies/Unity.XR.ARFoundation.CodeSamples.Editor.Tests.dll not valid. Loading of assembly skipped.
Assembly Unity.XR.ARFoundation.CodeSamples.Tests.dll at Library/ScriptAssemblies/Unity.XR.ARFoundation.CodeSamples.Tests.dll not valid. Loading of assembly skipped.
Assembly Unity.XR.ARFoundation.Editor.Tests.dll at Library/ScriptAssemblies/Unity.XR.ARFoundation.Editor.Tests.dll not valid. Loading of assembly skipped.
Assembly Unity.XR.ARFoundation.InternalUtils.Editor.Tests.dll at Library/ScriptAssemblies/Unity.XR.ARFoundation.InternalUtils.Editor.Tests.dll not valid. Loading of assembly skipped.
Assembly Unity.XR.ARFoundation.Runtime.Tests.dll at Library/ScriptAssemblies/Unity.XR.ARFoundation.Runtime.Tests.dll not valid. Loading of assembly skipped.
Assembly Unity.XR.ARKit.CodeSamples.Tests.dll at Library/ScriptAssemblies/Unity.XR.ARKit.CodeSamples.Tests.dll not valid. Loading of assembly skipped.
Assembly Unity.XR.ARKit.Editor.Tests.dll at Library/ScriptAssemblies/Unity.XR.ARKit.Editor.Tests.dll not valid. Loading of assembly skipped.
Assembly Unity.XR.ARKit.Runtime.Tests.dll at Library/ScriptAssemblies/Unity.XR.ARKit.Runtime.Tests.dll not valid. Loading of assembly skipped.
Assembly Unity.XR.ARSubsystems.Editor.Tests.dll at Library/ScriptAssemblies/Unity.XR.ARSubsystems.Editor.Tests.dll not valid. Loading of assembly skipped.
Assembly Unity.XR.CoreUtils.CodeSamples.Tests.dll at Library/ScriptAssemblies/Unity.XR.CoreUtils.CodeSamples.Tests.dll not valid. Loading of assembly skipped.
Assembly Unity.XR.CoreUtils.Editor.Tests.dll at Library/ScriptAssemblies/Unity.XR.CoreUtils.Editor.Tests.dll not valid. Loading of assembly skipped.
Assembly Unity.XR.CoreUtils.Tests.dll at Library/ScriptAssemblies/Unity.XR.CoreUtils.Tests.dll not valid. Loading of assembly skipped.
Assembly Unity.XR.Interaction.Toolkit.Editor.Tests.dll at Library/ScriptAssemblies/Unity.XR.Interaction.Toolkit.Editor.Tests.dll not valid. Loading of assembly skipped.
Assembly Unity.XR.Interaction.Toolkit.Tests.dll at Library/ScriptAssemblies/Unity.XR.Interaction.Toolkit.Tests.dll not valid. Loading of assembly skipped.
Assembly Unity.XR.Management.EditorTests.dll at Library/ScriptAssemblies/Unity.XR.Management.EditorTests.dll not valid. Loading of assembly skipped.
Assembly Unity.XR.Management.TestPackage.dll at Library/ScriptAssemblies/Unity.XR.Management.TestPackage.dll not valid. Loading of assembly skipped.
Assembly Unity.XR.Management.TestPackage.Editor.dll at Library/ScriptAssemblies/Unity.XR.Management.TestPackage.Editor.dll not valid. Loading of assembly skipped.
Assembly Unity.XR.Management.Tests.dll at Library/ScriptAssemblies/Unity.XR.Management.Tests.dll not valid. Loading of assembly skipped.
Assembly Unity.XR.Management.Tests.Standalone.dll at Library/ScriptAssemblies/Unity.XR.Management.Tests.Standalone.dll not valid. Loading of assembly skipped.
Assembly Unity.XR.OpenXR.Editor.Tests.dll at Library/ScriptAssemblies/Unity.XR.OpenXR.Editor.Tests.dll not valid. Loading of assembly skipped.
Assembly Unity.XR.OpenXR.Tests.dll at Library/ScriptAssemblies/Unity.XR.OpenXR.Tests.dll not valid. Loading of assembly skipped.
Assembly Unity.XR.OpenXR.Ubuntu.Tests.dll at Library/ScriptAssemblies/Unity.XR.OpenXR.Ubuntu.Tests.dll not valid. Loading of assembly skipped.
Assembly Unity.XR.Simulation.Editor.Tests.dll at Library/ScriptAssemblies/Unity.XR.Simulation.Editor.Tests.dll not valid. Loading of assembly skipped.
Assembly Unity.XR.Simulation.Runtime.Tests.dll at Library/ScriptAssemblies/Unity.XR.Simulation.Runtime.Tests.dll not valid. Loading of assembly skipped.
Assembly Unity.XR.TestSupport.dll at Library/ScriptAssemblies/Unity.XR.TestSupport.dll not valid. Loading of assembly skipped.
Assembly Unity.XR.TestTooling.Editor.Tests.dll at Library/ScriptAssemblies/Unity.XR.TestTooling.Editor.Tests.dll not valid. Loading of assembly skipped.
Assembly UnityEditor.UI.Common.Tests.dll at Library/ScriptAssemblies/UnityEditor.UI.Common.Tests.dll not valid. Loading of assembly skipped.
Assembly UnityEditor.UI.EditorTests.dll at Library/ScriptAssemblies/UnityEditor.UI.EditorTests.dll not valid. Loading of assembly skipped.
Assembly UnityEditor.XR.LegacyInputHelpers.Tests.dll at Library/ScriptAssemblies/UnityEditor.XR.LegacyInputHelpers.Tests.dll not valid. Loading of assembly skipped.
Assembly UnityEngine.SpatialTracking.Tests.dll at Library/ScriptAssemblies/UnityEngine.SpatialTracking.Tests.dll not valid. Loading of assembly skipped.
Assembly UnityEngine.UI.Tests.dll at Library/ScriptAssemblies/UnityEngine.UI.Tests.dll not valid. Loading of assembly skipped.
Assembly UnityEngine.XR.OpenXR.CodeSamples.Editor.Tests.dll at Library/ScriptAssemblies/UnityEngine.XR.OpenXR.CodeSamples.Editor.Tests.dll not valid. Loading of assembly skipped.
Refreshing native plugins compatible for Editor in 11.07 ms, found 9 plugins.
Native extension for iOS target not found
Native extension for Android target not found
Native extension for OSXStandalone target not found
[Package Manager] Failed to launch server process. Reason: Unity was launched with the -noUpm command-line argument
[Package Manager] Unable to send message (not connected to server process).
[Package Manager] Cannot connect to Unity Package Manager local server
[Package Manager] Failed to launch server process. Reason: Unity was launched with the -noUpm command-line argument
[Package Manager] Unable to send message (not connected to server process).
[Package Manager] Cannot connect to Unity Package Manager local server
ScheduleIndexationOnStartup MainProcess:False IndexOnStartup:True
[Licensing::Client] Successfully resolved entitlement details
Mono: successfully reloaded assembly
[Package Manager] Failed to launch server process. Reason: Unity was launched with the -noUpm command-line argument
[Package Manager] Unable to send message (not connected to server process).
[Package Manager] Cannot connect to Unity Package Manager local server
- Finished resetting the current domain, in  0.487 seconds
Domain Reload Profiling: 1053ms
	BeginReloadAssembly (178ms)
		DisableScriptedObjects (21ms)
		CreateAndSetChildDomain (51ms)
	RebuildCommonClasses (27ms)
	RebuildNativeTypeToScriptingClass (11ms)
	initialDomainReloadingComplete (68ms)
	LoadAllAssembliesAndSetupDomain (282ms)
		LoadAssemblies (219ms)
		AnalyzeDomain (119ms)
			TypeCache.Refresh (9ms)
			BuildScriptInfoCaches (102ms)
			ResolveRequiredComponents (7ms)
	FinalizeReload (487ms)
		SetupLoadedEditorAssemblies (0ms)
			InitializePlatformSupportModulesInManaged (13ms)
			BeforeProcessingInitializeOnLoad (100ms)
			ProcessInitializeOnLoadAttributes (155ms)
			ProcessInitializeOnLoadMethodAttributes (54ms)
		AwakeInstancesAfterBackupRestoration (12ms)
WARNING: Shader Unsupported: 'Hidden/Simulation/URP/Synthetic' - All subshaders removed
WARNING: Shader Did you use #pragma only_renderers and omit this platform?
WARNING: Shader If subshaders removal was intentional, you may have forgotten turning Fallback off?
WARNING: Shader Unsupported: 'Hidden/Simulation/Synthetic Lit' - All subshaders removed
WARNING: Shader Did you use #pragma only_renderers and omit this platform?
WARNING: Shader If subshaders removal was intentional, you may have forgotten turning Fallback off?
WARNING: Shader Unsupported: 'Simulation/URP/Room X-Ray' - All subshaders removed
WARNING: Shader Did you use #pragma only_renderers and omit this platform?
WARNING: Shader If subshaders removal was intentional, you may have forgotten turning Fallback off?
WARNING: Shader Unsupported: 'Simulation/URP/Lit' - All subshaders removed
WARNING: Shader Did you use #pragma only_renderers and omit this platform?
WARNING: Shader If subshaders removal was intentional, you may have forgotten turning Fallback off?
WARNING: Shader Unsupported: 'Simulation/Standard Lit' - All subshaders removed
WARNING: Shader Did you use #pragma only_renderers and omit this platform?
WARNING: Shader If subshaders removal was intentional, you may have forgotten turning Fallback off?
WARNING: Shader Unsupported: 'Simulation/Room X-Ray' - All subshaders removed
WARNING: Shader Did you use #pragma only_renderers and omit this platform?
WARNING: Shader If subshaders removal was intentional, you may have forgotten turning Fallback off?
Refreshing native plugins compatible for Editor in 3.02 ms, found 9 plugins.
Unloading 8 Unused Serialized files (Serialized files now loaded: 0)
Unloading 5816 unused Assets / (4.7 MB). Loaded Objects now: 6466.
Memory consumption went from 119.5 MB to 114.8 MB.
Total: 7.173041 ms (FindLiveObjects: 0.297083 ms CreateObjectMapping: 0.146875 ms MarkObjects: 4.598125 ms  DeleteObjects: 2.130208 ms)

Prepare: number of updated asset objects reloaded= 0
========================================================================
Received Prepare
Begin MonoManager ReloadAssembly
Thread 0x17569f000 may have been prematurely finalized
Assembly Assembly-CSharp-Editor-firstpass.dll at Library/ScriptAssemblies/Assembly-CSharp-Editor-firstpass.dll not valid. Loading of assembly skipped.
Assembly Assembly-CSharp-Editor.dll at Library/ScriptAssemblies/Assembly-CSharp-Editor.dll not valid. Loading of assembly skipped.
Assembly Assembly-CSharp-firstpass.dll at Library/ScriptAssemblies/Assembly-CSharp-firstpass.dll not valid. Loading of assembly skipped.
Assembly DocCodeExamples.dll at Library/ScriptAssemblies/DocCodeExamples.dll not valid. Loading of assembly skipped.
Assembly TestNewCustomAssembly.dll at Library/ScriptAssemblies/TestNewCustomAssembly.dll not valid. Loading of assembly skipped.
Assembly Unity.InputSystem.IntegrationTests.dll at Library/ScriptAssemblies/Unity.InputSystem.IntegrationTests.dll not valid. Loading of assembly skipped.
Assembly Unity.Mathematics.Tests.dll at Library/ScriptAssemblies/Unity.Mathematics.Tests.dll not valid. Loading of assembly skipped.
Assembly Unity.Multiplayer.Center.Editor.Tests.dll at Library/ScriptAssemblies/Unity.Multiplayer.Center.Editor.Tests.dll not valid. Loading of assembly skipped.
Assembly Unity.Multiplayer.Center.Tests.dll at Library/ScriptAssemblies/Unity.Multiplayer.Center.Tests.dll not valid. Loading of assembly skipped.
Assembly Unity.TextMeshPro.Editor.Tests.dll at Library/ScriptAssemblies/Unity.TextMeshPro.Editor.Tests.dll not valid. Loading of assembly skipped.
Assembly Unity.TextMeshPro.Tests.dll at Library/ScriptAssemblies/Unity.TextMeshPro.Tests.dll not valid. Loading of assembly skipped.
Assembly Unity.XR.ARCore.CodeSamples.Tests.dll at Library/ScriptAssemblies/Unity.XR.ARCore.CodeSamples.Tests.dll not valid. Loading of assembly skipped.
Assembly Unity.XR.ARCore.Editor.Tests.dll at Library/ScriptAssemblies/Unity.XR.ARCore.Editor.Tests.dll not valid. Loading of assembly skipped.
Assembly Unity.XR.ARCore.Runtime.Tests.dll at Library/ScriptAssemblies/Unity.XR.ARCore.Runtime.Tests.dll not valid. Loading of assembly skipped.
Assembly Unity.XR.ARFoundation.CodeSamples.Editor.Tests.dll at Library/ScriptAssemblies/Unity.XR.ARFoundation.CodeSamples.Editor.Tests.dll not valid. Loading of assembly skipped.
Assembly Unity.XR.ARFoundation.CodeSamples.Tests.dll at Library/ScriptAssemblies/Unity.XR.ARFoundation.CodeSamples.Tests.dll not valid. Loading of assembly skipped.
Assembly Unity.XR.ARFoundation.Editor.Tests.dll at Library/ScriptAssemblies/Unity.XR.ARFoundation.Editor.Tests.dll not valid. Loading of assembly skipped.
Assembly Unity.XR.ARFoundation.InternalUtils.Editor.Tests.dll at Library/ScriptAssemblies/Unity.XR.ARFoundation.InternalUtils.Editor.Tests.dll not valid. Loading of assembly skipped.
Assembly Unity.XR.ARFoundation.Runtime.Tests.dll at Library/ScriptAssemblies/Unity.XR.ARFoundation.Runtime.Tests.dll not valid. Loading of assembly skipped.
Assembly Unity.XR.ARKit.CodeSamples.Tests.dll at Library/ScriptAssemblies/Unity.XR.ARKit.CodeSamples.Tests.dll not valid. Loading of assembly skipped.
Assembly Unity.XR.ARKit.Editor.Tests.dll at Library/ScriptAssemblies/Unity.XR.ARKit.Editor.Tests.dll not valid. Loading of assembly skipped.
Assembly Unity.XR.ARKit.Runtime.Tests.dll at Library/ScriptAssemblies/Unity.XR.ARKit.Runtime.Tests.dll not valid. Loading of assembly skipped.
Assembly Unity.XR.ARSubsystems.Editor.Tests.dll at Library/ScriptAssemblies/Unity.XR.ARSubsystems.Editor.Tests.dll not valid. Loading of assembly skipped.
Assembly Unity.XR.CoreUtils.CodeSamples.Tests.dll at Library/ScriptAssemblies/Unity.XR.CoreUtils.CodeSamples.Tests.dll not valid. Loading of assembly skipped.
Assembly Unity.XR.CoreUtils.Editor.Tests.dll at Library/ScriptAssemblies/Unity.XR.CoreUtils.Editor.Tests.dll not valid. Loading of assembly skipped.
Assembly Unity.XR.CoreUtils.Tests.dll at Library/ScriptAssemblies/Unity.XR.CoreUtils.Tests.dll not valid. Loading of assembly skipped.
Assembly Unity.XR.Interaction.Toolkit.Editor.Tests.dll at Library/ScriptAssemblies/Unity.XR.Interaction.Toolkit.Editor.Tests.dll not valid. Loading of assembly skipped.
Assembly Unity.XR.Interaction.Toolkit.Tests.dll at Library/ScriptAssemblies/Unity.XR.Interaction.Toolkit.Tests.dll not valid. Loading of assembly skipped.
Assembly Unity.XR.Management.EditorTests.dll at Library/ScriptAssemblies/Unity.XR.Management.EditorTests.dll not valid. Loading of assembly skipped.
Assembly Unity.XR.Management.TestPackage.dll at Library/ScriptAssemblies/Unity.XR.Management.TestPackage.dll not valid. Loading of assembly skipped.
Assembly Unity.XR.Management.TestPackage.Editor.dll at Library/ScriptAssemblies/Unity.XR.Management.TestPackage.Editor.dll not valid. Loading of assembly skipped.
Assembly Unity.XR.Management.Tests.dll at Library/ScriptAssemblies/Unity.XR.Management.Tests.dll not valid. Loading of assembly skipped.
Assembly Unity.XR.Management.Tests.Standalone.dll at Library/ScriptAssemblies/Unity.XR.Management.Tests.Standalone.dll not valid. Loading of assembly skipped.
Assembly Unity.XR.OpenXR.Editor.Tests.dll at Library/ScriptAssemblies/Unity.XR.OpenXR.Editor.Tests.dll not valid. Loading of assembly skipped.
Assembly Unity.XR.OpenXR.Tests.dll at Library/ScriptAssemblies/Unity.XR.OpenXR.Tests.dll not valid. Loading of assembly skipped.
Assembly Unity.XR.OpenXR.Ubuntu.Tests.dll at Library/ScriptAssemblies/Unity.XR.OpenXR.Ubuntu.Tests.dll not valid. Loading of assembly skipped.
Assembly Unity.XR.Simulation.Editor.Tests.dll at Library/ScriptAssemblies/Unity.XR.Simulation.Editor.Tests.dll not valid. Loading of assembly skipped.
Assembly Unity.XR.Simulation.Runtime.Tests.dll at Library/ScriptAssemblies/Unity.XR.Simulation.Runtime.Tests.dll not valid. Loading of assembly skipped.
Assembly Unity.XR.TestSupport.dll at Library/ScriptAssemblies/Unity.XR.TestSupport.dll not valid. Loading of assembly skipped.
Assembly Unity.XR.TestTooling.Editor.Tests.dll at Library/ScriptAssemblies/Unity.XR.TestTooling.Editor.Tests.dll not valid. Loading of assembly skipped.
Assembly UnityEditor.UI.Common.Tests.dll at Library/ScriptAssemblies/UnityEditor.UI.Common.Tests.dll not valid. Loading of assembly skipped.
Assembly UnityEditor.UI.EditorTests.dll at Library/ScriptAssemblies/UnityEditor.UI.EditorTests.dll not valid. Loading of assembly skipped.
Assembly UnityEditor.XR.LegacyInputHelpers.Tests.dll at Library/ScriptAssemblies/UnityEditor.XR.LegacyInputHelpers.Tests.dll not valid. Loading of assembly skipped.
Assembly UnityEngine.SpatialTracking.Tests.dll at Library/ScriptAssemblies/UnityEngine.SpatialTracking.Tests.dll not valid. Loading of assembly skipped.
Assembly UnityEngine.UI.Tests.dll at Library/ScriptAssemblies/UnityEngine.UI.Tests.dll not valid. Loading of assembly skipped.
Assembly UnityEngine.XR.OpenXR.CodeSamples.Editor.Tests.dll at Library/ScriptAssemblies/UnityEngine.XR.OpenXR.CodeSamples.Editor.Tests.dll not valid. Loading of assembly skipped.
Refreshing native plugins compatible for Editor in 4.36 ms, found 9 plugins.
Native extension for iOS target not found
Native extension for Android target not found
Native extension for OSXStandalone target not found
[Package Manager] Failed to launch server process. Reason: Unity was launched with the -noUpm command-line argument
[Package Manager] Unable to send message (not connected to server process).
[Package Manager] Cannot connect to Unity Package Manager local server
[Package Manager] Failed to launch server process. Reason: Unity was launched with the -noUpm command-line argument
[Package Manager] Unable to send message (not connected to server process).
[Package Manager] Cannot connect to Unity Package Manager local server
ScheduleIndexationOnStartup MainProcess:False IndexOnStartup:True
Mono: successfully reloaded assembly
[Package Manager] Failed to launch server process. Reason: Unity was launched with the -noUpm command-line argument
[Package Manager] Unable to send message (not connected to server process).
[Package Manager] Cannot connect to Unity Package Manager local server
- Finished resetting the current domain, in  0.468 seconds
Domain Reload Profiling: 923ms
	BeginReloadAssembly (111ms)
		DisableScriptedObjects (11ms)
		CreateAndSetChildDomain (22ms)
	RebuildCommonClasses (27ms)
	RebuildNativeTypeToScriptingClass (11ms)
	initialDomainReloadingComplete (25ms)
	LoadAllAssembliesAndSetupDomain (280ms)
		LoadAssemblies (201ms)
		AnalyzeDomain (115ms)
			TypeCache.Refresh (6ms)
			BuildScriptInfoCaches (102ms)
			ResolveRequiredComponents (7ms)
	FinalizeReload (468ms)
		SetupLoadedEditorAssemblies (0ms)
			InitializePlatformSupportModulesInManaged (13ms)
			BeforeProcessingInitializeOnLoad (98ms)
			ProcessInitializeOnLoadAttributes (161ms)
			ProcessInitializeOnLoadMethodAttributes (53ms)
		AwakeInstancesAfterBackupRestoration (12ms)
WARNING: Shader Unsupported: 'Hidden/Simulation/URP/Synthetic' - All subshaders removed
WARNING: Shader Did you use #pragma only_renderers and omit this platform?
WARNING: Shader If subshaders removal was intentional, you may have forgotten turning Fallback off?
WARNING: Shader Unsupported: 'Hidden/Simulation/Synthetic Lit' - All subshaders removed
WARNING: Shader Did you use #pragma only_renderers and omit this platform?
WARNING: Shader If subshaders removal was intentional, you may have forgotten turning Fallback off?
WARNING: Shader Unsupported: 'Simulation/URP/Room X-Ray' - All subshaders removed
WARNING: Shader Did you use #pragma only_renderers and omit this platform?
WARNING: Shader If subshaders removal was intentional, you may have forgotten turning Fallback off?
WARNING: Shader Unsupported: 'Simulation/URP/Lit' - All subshaders removed
WARNING: Shader Did you use #pragma only_renderers and omit this platform?
WARNING: Shader If subshaders removal was intentional, you may have forgotten turning Fallback off?
WARNING: Shader Unsupported: 'Simulation/Standard Lit' - All subshaders removed
WARNING: Shader Did you use #pragma only_renderers and omit this platform?
WARNING: Shader If subshaders removal was intentional, you may have forgotten turning Fallback off?
WARNING: Shader Unsupported: 'Simulation/Room X-Ray' - All subshaders removed
WARNING: Shader Did you use #pragma only_renderers and omit this platform?
WARNING: Shader If subshaders removal was intentional, you may have forgotten turning Fallback off?
Refreshing native plugins compatible for Editor in 3.11 ms, found 9 plugins.
Unloading 8 Unused Serialized files (Serialized files now loaded: 0)
Unloading 5816 unused Assets / (3.1 MB). Loaded Objects now: 6467.
Memory consumption went from 119.5 MB to 116.4 MB.
Total: 7.227417 ms (FindLiveObjects: 0.308208 ms CreateObjectMapping: 0.156292 ms MarkObjects: 4.646166 ms  DeleteObjects: 2.116083 ms)

Prepare: number of updated asset objects reloaded= 0
========================================================================
Received Prepare
[Licensing::Client] Successfully resolved entitlement details
Begin MonoManager ReloadAssembly
[Licensing::Client] Successfully resolved entitlement details
Thread 0x17575f000 may have been prematurely finalized
Assembly Assembly-CSharp-Editor-firstpass.dll at Library/ScriptAssemblies/Assembly-CSharp-Editor-firstpass.dll not valid. Loading of assembly skipped.
Assembly Assembly-CSharp-Editor.dll at Library/ScriptAssemblies/Assembly-CSharp-Editor.dll not valid. Loading of assembly skipped.
Assembly Assembly-CSharp-firstpass.dll at Library/ScriptAssemblies/Assembly-CSharp-firstpass.dll not valid. Loading of assembly skipped.
Assembly DocCodeExamples.dll at Library/ScriptAssemblies/DocCodeExamples.dll not valid. Loading of assembly skipped.
Assembly TestNewCustomAssembly.dll at Library/ScriptAssemblies/TestNewCustomAssembly.dll not valid. Loading of assembly skipped.
Assembly Unity.InputSystem.IntegrationTests.dll at Library/ScriptAssemblies/Unity.InputSystem.IntegrationTests.dll not valid. Loading of assembly skipped.
Assembly Unity.Mathematics.Tests.dll at Library/ScriptAssemblies/Unity.Mathematics.Tests.dll not valid. Loading of assembly skipped.
Assembly Unity.Multiplayer.Center.Editor.Tests.dll at Library/ScriptAssemblies/Unity.Multiplayer.Center.Editor.Tests.dll not valid. Loading of assembly skipped.
Assembly Unity.Multiplayer.Center.Tests.dll at Library/ScriptAssemblies/Unity.Multiplayer.Center.Tests.dll not valid. Loading of assembly skipped.
Assembly Unity.TextMeshPro.Editor.Tests.dll at Library/ScriptAssemblies/Unity.TextMeshPro.Editor.Tests.dll not valid. Loading of assembly skipped.
Assembly Unity.TextMeshPro.Tests.dll at Library/ScriptAssemblies/Unity.TextMeshPro.Tests.dll not valid. Loading of assembly skipped.
Assembly Unity.XR.ARCore.CodeSamples.Tests.dll at Library/ScriptAssemblies/Unity.XR.ARCore.CodeSamples.Tests.dll not valid. Loading of assembly skipped.
Assembly Unity.XR.ARCore.Editor.Tests.dll at Library/ScriptAssemblies/Unity.XR.ARCore.Editor.Tests.dll not valid. Loading of assembly skipped.
Assembly Unity.XR.ARCore.Runtime.Tests.dll at Library/ScriptAssemblies/Unity.XR.ARCore.Runtime.Tests.dll not valid. Loading of assembly skipped.
Assembly Unity.XR.ARFoundation.CodeSamples.Editor.Tests.dll at Library/ScriptAssemblies/Unity.XR.ARFoundation.CodeSamples.Editor.Tests.dll not valid. Loading of assembly skipped.
Assembly Unity.XR.ARFoundation.CodeSamples.Tests.dll at Library/ScriptAssemblies/Unity.XR.ARFoundation.CodeSamples.Tests.dll not valid. Loading of assembly skipped.
Assembly Unity.XR.ARFoundation.Editor.Tests.dll at Library/ScriptAssemblies/Unity.XR.ARFoundation.Editor.Tests.dll not valid. Loading of assembly skipped.
Assembly Unity.XR.ARFoundation.InternalUtils.Editor.Tests.dll at Library/ScriptAssemblies/Unity.XR.ARFoundation.InternalUtils.Editor.Tests.dll not valid. Loading of assembly skipped.
Assembly Unity.XR.ARFoundation.Runtime.Tests.dll at Library/ScriptAssemblies/Unity.XR.ARFoundation.Runtime.Tests.dll not valid. Loading of assembly skipped.
Assembly Unity.XR.ARKit.CodeSamples.Tests.dll at Library/ScriptAssemblies/Unity.XR.ARKit.CodeSamples.Tests.dll not valid. Loading of assembly skipped.
Assembly Unity.XR.ARKit.Editor.Tests.dll at Library/ScriptAssemblies/Unity.XR.ARKit.Editor.Tests.dll not valid. Loading of assembly skipped.
Assembly Unity.XR.ARKit.Runtime.Tests.dll at Library/ScriptAssemblies/Unity.XR.ARKit.Runtime.Tests.dll not valid. Loading of assembly skipped.
Assembly Unity.XR.ARSubsystems.Editor.Tests.dll at Library/ScriptAssemblies/Unity.XR.ARSubsystems.Editor.Tests.dll not valid. Loading of assembly skipped.
Assembly Unity.XR.CoreUtils.CodeSamples.Tests.dll at Library/ScriptAssemblies/Unity.XR.CoreUtils.CodeSamples.Tests.dll not valid. Loading of assembly skipped.
Assembly Unity.XR.CoreUtils.Editor.Tests.dll at Library/ScriptAssemblies/Unity.XR.CoreUtils.Editor.Tests.dll not valid. Loading of assembly skipped.
Assembly Unity.XR.CoreUtils.Tests.dll at Library/ScriptAssemblies/Unity.XR.CoreUtils.Tests.dll not valid. Loading of assembly skipped.
Assembly Unity.XR.Interaction.Toolkit.Editor.Tests.dll at Library/ScriptAssemblies/Unity.XR.Interaction.Toolkit.Editor.Tests.dll not valid. Loading of assembly skipped.
Assembly Unity.XR.Interaction.Toolkit.Tests.dll at Library/ScriptAssemblies/Unity.XR.Interaction.Toolkit.Tests.dll not valid. Loading of assembly skipped.
Assembly Unity.XR.Management.EditorTests.dll at Library/ScriptAssemblies/Unity.XR.Management.EditorTests.dll not valid. Loading of assembly skipped.
Assembly Unity.XR.Management.TestPackage.dll at Library/ScriptAssemblies/Unity.XR.Management.TestPackage.dll not valid. Loading of assembly skipped.
Assembly Unity.XR.Management.TestPackage.Editor.dll at Library/ScriptAssemblies/Unity.XR.Management.TestPackage.Editor.dll not valid. Loading of assembly skipped.
Assembly Unity.XR.Management.Tests.dll at Library/ScriptAssemblies/Unity.XR.Management.Tests.dll not valid. Loading of assembly skipped.
Assembly Unity.XR.Management.Tests.Standalone.dll at Library/ScriptAssemblies/Unity.XR.Management.Tests.Standalone.dll not valid. Loading of assembly skipped.
Assembly Unity.XR.OpenXR.Editor.Tests.dll at Library/ScriptAssemblies/Unity.XR.OpenXR.Editor.Tests.dll not valid. Loading of assembly skipped.
Assembly Unity.XR.OpenXR.Tests.dll at Library/ScriptAssemblies/Unity.XR.OpenXR.Tests.dll not valid. Loading of assembly skipped.
Assembly Unity.XR.OpenXR.Ubuntu.Tests.dll at Library/ScriptAssemblies/Unity.XR.OpenXR.Ubuntu.Tests.dll not valid. Loading of assembly skipped.
Assembly Unity.XR.Simulation.Editor.Tests.dll at Library/ScriptAssemblies/Unity.XR.Simulation.Editor.Tests.dll not valid. Loading of assembly skipped.
Assembly Unity.XR.Simulation.Runtime.Tests.dll at Library/ScriptAssemblies/Unity.XR.Simulation.Runtime.Tests.dll not valid. Loading of assembly skipped.
Assembly Unity.XR.TestSupport.dll at Library/ScriptAssemblies/Unity.XR.TestSupport.dll not valid. Loading of assembly skipped.
Assembly Unity.XR.TestTooling.Editor.Tests.dll at Library/ScriptAssemblies/Unity.XR.TestTooling.Editor.Tests.dll not valid. Loading of assembly skipped.
Assembly UnityEditor.UI.Common.Tests.dll at Library/ScriptAssemblies/UnityEditor.UI.Common.Tests.dll not valid. Loading of assembly skipped.
Assembly UnityEditor.UI.EditorTests.dll at Library/ScriptAssemblies/UnityEditor.UI.EditorTests.dll not valid. Loading of assembly skipped.
Assembly UnityEditor.XR.LegacyInputHelpers.Tests.dll at Library/ScriptAssemblies/UnityEditor.XR.LegacyInputHelpers.Tests.dll not valid. Loading of assembly skipped.
Assembly UnityEngine.SpatialTracking.Tests.dll at Library/ScriptAssemblies/UnityEngine.SpatialTracking.Tests.dll not valid. Loading of assembly skipped.
Assembly UnityEngine.UI.Tests.dll at Library/ScriptAssemblies/UnityEngine.UI.Tests.dll not valid. Loading of assembly skipped.
Assembly UnityEngine.XR.OpenXR.CodeSamples.Editor.Tests.dll at Library/ScriptAssemblies/UnityEngine.XR.OpenXR.CodeSamples.Editor.Tests.dll not valid. Loading of assembly skipped.
Refreshing native plugins compatible for Editor in 7.51 ms, found 9 plugins.
Native extension for iOS target not found
Native extension for Android target not found
Native extension for OSXStandalone target not found
[Package Manager] Failed to launch server process. Reason: Unity was launched with the -noUpm command-line argument
[Package Manager] Unable to send message (not connected to server process).
[Package Manager] Cannot connect to Unity Package Manager local server
[Package Manager] Failed to launch server process. Reason: Unity was launched with the -noUpm command-line argument
[Package Manager] Unable to send message (not connected to server process).
[Package Manager] Cannot connect to Unity Package Manager local server
ScheduleIndexationOnStartup MainProcess:False IndexOnStartup:True
[Licensing::Client] Successfully resolved entitlement details
Mono: successfully reloaded assembly
[Package Manager] Failed to launch server process. Reason: Unity was launched with the -noUpm command-line argument
[Package Manager] Unable to send message (not connected to server process).
[Package Manager] Cannot connect to Unity Package Manager local server
- Finished resetting the current domain, in  0.468 seconds
Domain Reload Profiling: 1016ms
	BeginReloadAssembly (174ms)
		DisableScriptedObjects (23ms)
		CreateAndSetChildDomain (51ms)
	RebuildCommonClasses (27ms)
	RebuildNativeTypeToScriptingClass (12ms)
	initialDomainReloadingComplete (31ms)
	LoadAllAssembliesAndSetupDomain (302ms)
		LoadAssemblies (224ms)
		AnalyzeDomain (129ms)
			TypeCache.Refresh (11ms)
			BuildScriptInfoCaches (109ms)
			ResolveRequiredComponents (7ms)
	FinalizeReload (469ms)
		SetupLoadedEditorAssemblies (0ms)
			InitializePlatformSupportModulesInManaged (13ms)
			BeforeProcessingInitializeOnLoad (99ms)
			ProcessInitializeOnLoadAttributes (158ms)
			ProcessInitializeOnLoadMethodAttributes (51ms)
		AwakeInstancesAfterBackupRestoration (12ms)
WARNING: Shader Unsupported: 'Hidden/Simulation/URP/Synthetic' - All subshaders removed
WARNING: Shader Did you use #pragma only_renderers and omit this platform?
WARNING: Shader If subshaders removal was intentional, you may have forgotten turning Fallback off?
WARNING: Shader Unsupported: 'Hidden/Simulation/Synthetic Lit' - All subshaders removed
WARNING: Shader Did you use #pragma only_renderers and omit this platform?
WARNING: Shader If subshaders removal was intentional, you may have forgotten turning Fallback off?
WARNING: Shader Unsupported: 'Simulation/URP/Room X-Ray' - All subshaders removed
WARNING: Shader Did you use #pragma only_renderers and omit this platform?
WARNING: Shader If subshaders removal was intentional, you may have forgotten turning Fallback off?
WARNING: Shader Unsupported: 'Simulation/URP/Lit' - All subshaders removed
WARNING: Shader Did you use #pragma only_renderers and omit this platform?
WARNING: Shader If subshaders removal was intentional, you may have forgotten turning Fallback off?
WARNING: Shader Unsupported: 'Simulation/Standard Lit' - All subshaders removed
WARNING: Shader Did you use #pragma only_renderers and omit this platform?
WARNING: Shader If subshaders removal was intentional, you may have forgotten turning Fallback off?
WARNING: Shader Unsupported: 'Simulation/Room X-Ray' - All subshaders removed
WARNING: Shader Did you use #pragma only_renderers and omit this platform?
WARNING: Shader If subshaders removal was intentional, you may have forgotten turning Fallback off?
Refreshing native plugins compatible for Editor in 3.44 ms, found 9 plugins.
Unloading 8 Unused Serialized files (Serialized files now loaded: 0)
Unloading 5816 unused Assets / (4.0 MB). Loaded Objects now: 6468.
Memory consumption went from 119.4 MB to 115.4 MB.
Total: 7.295542 ms (FindLiveObjects: 0.357208 ms CreateObjectMapping: 0.196042 ms MarkObjects: 4.588042 ms  DeleteObjects: 2.153958 ms)

Prepare: number of updated asset objects reloaded= 0
========================================================================
Received Prepare
[Licensing::Client] Successfully resolved entitlement details
Begin MonoManager ReloadAssembly
[Licensing::Client] Successfully resolved entitlement details
Thread 0x16f8ab000 may have been prematurely finalized
Assembly Assembly-CSharp-Editor-firstpass.dll at Library/ScriptAssemblies/Assembly-CSharp-Editor-firstpass.dll not valid. Loading of assembly skipped.
Assembly Assembly-CSharp-Editor.dll at Library/ScriptAssemblies/Assembly-CSharp-Editor.dll not valid. Loading of assembly skipped.
Assembly Assembly-CSharp-firstpass.dll at Library/ScriptAssemblies/Assembly-CSharp-firstpass.dll not valid. Loading of assembly skipped.
Assembly DocCodeExamples.dll at Library/ScriptAssemblies/DocCodeExamples.dll not valid. Loading of assembly skipped.
Assembly TestNewCustomAssembly.dll at Library/ScriptAssemblies/TestNewCustomAssembly.dll not valid. Loading of assembly skipped.
Assembly Unity.InputSystem.IntegrationTests.dll at Library/ScriptAssemblies/Unity.InputSystem.IntegrationTests.dll not valid. Loading of assembly skipped.
Assembly Unity.Mathematics.Tests.dll at Library/ScriptAssemblies/Unity.Mathematics.Tests.dll not valid. Loading of assembly skipped.
Assembly Unity.Multiplayer.Center.Editor.Tests.dll at Library/ScriptAssemblies/Unity.Multiplayer.Center.Editor.Tests.dll not valid. Loading of assembly skipped.
Assembly Unity.Multiplayer.Center.Tests.dll at Library/ScriptAssemblies/Unity.Multiplayer.Center.Tests.dll not valid. Loading of assembly skipped.
Assembly Unity.TextMeshPro.Editor.Tests.dll at Library/ScriptAssemblies/Unity.TextMeshPro.Editor.Tests.dll not valid. Loading of assembly skipped.
Assembly Unity.TextMeshPro.Tests.dll at Library/ScriptAssemblies/Unity.TextMeshPro.Tests.dll not valid. Loading of assembly skipped.
Assembly Unity.XR.ARCore.CodeSamples.Tests.dll at Library/ScriptAssemblies/Unity.XR.ARCore.CodeSamples.Tests.dll not valid. Loading of assembly skipped.
Assembly Unity.XR.ARCore.Editor.Tests.dll at Library/ScriptAssemblies/Unity.XR.ARCore.Editor.Tests.dll not valid. Loading of assembly skipped.
Assembly Unity.XR.ARCore.Runtime.Tests.dll at Library/ScriptAssemblies/Unity.XR.ARCore.Runtime.Tests.dll not valid. Loading of assembly skipped.
Assembly Unity.XR.ARFoundation.CodeSamples.Editor.Tests.dll at Library/ScriptAssemblies/Unity.XR.ARFoundation.CodeSamples.Editor.Tests.dll not valid. Loading of assembly skipped.
Assembly Unity.XR.ARFoundation.CodeSamples.Tests.dll at Library/ScriptAssemblies/Unity.XR.ARFoundation.CodeSamples.Tests.dll not valid. Loading of assembly skipped.
Assembly Unity.XR.ARFoundation.Editor.Tests.dll at Library/ScriptAssemblies/Unity.XR.ARFoundation.Editor.Tests.dll not valid. Loading of assembly skipped.
Assembly Unity.XR.ARFoundation.InternalUtils.Editor.Tests.dll at Library/ScriptAssemblies/Unity.XR.ARFoundation.InternalUtils.Editor.Tests.dll not valid. Loading of assembly skipped.
Assembly Unity.XR.ARFoundation.Runtime.Tests.dll at Library/ScriptAssemblies/Unity.XR.ARFoundation.Runtime.Tests.dll not valid. Loading of assembly skipped.
Assembly Unity.XR.ARKit.CodeSamples.Tests.dll at Library/ScriptAssemblies/Unity.XR.ARKit.CodeSamples.Tests.dll not valid. Loading of assembly skipped.
Assembly Unity.XR.ARKit.Editor.Tests.dll at Library/ScriptAssemblies/Unity.XR.ARKit.Editor.Tests.dll not valid. Loading of assembly skipped.
Assembly Unity.XR.ARKit.Runtime.Tests.dll at Library/ScriptAssemblies/Unity.XR.ARKit.Runtime.Tests.dll not valid. Loading of assembly skipped.
Assembly Unity.XR.ARSubsystems.Editor.Tests.dll at Library/ScriptAssemblies/Unity.XR.ARSubsystems.Editor.Tests.dll not valid. Loading of assembly skipped.
Assembly Unity.XR.CoreUtils.CodeSamples.Tests.dll at Library/ScriptAssemblies/Unity.XR.CoreUtils.CodeSamples.Tests.dll not valid. Loading of assembly skipped.
Assembly Unity.XR.CoreUtils.Editor.Tests.dll at Library/ScriptAssemblies/Unity.XR.CoreUtils.Editor.Tests.dll not valid. Loading of assembly skipped.
Assembly Unity.XR.CoreUtils.Tests.dll at Library/ScriptAssemblies/Unity.XR.CoreUtils.Tests.dll not valid. Loading of assembly skipped.
Assembly Unity.XR.Interaction.Toolkit.Editor.Tests.dll at Library/ScriptAssemblies/Unity.XR.Interaction.Toolkit.Editor.Tests.dll not valid. Loading of assembly skipped.
Assembly Unity.XR.Interaction.Toolkit.Tests.dll at Library/ScriptAssemblies/Unity.XR.Interaction.Toolkit.Tests.dll not valid. Loading of assembly skipped.
Assembly Unity.XR.Management.EditorTests.dll at Library/ScriptAssemblies/Unity.XR.Management.EditorTests.dll not valid. Loading of assembly skipped.
Assembly Unity.XR.Management.TestPackage.dll at Library/ScriptAssemblies/Unity.XR.Management.TestPackage.dll not valid. Loading of assembly skipped.
Assembly Unity.XR.Management.TestPackage.Editor.dll at Library/ScriptAssemblies/Unity.XR.Management.TestPackage.Editor.dll not valid. Loading of assembly skipped.
Assembly Unity.XR.Management.Tests.dll at Library/ScriptAssemblies/Unity.XR.Management.Tests.dll not valid. Loading of assembly skipped.
Assembly Unity.XR.Management.Tests.Standalone.dll at Library/ScriptAssemblies/Unity.XR.Management.Tests.Standalone.dll not valid. Loading of assembly skipped.
Assembly Unity.XR.OpenXR.Editor.Tests.dll at Library/ScriptAssemblies/Unity.XR.OpenXR.Editor.Tests.dll not valid. Loading of assembly skipped.
Assembly Unity.XR.OpenXR.Tests.dll at Library/ScriptAssemblies/Unity.XR.OpenXR.Tests.dll not valid. Loading of assembly skipped.
Assembly Unity.XR.OpenXR.Ubuntu.Tests.dll at Library/ScriptAssemblies/Unity.XR.OpenXR.Ubuntu.Tests.dll not valid. Loading of assembly skipped.
Assembly Unity.XR.Simulation.Editor.Tests.dll at Library/ScriptAssemblies/Unity.XR.Simulation.Editor.Tests.dll not valid. Loading of assembly skipped.
Assembly Unity.XR.Simulation.Runtime.Tests.dll at Library/ScriptAssemblies/Unity.XR.Simulation.Runtime.Tests.dll not valid. Loading of assembly skipped.
Assembly Unity.XR.TestSupport.dll at Library/ScriptAssemblies/Unity.XR.TestSupport.dll not valid. Loading of assembly skipped.
Assembly Unity.XR.TestTooling.Editor.Tests.dll at Library/ScriptAssemblies/Unity.XR.TestTooling.Editor.Tests.dll not valid. Loading of assembly skipped.
Assembly UnityEditor.UI.Common.Tests.dll at Library/ScriptAssemblies/UnityEditor.UI.Common.Tests.dll not valid. Loading of assembly skipped.
Assembly UnityEditor.UI.EditorTests.dll at Library/ScriptAssemblies/UnityEditor.UI.EditorTests.dll not valid. Loading of assembly skipped.
Assembly UnityEditor.XR.LegacyInputHelpers.Tests.dll at Library/ScriptAssemblies/UnityEditor.XR.LegacyInputHelpers.Tests.dll not valid. Loading of assembly skipped.
Assembly UnityEngine.SpatialTracking.Tests.dll at Library/ScriptAssemblies/UnityEngine.SpatialTracking.Tests.dll not valid. Loading of assembly skipped.
Assembly UnityEngine.UI.Tests.dll at Library/ScriptAssemblies/UnityEngine.UI.Tests.dll not valid. Loading of assembly skipped.
Assembly UnityEngine.XR.OpenXR.CodeSamples.Editor.Tests.dll at Library/ScriptAssemblies/UnityEngine.XR.OpenXR.CodeSamples.Editor.Tests.dll not valid. Loading of assembly skipped.
Refreshing native plugins compatible for Editor in 3.25 ms, found 9 plugins.
Native extension for iOS target not found
Native extension for Android target not found
Native extension for OSXStandalone target not found
[Package Manager] Failed to launch server process. Reason: Unity was launched with the -noUpm command-line argument
[Package Manager] Unable to send message (not connected to server process).
[Package Manager] Cannot connect to Unity Package Manager local server
[Package Manager] Failed to launch server process. Reason: Unity was launched with the -noUpm command-line argument
[Package Manager] Unable to send message (not connected to server process).
[Package Manager] Cannot connect to Unity Package Manager local server
ScheduleIndexationOnStartup MainProcess:False IndexOnStartup:True
[Licensing::Client] Successfully resolved entitlement details
Mono: successfully reloaded assembly
[Package Manager] Failed to launch server process. Reason: Unity was launched with the -noUpm command-line argument
[Package Manager] Unable to send message (not connected to server process).
[Package Manager] Cannot connect to Unity Package Manager local server
- Finished resetting the current domain, in  0.446 seconds
Domain Reload Profiling: 985ms
	BeginReloadAssembly (172ms)
		DisableScriptedObjects (24ms)
		CreateAndSetChildDomain (46ms)
	RebuildCommonClasses (28ms)
	RebuildNativeTypeToScriptingClass (11ms)
	initialDomainReloadingComplete (37ms)
	LoadAllAssembliesAndSetupDomain (291ms)
		LoadAssemblies (223ms)
		AnalyzeDomain (120ms)
			TypeCache.Refresh (9ms)
			BuildScriptInfoCaches (101ms)
			ResolveRequiredComponents (7ms)
	FinalizeReload (446ms)
		SetupLoadedEditorAssemblies (0ms)
			InitializePlatformSupportModulesInManaged (12ms)
			BeforeProcessingInitializeOnLoad (96ms)
			ProcessInitializeOnLoadAttributes (153ms)
			ProcessInitializeOnLoadMethodAttributes (49ms)
		AwakeInstancesAfterBackupRestoration (12ms)
WARNING: Shader Unsupported: 'Hidden/Simulation/URP/Synthetic' - All subshaders removed
WARNING: Shader Did you use #pragma only_renderers and omit this platform?
WARNING: Shader If subshaders removal was intentional, you may have forgotten turning Fallback off?
WARNING: Shader Unsupported: 'Hidden/Simulation/Synthetic Lit' - All subshaders removed
WARNING: Shader Did you use #pragma only_renderers and omit this platform?
WARNING: Shader If subshaders removal was intentional, you may have forgotten turning Fallback off?
WARNING: Shader Unsupported: 'Simulation/URP/Room X-Ray' - All subshaders removed
WARNING: Shader Did you use #pragma only_renderers and omit this platform?
WARNING: Shader If subshaders removal was intentional, you may have forgotten turning Fallback off?
WARNING: Shader Unsupported: 'Simulation/URP/Lit' - All subshaders removed
WARNING: Shader Did you use #pragma only_renderers and omit this platform?
WARNING: Shader If subshaders removal was intentional, you may have forgotten turning Fallback off?
WARNING: Shader Unsupported: 'Simulation/Standard Lit' - All subshaders removed
WARNING: Shader Did you use #pragma only_renderers and omit this platform?
WARNING: Shader If subshaders removal was intentional, you may have forgotten turning Fallback off?
WARNING: Shader Unsupported: 'Simulation/Room X-Ray' - All subshaders removed
WARNING: Shader Did you use #pragma only_renderers and omit this platform?
WARNING: Shader If subshaders removal was intentional, you may have forgotten turning Fallback off?
Refreshing native plugins compatible for Editor in 3.26 ms, found 9 plugins.
Unloading 8 Unused Serialized files (Serialized files now loaded: 0)
Unloading 5816 unused Assets / (4.7 MB). Loaded Objects now: 6469.
Memory consumption went from 119.4 MB to 114.7 MB.
Total: 7.324083 ms (FindLiveObjects: 0.335209 ms CreateObjectMapping: 0.177750 ms MarkObjects: 4.587000 ms  DeleteObjects: 2.223917 ms)

Prepare: number of updated asset objects reloaded= 0
