Unity Editor version:    6000.4.0f1 (8cf496087c8f)
Branch:                  6000.4/staging
Build type:              Release
Batch mode:              YES
macOS version:           Version 26.3.1 (Build 25D2128)
Darwin version:          25.3.0
Architecture:            arm64
Running under Rosetta:   NO
Available memory:        16384 MB
Date:                    2026-04-26T02:44:01Z
[Licensing::Module] Trying to connect to existing licensing client channel...
[Licensing::IpcConnector] Successfully connected to: "LicenseClient-shiny" at "2026-04-26T02:44:01.424993Z"

COMMAND LINE ARGUMENTS:
/Applications/Unity/Hub/Editor/2020.3.3f1/6000.4.0f1/Unity.app/Contents/MacOS/Unity
-adb2
-batchMode
-noUpm
-name
AssetImportWorker0
-projectPath
/Users/shiny/Documents/GitHub/unity-ar/unity/WorldOrigin
-logFile
Logs/AssetImportWorker0.log
-srvPort
54994
-licensingIpc
LicenseClient-shiny
-force-metal
-job-worker-count
3
-background-job-worker-count
8
-gc-helper-count
1
-name AssetImport
Successfully changed project path to: /Users/shiny/Documents/GitHub/unity-ar/unity/WorldOrigin
/Users/shiny/Documents/GitHub/unity-ar/unity/WorldOrigin
[UnityMemory] Configuration Parameters - Can be set up in boot.config
    "memorysetup-temp-allocator-size-gi-baking-worker=262144"
    "memorysetup-temp-allocator-size-gi-baking-worker=262144"
    "memorysetup-temp-allocator-size-gi-baking-worker=262144"
    "memorysetup-temp-allocator-size-gi-baking-worker=262144"
    "memorysetup-temp-allocator-size-gi-baking-worker=262144"
    "memorysetup-temp-allocator-size-nav-mesh-worker=65536"
    "memorysetup-temp-allocator-size-audio-worker=65536"
    "memorysetup-temp-allocator-size-cloud-worker=32768"
    "memorysetup-allocator-temp-initial-block-size-main=262144"
    "memorysetup-allocator-temp-initial-block-size-worker=262144"
    "memorysetup-temp-allocator-size-background-worker=32768"
    "memorysetup-temp-allocator-size-job-worker=262144"
    "memorysetup-temp-allocator-size-preload-manager=33554432"
    "memorysetup-temp-allocator-size-gfx=262144"
    "memorysetup-bucket-allocator-granularity=16"
    "memorysetup-bucket-allocator-bucket-count=8"
    "memorysetup-bucket-allocator-block-size=33554432"
    "memorysetup-bucket-allocator-block-count=8"
    "memorysetup-main-allocator-block-size=16777216"
    "memorysetup-thread-allocator-block-size=16777216"
    "memorysetup-gfx-main-allocator-block-size=16777216"
    "memorysetup-gfx-thread-allocator-block-size=16777216"
    "memorysetup-cache-allocator-block-size=4194304"
    "memorysetup-typetree-allocator-block-size=2097152"
    "memorysetup-profiler-bucket-allocator-granularity=16"
    "memorysetup-profiler-bucket-allocator-bucket-count=8"
    "memorysetup-profiler-bucket-allocator-block-size=33554432"
    "memorysetup-profiler-bucket-allocator-block-count=8"
    "memorysetup-profiler-allocator-block-size=16777216"
    "memorysetup-profiler-editor-allocator-block-size=1048576"
    "memorysetup-temp-allocator-size-main=16777216"
    "memorysetup-job-temp-allocator-block-size=2097152"
    "memorysetup-job-temp-allocator-block-size-background=1048576"
    "memorysetup-job-temp-allocator-reduction-small-platforms=262144"
Player connection [8756982016]  Target information:

Player connection [8756982016]  * "[IP] 192.168.0.186 [Port] 0 [Flags] 2 [Guid] 2030019468 [EditorId] 2030019468 [Version] 1048832 [Id] OSXEditor(0,araoshinyanoMacBook-Air.local) [Debug] 1 [PackageName] OSXEditor [ProjectName] Editor" 

Player connection [8756982016] Host joined multi-casting on [225.0.0.222:54997]...
Player connection [8756982016] Host joined alternative multi-casting on [225.0.0.222:34997]...
JobSystem: Creating JobQueue using job-worker-count value 3
Input System module state changed to: Initialized.
[Physics::Module] Initialized fallback backend.
[Physics::Module] Id: 0xdecafbad
Library Redirect Path: Library/
[Physics::Module] Selected backend.
[Physics::Module] Name: PhysX
[Physics::Module] Id: 0xf2b8ea05
[Physics::Module] SDK Version: 4.1.2
[Physics::Module] Integration Version: 1.0.0
[Physics::Module] Threading Mode: Multi-Threaded
[Licensing::Module] Licensing is not yet initialized.
[Licensing::Client] Error: HandshakeResponse reported an error:
	ResponseCode: 505
	ResponseStatus: Unsupported protocol version '1.18.1'.
[Licensing::Module] Error: Failed to handshake to channel: "LicenseClient-shiny"
[Licensing::IpcConnector] LicenseClient-shiny channel disconnected successfully.
[Licensing::IpcConnector] Successfully connected to: "LicenseClient-shiny-6000.4.0" at "2026-04-26T02:44:02.073249Z"
[Licensing::Client] Handshaking with LicensingClient:
  Version:                 1.18.1+9fbee8e
  Session Id:              6b851b76da3c44ce825192269bbfbd27
  Correlation Id:          f03561a8769697f3978078605dd0d546
  External correlation Id: 3554340741695221084
  Machine Id:              cEUd2IGX3mUPoy76UqRmMR9jX7k=
[Licensing::Module] Successfully connected to LicensingClient on channel: "LicenseClient-shiny-6000.4.0" (connect: 0.00s, validation: 0.00s, handshake: 0.54s)
[Licensing::IpcConnector] Successfully connected to: "LicenseClient-shiny-6000.4.0-notifications" at "2026-04-26T02:44:02.618536Z"
[Licensing::Module] Licensing Background thread has ended after 1.19s
[Licensing::Module] Licensing is initialized (took 0.82s).
[Licensing::Client] Successfully resolved entitlement details
[Licensing::Module] License group:
  Id: 15668237654568-UnityPersXXXX
  Product: Unity Personal
  Type: Assigned
  Expiration: Unlimited
Refreshing native plugins compatible for Editor in 17.88 ms, found 9 plugins.
Initialize engine version: 6000.4.0f1 (8cf496087c8f)
[Subsystems] Discovering subsystems at path /Applications/Unity/Hub/Editor/2020.3.3f1/6000.4.0f1/Unity.app/Contents/Resources/UnitySubsystems
[Subsystems] Discovering subsystems at path /Users/shiny/Documents/GitHub/unity-ar/unity/WorldOrigin/Assets
Forcing GfxDevice: Metal
GfxDevice: creating device client; kGfxThreadingModeNonThreaded
 preferred device: Apple M1 (high power)
Metal devices available: 1
0: Apple M1 (high power)
Using device Apple M1 (high power)
Initializing Metal device caps: Apple M1
Mac GPU Family: 2
Apple GPU Family: 7
MSL Version: 3.0
Has Float MSAA: 1
Has Float Filtering: 1
ReadWrite Texture Tier: 2
Initialize mono
Mono path[0] = '/Applications/Unity/Hub/Editor/2020.3.3f1/6000.4.0f1/Unity.app/Contents/Resources/Scripting/Managed'
Mono path[1] = '/Applications/Unity/Hub/Editor/2020.3.3f1/6000.4.0f1/Unity.app/Contents/Resources/Scripting/MonoBleedingEdge/lib/mono/unityjit-macos'
Mono config path = '/Applications/Unity/Hub/Editor/2020.3.3f1/6000.4.0f1/Unity.app/Contents/Resources/Scripting/MonoBleedingEdge/etc'
Using monoOptions --debugger-agent=transport=dt_socket,embedding=1,server=y,suspend=n,address=127.0.0.1:56866
CodeReloadManager initialized
Begin MonoManager ReloadAssembly
Registering precompiled unity dll's ...
Register platform support module: /Applications/Unity/Hub/Editor/2020.3.3f1/6000.4.0f1/Unity.app/Contents/PlaybackEngines/MacStandaloneSupport/UnityEditor.OSXStandalone.Extensions.dll
[Licensing::Client] Successfully resolved entitlement details
Register platform support module: /Applications/Unity/Hub/Editor/2020.3.3f1/6000.4.0f1/PlaybackEngines/AndroidPlayer/UnityEditor.Android.Extensions.dll
Register platform support module: /Applications/Unity/Hub/Editor/2020.3.3f1/6000.4.0f1/PlaybackEngines/iOSSupport/UnityEditor.iOS.Extensions.dll
Registered in 0.001493 seconds.
[usbmuxd] Start listen thread
[usbmuxd] Listen thread started
[usbmuxd] Send listen message
Native extension for iOS target not found
Native extension for Android target not found
Android Extension - Scanning For ADB Devices 89 ms
Native extension for OSXStandalone target not found
Package Manager log level set to [2]
[Package Manager] Failed to launch server process. Reason: Unity was launched with the -noUpm command-line argument
[Package Manager] Unable to send message (not connected to server process).
[Package Manager] Cannot connect to Unity Package Manager local server
ScheduleIndexationOnStartup MainProcess:False IndexOnStartup:True
Mono: successfully reloaded assembly
- Finished resetting the current domain, in  0.419 seconds
Domain Reload Profiling: 741ms
	BeginReloadAssembly (84ms)
	RebuildCommonClasses (28ms)
	RebuildNativeTypeToScriptingClass (11ms)
	initialDomainReloadingComplete (45ms)
	LoadAllAssembliesAndSetupDomain (155ms)
		LoadAssemblies (84ms)
		AnalyzeDomain (148ms)
			TypeCache.Refresh (147ms)
				TypeCache.ScanAssembly (134ms)
	FinalizeReload (419ms)
		SetupLoadedEditorAssemblies (0ms)
			InitializePlatformSupportModulesInManaged (182ms)
			BeforeProcessingInitializeOnLoad (64ms)
			ProcessInitializeOnLoadAttributes (66ms)
			ProcessInitializeOnLoadMethodAttributes (54ms)
[CoreBusinessMetrics] Unexpected thread when updating session info.
========================================================================
Worker process is ready to serve import requests
Import Worker Mode flag is 0x00
Begin MonoManager ReloadAssembly
[Licensing::Client] Successfully resolved entitlement details
Assembly Assembly-CSharp-Editor-firstpass.dll at Library/ScriptAssemblies/Assembly-CSharp-Editor-firstpass.dll not valid. Loading of assembly skipped.
Assembly Assembly-CSharp-Editor.dll at Library/ScriptAssemblies/Assembly-CSharp-Editor.dll not valid. Loading of assembly skipped.
Assembly Assembly-CSharp-firstpass.dll at Library/ScriptAssemblies/Assembly-CSharp-firstpass.dll not valid. Loading of assembly skipped.
Assembly DocCodeExamples.dll at Library/ScriptAssemblies/DocCodeExamples.dll not valid. Loading of assembly skipped.
Assembly TestNewCustomAssembly.dll at Library/ScriptAssemblies/TestNewCustomAssembly.dll not valid. Loading of assembly skipped.
Assembly Unity.InputSystem.IntegrationTests.dll at Library/ScriptAssemblies/Unity.InputSystem.IntegrationTests.dll not valid. Loading of assembly skipped.
Assembly Unity.Mathematics.Tests.dll at Library/ScriptAssemblies/Unity.Mathematics.Tests.dll not valid. Loading of assembly skipped.
Assembly Unity.Multiplayer.Center.Editor.Tests.dll at Library/ScriptAssemblies/Unity.Multiplayer.Center.Editor.Tests.dll not valid. Loading of assembly skipped.
Assembly Unity.Multiplayer.Center.Tests.dll at Library/ScriptAssemblies/Unity.Multiplayer.Center.Tests.dll not valid. Loading of assembly skipped.
Assembly Unity.TextMeshPro.Editor.Tests.dll at Library/ScriptAssemblies/Unity.TextMeshPro.Editor.Tests.dll not valid. Loading of assembly skipped.
Assembly Unity.TextMeshPro.Tests.dll at Library/ScriptAssemblies/Unity.TextMeshPro.Tests.dll not valid. Loading of assembly skipped.
Assembly Unity.XR.ARCore.CodeSamples.Tests.dll at Library/ScriptAssemblies/Unity.XR.ARCore.CodeSamples.Tests.dll not valid. Loading of assembly skipped.
Assembly Unity.XR.ARCore.Editor.Tests.dll at Library/ScriptAssemblies/Unity.XR.ARCore.Editor.Tests.dll not valid. Loading of assembly skipped.
Assembly Unity.XR.ARCore.Runtime.Tests.dll at Library/ScriptAssemblies/Unity.XR.ARCore.Runtime.Tests.dll not valid. Loading of assembly skipped.
Assembly Unity.XR.ARFoundation.CodeSamples.Editor.Tests.dll at Library/ScriptAssemblies/Unity.XR.ARFoundation.CodeSamples.Editor.Tests.dll not valid. Loading of assembly skipped.
Assembly Unity.XR.ARFoundation.CodeSamples.Tests.dll at Library/ScriptAssemblies/Unity.XR.ARFoundation.CodeSamples.Tests.dll not valid. Loading of assembly skipped.
Assembly Unity.XR.ARFoundation.Editor.Tests.dll at Library/ScriptAssemblies/Unity.XR.ARFoundation.Editor.Tests.dll not valid. Loading of assembly skipped.
Assembly Unity.XR.ARFoundation.InternalUtils.Editor.Tests.dll at Library/ScriptAssemblies/Unity.XR.ARFoundation.InternalUtils.Editor.Tests.dll not valid. Loading of assembly skipped.
Assembly Unity.XR.ARFoundation.Runtime.Tests.dll at Library/ScriptAssemblies/Unity.XR.ARFoundation.Runtime.Tests.dll not valid. Loading of assembly skipped.
Assembly Unity.XR.ARKit.CodeSamples.Tests.dll at Library/ScriptAssemblies/Unity.XR.ARKit.CodeSamples.Tests.dll not valid. Loading of assembly skipped.
Assembly Unity.XR.ARKit.Editor.Tests.dll at Library/ScriptAssemblies/Unity.XR.ARKit.Editor.Tests.dll not valid. Loading of assembly skipped.
Assembly Unity.XR.ARKit.Runtime.Tests.dll at Library/ScriptAssemblies/Unity.XR.ARKit.Runtime.Tests.dll not valid. Loading of assembly skipped.
Assembly Unity.XR.ARSubsystems.Editor.Tests.dll at Library/ScriptAssemblies/Unity.XR.ARSubsystems.Editor.Tests.dll not valid. Loading of assembly skipped.
Assembly Unity.XR.CoreUtils.CodeSamples.Tests.dll at Library/ScriptAssemblies/Unity.XR.CoreUtils.CodeSamples.Tests.dll not valid. Loading of assembly skipped.
Assembly Unity.XR.CoreUtils.Editor.Tests.dll at Library/ScriptAssemblies/Unity.XR.CoreUtils.Editor.Tests.dll not valid. Loading of assembly skipped.
Assembly Unity.XR.CoreUtils.Tests.dll at Library/ScriptAssemblies/Unity.XR.CoreUtils.Tests.dll not valid. Loading of assembly skipped.
Assembly Unity.XR.Interaction.Toolkit.Editor.Tests.dll at Library/ScriptAssemblies/Unity.XR.Interaction.Toolkit.Editor.Tests.dll not valid. Loading of assembly skipped.
Assembly Unity.XR.Interaction.Toolkit.Tests.dll at Library/ScriptAssemblies/Unity.XR.Interaction.Toolkit.Tests.dll not valid. Loading of assembly skipped.
Assembly Unity.XR.Management.EditorTests.dll at Library/ScriptAssemblies/Unity.XR.Management.EditorTests.dll not valid. Loading of assembly skipped.
Assembly Unity.XR.Management.TestPackage.dll at Library/ScriptAssemblies/Unity.XR.Management.TestPackage.dll not valid. Loading of assembly skipped.
Assembly Unity.XR.Management.TestPackage.Editor.dll at Library/ScriptAssemblies/Unity.XR.Management.TestPackage.Editor.dll not valid. Loading of assembly skipped.
Assembly Unity.XR.Management.Tests.dll at Library/ScriptAssemblies/Unity.XR.Management.Tests.dll not valid. Loading of assembly skipped.
Assembly Unity.XR.Management.Tests.Standalone.dll at Library/ScriptAssemblies/Unity.XR.Management.Tests.Standalone.dll not valid. Loading of assembly skipped.
Assembly Unity.XR.OpenXR.Editor.Tests.dll at Library/ScriptAssemblies/Unity.XR.OpenXR.Editor.Tests.dll not valid. Loading of assembly skipped.
Assembly Unity.XR.OpenXR.Tests.dll at Library/ScriptAssemblies/Unity.XR.OpenXR.Tests.dll not valid. Loading of assembly skipped.
Assembly Unity.XR.OpenXR.Ubuntu.Tests.dll at Library/ScriptAssemblies/Unity.XR.OpenXR.Ubuntu.Tests.dll not valid. Loading of assembly skipped.
Assembly Unity.XR.Simulation.Editor.Tests.dll at Library/ScriptAssemblies/Unity.XR.Simulation.Editor.Tests.dll not valid. Loading of assembly skipped.
Assembly Unity.XR.Simulation.Runtime.Tests.dll at Library/ScriptAssemblies/Unity.XR.Simulation.Runtime.Tests.dll not valid. Loading of assembly skipped.
Assembly Unity.XR.TestSupport.dll at Library/ScriptAssemblies/Unity.XR.TestSupport.dll not valid. Loading of assembly skipped.
Assembly Unity.XR.TestTooling.Editor.Tests.dll at Library/ScriptAssemblies/Unity.XR.TestTooling.Editor.Tests.dll not valid. Loading of assembly skipped.
Assembly UnityEditor.UI.Common.Tests.dll at Library/ScriptAssemblies/UnityEditor.UI.Common.Tests.dll not valid. Loading of assembly skipped.
Assembly UnityEditor.UI.EditorTests.dll at Library/ScriptAssemblies/UnityEditor.UI.EditorTests.dll not valid. Loading of assembly skipped.
Assembly UnityEditor.XR.LegacyInputHelpers.Tests.dll at Library/ScriptAssemblies/UnityEditor.XR.LegacyInputHelpers.Tests.dll not valid. Loading of assembly skipped.
Assembly UnityEngine.SpatialTracking.Tests.dll at Library/ScriptAssemblies/UnityEngine.SpatialTracking.Tests.dll not valid. Loading of assembly skipped.
Assembly UnityEngine.UI.Tests.dll at Library/ScriptAssemblies/UnityEngine.UI.Tests.dll not valid. Loading of assembly skipped.
Assembly UnityEngine.XR.OpenXR.CodeSamples.Editor.Tests.dll at Library/ScriptAssemblies/UnityEngine.XR.OpenXR.CodeSamples.Editor.Tests.dll not valid. Loading of assembly skipped.
Refreshing native plugins compatible for Editor in 3.31 ms, found 9 plugins.
Native extension for iOS target not found
Native extension for Android target not found
Native extension for OSXStandalone target not found
[Package Manager] Failed to launch server process. Reason: Unity was launched with the -noUpm command-line argument
[Package Manager] Unable to send message (not connected to server process).
[Package Manager] Cannot connect to Unity Package Manager local server
[Package Manager] Failed to launch server process. Reason: Unity was launched with the -noUpm command-line argument
[Package Manager] Unable to send message (not connected to server process).
[Package Manager] Cannot connect to Unity Package Manager local server
ScheduleIndexationOnStartup MainProcess:False IndexOnStartup:True
Mono: successfully reloaded assembly
[Package Manager] Failed to launch server process. Reason: Unity was launched with the -noUpm command-line argument
[Package Manager] Unable to send message (not connected to server process).
[Package Manager] Cannot connect to Unity Package Manager local server
[Package Manager] Failed to launch server process. Reason: Unity was launched with the -noUpm command-line argument
[Package Manager] Unable to send message (not connected to server process).
[Package Manager] Cannot connect to Unity Package Manager local server
- Finished resetting the current domain, in  0.912 seconds
Domain Reload Profiling: 1410ms
	BeginReloadAssembly (95ms)
		DisableScriptedObjects (3ms)
		CreateAndSetChildDomain (18ms)
	RebuildCommonClasses (27ms)
	RebuildNativeTypeToScriptingClass (11ms)
	initialDomainReloadingComplete (38ms)
	LoadAllAssembliesAndSetupDomain (327ms)
		LoadAssemblies (213ms)
		AnalyzeDomain (156ms)
			TypeCache.Refresh (112ms)
				TypeCache.ScanAssembly (97ms)
			BuildScriptInfoCaches (35ms)
			ResolveRequiredComponents (7ms)
	FinalizeReload (912ms)
		SetupLoadedEditorAssemblies (0ms)
			InitializePlatformSupportModulesInManaged (13ms)
			BeforeProcessingInitializeOnLoad (102ms)
			ProcessInitializeOnLoadAttributes (629ms)
			ProcessInitializeOnLoadMethodAttributes (56ms)
WARNING: Shader Unsupported: 'Hidden/Simulation/URP/Synthetic' - All subshaders removed
WARNING: Shader Did you use #pragma only_renderers and omit this platform?
WARNING: Shader If subshaders removal was intentional, you may have forgotten turning Fallback off?
WARNING: Shader Unsupported: 'Hidden/Simulation/Synthetic Lit' - All subshaders removed
WARNING: Shader Did you use #pragma only_renderers and omit this platform?
WARNING: Shader If subshaders removal was intentional, you may have forgotten turning Fallback off?
WARNING: Shader Unsupported: 'Simulation/URP/Room X-Ray' - All subshaders removed
WARNING: Shader Did you use #pragma only_renderers and omit this platform?
WARNING: Shader If subshaders removal was intentional, you may have forgotten turning Fallback off?
WARNING: Shader Unsupported: 'Simulation/URP/Lit' - All subshaders removed
WARNING: Shader Did you use #pragma only_renderers and omit this platform?
WARNING: Shader If subshaders removal was intentional, you may have forgotten turning Fallback off?
WARNING: Shader Unsupported: 'Simulation/Standard Lit' - All subshaders removed
WARNING: Shader Did you use #pragma only_renderers and omit this platform?
WARNING: Shader If subshaders removal was intentional, you may have forgotten turning Fallback off?
WARNING: Shader Unsupported: 'Simulation/Room X-Ray' - All subshaders removed
WARNING: Shader Did you use #pragma only_renderers and omit this platform?
WARNING: Shader If subshaders removal was intentional, you may have forgotten turning Fallback off?
Launching external process: /Applications/Unity/Hub/Editor/2020.3.3f1/6000.4.0f1/Unity.app/Contents/Helpers/UnityShaderCompiler
Launched and connected shader compiler UnityShaderCompiler after 0.05 seconds
Refreshing native plugins compatible for Editor in 3.57 ms, found 9 plugins.
Unloading 8 Unused Serialized files (Serialized files now loaded: 0)
Unloading 5818 unused Assets / (4.5 MB). Loaded Objects now: 6452.
Memory consumption went from 109.2 MB to 104.7 MB.
Total: 7.310000 ms (FindLiveObjects: 0.378583 ms CreateObjectMapping: 0.217500 ms MarkObjects: 4.703750 ms  DeleteObjects: 2.009791 ms)

========================================================================
Received Import Request.
  Time since last request: 502065.992230 seconds.
  path: Assets/XR/Settings/OpenXR Package Settings.asset
  importAddress: Guid(054ae71cdc5bc40f7992e9b8bb16baac) Importer(2089858483,b0f066a214c2f5e87bad3c948f4d605d)
Start importing Assets/XR/Settings/OpenXR Package Settings.asset using Guid(054ae71cdc5bc40f7992e9b8bb16baac) Importer(2089858483,b0f066a214c2f5e87bad3c948f4d605d) (ScriptedImporter) -> (Import Result ID: '701231533cc353efe10f0725191cf3b7') in 0.076553084 seconds [static and dynamic dependencies]. Details - ImportResultOutputID=522da579cb356815de6051f86e301b9d DependenciesID=3c63b79d633f36c109642a42c3913fdb StaticDependenciesID=b346bfcd5f61abed3710909a1806135b 
Number of updated asset objects reloaded before import = 0Number of asset objects unloaded after import = 1

========================================================================
Received Import Request.
  Time since last request: 1.548250 seconds.
  path: Assets/XR/Loaders/OpenXRLoader.asset
  importAddress: Guid(fa2b8ee4dd1394554a137b21326af85c) Importer(2089858483,b0f066a214c2f5e87bad3c948f4d605d)
Start importing Assets/XR/Loaders/OpenXRLoader.asset using Guid(fa2b8ee4dd1394554a137b21326af85c) Importer(2089858483,b0f066a214c2f5e87bad3c948f4d605d) (ScriptedImporter) -> (Import Result ID: 'ce35e853446ee3c9d0630b1708c56b12') in 0.00573 seconds [static and dynamic dependencies]. Details - ImportResultOutputID=11ad948f4e8c2518ff0ee0afd3cf4152 DependenciesID=80cf62d60137a73a28a5d1a4974a4291 StaticDependenciesID=44f0623ddfb4dd39af9a0dc716a74d25 
Number of updated asset objects reloaded before import = 0Number of asset objects unloaded after import = 1

========================================================================
Received Import Request.
  Time since last request: 66.613426 seconds.
  path: Assets/Scenes/WorldOrigin.unity
  importAddress: Guid(9fc0d4010bbf28b4594072e72b8655ab) Importer(815301076,1909f56bfc062723c751e8b465ee728b)
Start importing Assets/Scenes/WorldOrigin.unity using Guid(9fc0d4010bbf28b4594072e72b8655ab) Importer(815301076,1909f56bfc062723c751e8b465ee728b) (PreviewImporter) -> (Import Result ID: 'fd4898d7f6137a793cefad12fa2d8473') in 0.002312459 seconds [static and dynamic dependencies]. Details - ImportResultOutputID=13084614189807a3e4352c2e50be9910 DependenciesID=c5fac8720a8900cc506cae095bef035a StaticDependenciesID=a3f343492eace745d40e2dca2bc11eca 
Number of updated asset objects reloaded before import = 0Number of asset objects unloaded after import = 0

========================================================================
Received Prepare
[Licensing::Client] Successfully resolved entitlement details
Begin MonoManager ReloadAssembly
[Licensing::Client] Successfully resolved entitlement details
Thread 0x17283b000 may have been prematurely finalized
Assembly Assembly-CSharp-Editor-firstpass.dll at Library/ScriptAssemblies/Assembly-CSharp-Editor-firstpass.dll not valid. Loading of assembly skipped.
Assembly Assembly-CSharp-Editor.dll at Library/ScriptAssemblies/Assembly-CSharp-Editor.dll not valid. Loading of assembly skipped.
Assembly Assembly-CSharp-firstpass.dll at Library/ScriptAssemblies/Assembly-CSharp-firstpass.dll not valid. Loading of assembly skipped.
Assembly DocCodeExamples.dll at Library/ScriptAssemblies/DocCodeExamples.dll not valid. Loading of assembly skipped.
Assembly TestNewCustomAssembly.dll at Library/ScriptAssemblies/TestNewCustomAssembly.dll not valid. Loading of assembly skipped.
Assembly Unity.InputSystem.IntegrationTests.dll at Library/ScriptAssemblies/Unity.InputSystem.IntegrationTests.dll not valid. Loading of assembly skipped.
Assembly Unity.Mathematics.Tests.dll at Library/ScriptAssemblies/Unity.Mathematics.Tests.dll not valid. Loading of assembly skipped.
Assembly Unity.Multiplayer.Center.Editor.Tests.dll at Library/ScriptAssemblies/Unity.Multiplayer.Center.Editor.Tests.dll not valid. Loading of assembly skipped.
Assembly Unity.Multiplayer.Center.Tests.dll at Library/ScriptAssemblies/Unity.Multiplayer.Center.Tests.dll not valid. Loading of assembly skipped.
Assembly Unity.TextMeshPro.Editor.Tests.dll at Library/ScriptAssemblies/Unity.TextMeshPro.Editor.Tests.dll not valid. Loading of assembly skipped.
Assembly Unity.TextMeshPro.Tests.dll at Library/ScriptAssemblies/Unity.TextMeshPro.Tests.dll not valid. Loading of assembly skipped.
Assembly Unity.XR.ARCore.CodeSamples.Tests.dll at Library/ScriptAssemblies/Unity.XR.ARCore.CodeSamples.Tests.dll not valid. Loading of assembly skipped.
Assembly Unity.XR.ARCore.Editor.Tests.dll at Library/ScriptAssemblies/Unity.XR.ARCore.Editor.Tests.dll not valid. Loading of assembly skipped.
Assembly Unity.XR.ARCore.Runtime.Tests.dll at Library/ScriptAssemblies/Unity.XR.ARCore.Runtime.Tests.dll not valid. Loading of assembly skipped.
Assembly Unity.XR.ARFoundation.CodeSamples.Editor.Tests.dll at Library/ScriptAssemblies/Unity.XR.ARFoundation.CodeSamples.Editor.Tests.dll not valid. Loading of assembly skipped.
Assembly Unity.XR.ARFoundation.CodeSamples.Tests.dll at Library/ScriptAssemblies/Unity.XR.ARFoundation.CodeSamples.Tests.dll not valid. Loading of assembly skipped.
Assembly Unity.XR.ARFoundation.Editor.Tests.dll at Library/ScriptAssemblies/Unity.XR.ARFoundation.Editor.Tests.dll not valid. Loading of assembly skipped.
Assembly Unity.XR.ARFoundation.InternalUtils.Editor.Tests.dll at Library/ScriptAssemblies/Unity.XR.ARFoundation.InternalUtils.Editor.Tests.dll not valid. Loading of assembly skipped.
Assembly Unity.XR.ARFoundation.Runtime.Tests.dll at Library/ScriptAssemblies/Unity.XR.ARFoundation.Runtime.Tests.dll not valid. Loading of assembly skipped.
Assembly Unity.XR.ARKit.CodeSamples.Tests.dll at Library/ScriptAssemblies/Unity.XR.ARKit.CodeSamples.Tests.dll not valid. Loading of assembly skipped.
Assembly Unity.XR.ARKit.Editor.Tests.dll at Library/ScriptAssemblies/Unity.XR.ARKit.Editor.Tests.dll not valid. Loading of assembly skipped.
Assembly Unity.XR.ARKit.Runtime.Tests.dll at Library/ScriptAssemblies/Unity.XR.ARKit.Runtime.Tests.dll not valid. Loading of assembly skipped.
Assembly Unity.XR.ARSubsystems.Editor.Tests.dll at Library/ScriptAssemblies/Unity.XR.ARSubsystems.Editor.Tests.dll not valid. Loading of assembly skipped.
Assembly Unity.XR.CoreUtils.CodeSamples.Tests.dll at Library/ScriptAssemblies/Unity.XR.CoreUtils.CodeSamples.Tests.dll not valid. Loading of assembly skipped.
Assembly Unity.XR.CoreUtils.Editor.Tests.dll at Library/ScriptAssemblies/Unity.XR.CoreUtils.Editor.Tests.dll not valid. Loading of assembly skipped.
Assembly Unity.XR.CoreUtils.Tests.dll at Library/ScriptAssemblies/Unity.XR.CoreUtils.Tests.dll not valid. Loading of assembly skipped.
Assembly Unity.XR.Interaction.Toolkit.Editor.Tests.dll at Library/ScriptAssemblies/Unity.XR.Interaction.Toolkit.Editor.Tests.dll not valid. Loading of assembly skipped.
Assembly Unity.XR.Interaction.Toolkit.Tests.dll at Library/ScriptAssemblies/Unity.XR.Interaction.Toolkit.Tests.dll not valid. Loading of assembly skipped.
Assembly Unity.XR.Management.EditorTests.dll at Library/ScriptAssemblies/Unity.XR.Management.EditorTests.dll not valid. Loading of assembly skipped.
Assembly Unity.XR.Management.TestPackage.dll at Library/ScriptAssemblies/Unity.XR.Management.TestPackage.dll not valid. Loading of assembly skipped.
Assembly Unity.XR.Management.TestPackage.Editor.dll at Library/ScriptAssemblies/Unity.XR.Management.TestPackage.Editor.dll not valid. Loading of assembly skipped.
Assembly Unity.XR.Management.Tests.dll at Library/ScriptAssemblies/Unity.XR.Management.Tests.dll not valid. Loading of assembly skipped.
Assembly Unity.XR.Management.Tests.Standalone.dll at Library/ScriptAssemblies/Unity.XR.Management.Tests.Standalone.dll not valid. Loading of assembly skipped.
Assembly Unity.XR.OpenXR.Editor.Tests.dll at Library/ScriptAssemblies/Unity.XR.OpenXR.Editor.Tests.dll not valid. Loading of assembly skipped.
Assembly Unity.XR.OpenXR.Tests.dll at Library/ScriptAssemblies/Unity.XR.OpenXR.Tests.dll not valid. Loading of assembly skipped.
Assembly Unity.XR.OpenXR.Ubuntu.Tests.dll at Library/ScriptAssemblies/Unity.XR.OpenXR.Ubuntu.Tests.dll not valid. Loading of assembly skipped.
Assembly Unity.XR.Simulation.Editor.Tests.dll at Library/ScriptAssemblies/Unity.XR.Simulation.Editor.Tests.dll not valid. Loading of assembly skipped.
Assembly Unity.XR.Simulation.Runtime.Tests.dll at Library/ScriptAssemblies/Unity.XR.Simulation.Runtime.Tests.dll not valid. Loading of assembly skipped.
Assembly Unity.XR.TestSupport.dll at Library/ScriptAssemblies/Unity.XR.TestSupport.dll not valid. Loading of assembly skipped.
Assembly Unity.XR.TestTooling.Editor.Tests.dll at Library/ScriptAssemblies/Unity.XR.TestTooling.Editor.Tests.dll not valid. Loading of assembly skipped.
Assembly UnityEditor.UI.Common.Tests.dll at Library/ScriptAssemblies/UnityEditor.UI.Common.Tests.dll not valid. Loading of assembly skipped.
Assembly UnityEditor.UI.EditorTests.dll at Library/ScriptAssemblies/UnityEditor.UI.EditorTests.dll not valid. Loading of assembly skipped.
Assembly UnityEditor.XR.LegacyInputHelpers.Tests.dll at Library/ScriptAssemblies/UnityEditor.XR.LegacyInputHelpers.Tests.dll not valid. Loading of assembly skipped.
Assembly UnityEngine.SpatialTracking.Tests.dll at Library/ScriptAssemblies/UnityEngine.SpatialTracking.Tests.dll not valid. Loading of assembly skipped.
Assembly UnityEngine.UI.Tests.dll at Library/ScriptAssemblies/UnityEngine.UI.Tests.dll not valid. Loading of assembly skipped.
Assembly UnityEngine.XR.OpenXR.CodeSamples.Editor.Tests.dll at Library/ScriptAssemblies/UnityEngine.XR.OpenXR.CodeSamples.Editor.Tests.dll not valid. Loading of assembly skipped.
Refreshing native plugins compatible for Editor in 3.15 ms, found 9 plugins.
Native extension for iOS target not found
Native extension for Android target not found
Native extension for OSXStandalone target not found
[Package Manager] Failed to launch server process. Reason: Unity was launched with the -noUpm command-line argument
[Package Manager] Unable to send message (not connected to server process).
[Package Manager] Cannot connect to Unity Package Manager local server
[Package Manager] Failed to launch server process. Reason: Unity was launched with the -noUpm command-line argument
[Package Manager] Unable to send message (not connected to server process).
[Package Manager] Cannot connect to Unity Package Manager local server
ScheduleIndexationOnStartup MainProcess:False IndexOnStartup:True
Mono: successfully reloaded assembly
[Package Manager] Failed to launch server process. Reason: Unity was launched with the -noUpm command-line argument
[Package Manager] Unable to send message (not connected to server process).
[Package Manager] Cannot connect to Unity Package Manager local server
- Finished resetting the current domain, in  0.470 seconds
Domain Reload Profiling: 955ms
	BeginReloadAssembly (147ms)
		DisableScriptedObjects (7ms)
		CreateAndSetChildDomain (38ms)
	RebuildCommonClasses (27ms)
	RebuildNativeTypeToScriptingClass (11ms)
	initialDomainReloadingComplete (28ms)
	LoadAllAssembliesAndSetupDomain (270ms)
		LoadAssemblies (202ms)
		AnalyzeDomain (118ms)
			TypeCache.Refresh (8ms)
			BuildScriptInfoCaches (102ms)
			ResolveRequiredComponents (7ms)
	FinalizeReload (471ms)
		SetupLoadedEditorAssemblies (0ms)
			InitializePlatformSupportModulesInManaged (13ms)
			BeforeProcessingInitializeOnLoad (105ms)
			ProcessInitializeOnLoadAttributes (166ms)
			ProcessInitializeOnLoadMethodAttributes (56ms)
		AwakeInstancesAfterBackupRestoration (3ms)
WARNING: Shader Unsupported: 'Hidden/Simulation/URP/Synthetic' - All subshaders removed
WARNING: Shader Did you use #pragma only_renderers and omit this platform?
WARNING: Shader If subshaders removal was intentional, you may have forgotten turning Fallback off?
WARNING: Shader Unsupported: 'Hidden/Simulation/Synthetic Lit' - All subshaders removed
WARNING: Shader Did you use #pragma only_renderers and omit this platform?
WARNING: Shader If subshaders removal was intentional, you may have forgotten turning Fallback off?
WARNING: Shader Unsupported: 'Simulation/URP/Room X-Ray' - All subshaders removed
WARNING: Shader Did you use #pragma only_renderers and omit this platform?
WARNING: Shader If subshaders removal was intentional, you may have forgotten turning Fallback off?
WARNING: Shader Unsupported: 'Simulation/URP/Lit' - All subshaders removed
WARNING: Shader Did you use #pragma only_renderers and omit this platform?
WARNING: Shader If subshaders removal was intentional, you may have forgotten turning Fallback off?
WARNING: Shader Unsupported: 'Simulation/Standard Lit' - All subshaders removed
WARNING: Shader Did you use #pragma only_renderers and omit this platform?
WARNING: Shader If subshaders removal was intentional, you may have forgotten turning Fallback off?
WARNING: Shader Unsupported: 'Simulation/Room X-Ray' - All subshaders removed
WARNING: Shader Did you use #pragma only_renderers and omit this platform?
WARNING: Shader If subshaders removal was intentional, you may have forgotten turning Fallback off?
Refreshing native plugins compatible for Editor in 3.40 ms, found 9 plugins.
Unloading 8 Unused Serialized files (Serialized files now loaded: 0)
Unloading 5816 unused Assets / (4.0 MB). Loaded Objects now: 6455.
Memory consumption went from 120.0 MB to 116.0 MB.
Total: 7.599625 ms (FindLiveObjects: 0.359209 ms CreateObjectMapping: 0.224000 ms MarkObjects: 4.816000 ms  DeleteObjects: 2.200000 ms)

Prepare: number of updated asset objects reloaded= 42
========================================================================
Received Prepare
Active build profile path: `Assets/Settings/Build Profiles/iOS.asset`
[Licensing::Client] Successfully resolved entitlement details
Begin MonoManager ReloadAssembly
Got setting from build profile YAML, name `m_Development`, value `0`
[Licensing::Client] Successfully resolved entitlement details
[Licensing::Client] Successfully resolved entitlement details
Thread 0x16f8ff000 may have been prematurely finalized
Assembly Assembly-CSharp-Editor-firstpass.dll at Library/ScriptAssemblies/Assembly-CSharp-Editor-firstpass.dll not valid. Loading of assembly skipped.
Assembly Assembly-CSharp-Editor.dll at Library/ScriptAssemblies/Assembly-CSharp-Editor.dll not valid. Loading of assembly skipped.
Assembly Assembly-CSharp-firstpass.dll at Library/ScriptAssemblies/Assembly-CSharp-firstpass.dll not valid. Loading of assembly skipped.
Assembly DocCodeExamples.dll at Library/ScriptAssemblies/DocCodeExamples.dll not valid. Loading of assembly skipped.
Assembly TestNewCustomAssembly.dll at Library/ScriptAssemblies/TestNewCustomAssembly.dll not valid. Loading of assembly skipped.
Assembly Unity.InputSystem.IntegrationTests.dll at Library/ScriptAssemblies/Unity.InputSystem.IntegrationTests.dll not valid. Loading of assembly skipped.
Assembly Unity.Mathematics.Tests.dll at Library/ScriptAssemblies/Unity.Mathematics.Tests.dll not valid. Loading of assembly skipped.
Assembly Unity.Multiplayer.Center.Editor.Tests.dll at Library/ScriptAssemblies/Unity.Multiplayer.Center.Editor.Tests.dll not valid. Loading of assembly skipped.
Assembly Unity.Multiplayer.Center.Tests.dll at Library/ScriptAssemblies/Unity.Multiplayer.Center.Tests.dll not valid. Loading of assembly skipped.
Assembly Unity.TextMeshPro.Editor.Tests.dll at Library/ScriptAssemblies/Unity.TextMeshPro.Editor.Tests.dll not valid. Loading of assembly skipped.
Assembly Unity.TextMeshPro.Tests.dll at Library/ScriptAssemblies/Unity.TextMeshPro.Tests.dll not valid. Loading of assembly skipped.
Assembly Unity.XR.ARCore.CodeSamples.Tests.dll at Library/ScriptAssemblies/Unity.XR.ARCore.CodeSamples.Tests.dll not valid. Loading of assembly skipped.
Assembly Unity.XR.ARCore.Editor.Tests.dll at Library/ScriptAssemblies/Unity.XR.ARCore.Editor.Tests.dll not valid. Loading of assembly skipped.
Assembly Unity.XR.ARCore.Runtime.Tests.dll at Library/ScriptAssemblies/Unity.XR.ARCore.Runtime.Tests.dll not valid. Loading of assembly skipped.
Assembly Unity.XR.ARFoundation.CodeSamples.Editor.Tests.dll at Library/ScriptAssemblies/Unity.XR.ARFoundation.CodeSamples.Editor.Tests.dll not valid. Loading of assembly skipped.
Assembly Unity.XR.ARFoundation.CodeSamples.Tests.dll at Library/ScriptAssemblies/Unity.XR.ARFoundation.CodeSamples.Tests.dll not valid. Loading of assembly skipped.
Assembly Unity.XR.ARFoundation.Editor.Tests.dll at Library/ScriptAssemblies/Unity.XR.ARFoundation.Editor.Tests.dll not valid. Loading of assembly skipped.
Assembly Unity.XR.ARFoundation.InternalUtils.Editor.Tests.dll at Library/ScriptAssemblies/Unity.XR.ARFoundation.InternalUtils.Editor.Tests.dll not valid. Loading of assembly skipped.
Assembly Unity.XR.ARFoundation.Runtime.Tests.dll at Library/ScriptAssemblies/Unity.XR.ARFoundation.Runtime.Tests.dll not valid. Loading of assembly skipped.
Assembly Unity.XR.ARKit.CodeSamples.Tests.dll at Library/ScriptAssemblies/Unity.XR.ARKit.CodeSamples.Tests.dll not valid. Loading of assembly skipped.
Assembly Unity.XR.ARKit.Editor.Tests.dll at Library/ScriptAssemblies/Unity.XR.ARKit.Editor.Tests.dll not valid. Loading of assembly skipped.
Assembly Unity.XR.ARKit.Runtime.Tests.dll at Library/ScriptAssemblies/Unity.XR.ARKit.Runtime.Tests.dll not valid. Loading of assembly skipped.
Assembly Unity.XR.ARSubsystems.Editor.Tests.dll at Library/ScriptAssemblies/Unity.XR.ARSubsystems.Editor.Tests.dll not valid. Loading of assembly skipped.
Assembly Unity.XR.CoreUtils.CodeSamples.Tests.dll at Library/ScriptAssemblies/Unity.XR.CoreUtils.CodeSamples.Tests.dll not valid. Loading of assembly skipped.
Assembly Unity.XR.CoreUtils.Editor.Tests.dll at Library/ScriptAssemblies/Unity.XR.CoreUtils.Editor.Tests.dll not valid. Loading of assembly skipped.
Assembly Unity.XR.CoreUtils.Tests.dll at Library/ScriptAssemblies/Unity.XR.CoreUtils.Tests.dll not valid. Loading of assembly skipped.
Assembly Unity.XR.Interaction.Toolkit.Editor.Tests.dll at Library/ScriptAssemblies/Unity.XR.Interaction.Toolkit.Editor.Tests.dll not valid. Loading of assembly skipped.
Assembly Unity.XR.Interaction.Toolkit.Tests.dll at Library/ScriptAssemblies/Unity.XR.Interaction.Toolkit.Tests.dll not valid. Loading of assembly skipped.
Assembly Unity.XR.Management.EditorTests.dll at Library/ScriptAssemblies/Unity.XR.Management.EditorTests.dll not valid. Loading of assembly skipped.
Assembly Unity.XR.Management.TestPackage.dll at Library/ScriptAssemblies/Unity.XR.Management.TestPackage.dll not valid. Loading of assembly skipped.
Assembly Unity.XR.Management.TestPackage.Editor.dll at Library/ScriptAssemblies/Unity.XR.Management.TestPackage.Editor.dll not valid. Loading of assembly skipped.
Assembly Unity.XR.Management.Tests.dll at Library/ScriptAssemblies/Unity.XR.Management.Tests.dll not valid. Loading of assembly skipped.
Assembly Unity.XR.Management.Tests.Standalone.dll at Library/ScriptAssemblies/Unity.XR.Management.Tests.Standalone.dll not valid. Loading of assembly skipped.
Assembly Unity.XR.OpenXR.Editor.Tests.dll at Library/ScriptAssemblies/Unity.XR.OpenXR.Editor.Tests.dll not valid. Loading of assembly skipped.
Assembly Unity.XR.OpenXR.Tests.dll at Library/ScriptAssemblies/Unity.XR.OpenXR.Tests.dll not valid. Loading of assembly skipped.
Assembly Unity.XR.OpenXR.Ubuntu.Tests.dll at Library/ScriptAssemblies/Unity.XR.OpenXR.Ubuntu.Tests.dll not valid. Loading of assembly skipped.
Assembly Unity.XR.Simulation.Editor.Tests.dll at Library/ScriptAssemblies/Unity.XR.Simulation.Editor.Tests.dll not valid. Loading of assembly skipped.
Assembly Unity.XR.Simulation.Runtime.Tests.dll at Library/ScriptAssemblies/Unity.XR.Simulation.Runtime.Tests.dll not valid. Loading of assembly skipped.
Assembly Unity.XR.TestSupport.dll at Library/ScriptAssemblies/Unity.XR.TestSupport.dll not valid. Loading of assembly skipped.
Assembly Unity.XR.TestTooling.Editor.Tests.dll at Library/ScriptAssemblies/Unity.XR.TestTooling.Editor.Tests.dll not valid. Loading of assembly skipped.
Assembly UnityEditor.UI.Common.Tests.dll at Library/ScriptAssemblies/UnityEditor.UI.Common.Tests.dll not valid. Loading of assembly skipped.
Assembly UnityEditor.UI.EditorTests.dll at Library/ScriptAssemblies/UnityEditor.UI.EditorTests.dll not valid. Loading of assembly skipped.
Assembly UnityEditor.XR.LegacyInputHelpers.Tests.dll at Library/ScriptAssemblies/UnityEditor.XR.LegacyInputHelpers.Tests.dll not valid. Loading of assembly skipped.
Assembly UnityEngine.SpatialTracking.Tests.dll at Library/ScriptAssemblies/UnityEngine.SpatialTracking.Tests.dll not valid. Loading of assembly skipped.
Assembly UnityEngine.UI.Tests.dll at Library/ScriptAssemblies/UnityEngine.UI.Tests.dll not valid. Loading of assembly skipped.
Assembly UnityEngine.XR.OpenXR.CodeSamples.Editor.Tests.dll at Library/ScriptAssemblies/UnityEngine.XR.OpenXR.CodeSamples.Editor.Tests.dll not valid. Loading of assembly skipped.
Refreshing native plugins compatible for Editor in 2.92 ms, found 9 plugins.
Native extension for iOS target not found
Native extension for Android target not found
Native extension for OSXStandalone target not found
[Package Manager] Failed to launch server process. Reason: Unity was launched with the -noUpm command-line argument
[Package Manager] Unable to send message (not connected to server process).
[Package Manager] Cannot connect to Unity Package Manager local server
[Package Manager] Failed to launch server process. Reason: Unity was launched with the -noUpm command-line argument
[Package Manager] Unable to send message (not connected to server process).
[Package Manager] Cannot connect to Unity Package Manager local server
ScheduleIndexationOnStartup MainProcess:False IndexOnStartup:True
Mono: successfully reloaded assembly
[Package Manager] Failed to launch server process. Reason: Unity was launched with the -noUpm command-line argument
[Package Manager] Unable to send message (not connected to server process).
[Package Manager] Cannot connect to Unity Package Manager local server
- Finished resetting the current domain, in  0.474 seconds
Domain Reload Profiling: 924ms
	BeginReloadAssembly (147ms)
		DisableScriptedObjects (26ms)
		CreateAndSetChildDomain (23ms)
	RebuildCommonClasses (28ms)
	RebuildNativeTypeToScriptingClass (12ms)
	initialDomainReloadingComplete (24ms)
	LoadAllAssembliesAndSetupDomain (240ms)
		LoadAssemblies (158ms)
		AnalyzeDomain (115ms)
			TypeCache.Refresh (6ms)
			BuildScriptInfoCaches (101ms)
			ResolveRequiredComponents (7ms)
	FinalizeReload (474ms)
		SetupLoadedEditorAssemblies (0ms)
			InitializePlatformSupportModulesInManaged (12ms)
			BeforeProcessingInitializeOnLoad (100ms)
			ProcessInitializeOnLoadAttributes (167ms)
			ProcessInitializeOnLoadMethodAttributes (59ms)
		AwakeInstancesAfterBackupRestoration (12ms)
WARNING: Shader Unsupported: 'Hidden/Simulation/URP/Synthetic' - All subshaders removed
WARNING: Shader Did you use #pragma only_renderers and omit this platform?
WARNING: Shader If subshaders removal was intentional, you may have forgotten turning Fallback off?
WARNING: Shader Unsupported: 'Hidden/Simulation/Synthetic Lit' - All subshaders removed
WARNING: Shader Did you use #pragma only_renderers and omit this platform?
WARNING: Shader If subshaders removal was intentional, you may have forgotten turning Fallback off?
WARNING: Shader Unsupported: 'Simulation/URP/Room X-Ray' - All subshaders removed
WARNING: Shader Did you use #pragma only_renderers and omit this platform?
WARNING: Shader If subshaders removal was intentional, you may have forgotten turning Fallback off?
WARNING: Shader Unsupported: 'Simulation/URP/Lit' - All subshaders removed
WARNING: Shader Did you use #pragma only_renderers and omit this platform?
WARNING: Shader If subshaders removal was intentional, you may have forgotten turning Fallback off?
WARNING: Shader Unsupported: 'Simulation/Standard Lit' - All subshaders removed
WARNING: Shader Did you use #pragma only_renderers and omit this platform?
WARNING: Shader If subshaders removal was intentional, you may have forgotten turning Fallback off?
WARNING: Shader Unsupported: 'Simulation/Room X-Ray' - All subshaders removed
WARNING: Shader Did you use #pragma only_renderers and omit this platform?
WARNING: Shader If subshaders removal was intentional, you may have forgotten turning Fallback off?
Refreshing native plugins compatible for Editor in 3.20 ms, found 9 plugins.
Unloading 8 Unused Serialized files (Serialized files now loaded: 0)
Unloading 5818 unused Assets / (4.4 MB). Loaded Objects now: 6483.
Memory consumption went from 119.6 MB to 115.2 MB.
Total: 7.286667 ms (FindLiveObjects: 0.287791 ms CreateObjectMapping: 0.152833 ms MarkObjects: 4.513625 ms  DeleteObjects: 2.331834 ms)

Prepare: number of updated asset objects reloaded= 42
[usbmuxd] Attached: 1 00008110-0014351E2EC1801E
[usbmuxd] Detached: 1 00008110-0014351E2EC1801E
[usbmuxd] Attached: 3 00008110-0014351E2EC1801E
[usbmuxd] Detached: 3 00008110-0014351E2EC1801E
[usbmuxd] Attached: 8 00008110-0014351E2EC1801E
[usbmuxd] Detached: 8 00008110-0014351E2EC1801E
[usbmuxd] Attached: 10 00008110-0014351E2EC1801E
[usbmuxd] Detached: 10 00008110-0014351E2EC1801E
[usbmuxd] Attached: 11 00008110-0014351E2EC1801E
[usbmuxd] Detached: 11 00008110-0014351E2EC1801E
[usbmuxd] Attached: 13 00008110-0014351E2EC1801E
[usbmuxd] Detached: 13 00008110-0014351E2EC1801E
========================================================================
Received Prepare
[Licensing::Client] Successfully resolved entitlement details
Begin MonoManager ReloadAssembly
[Licensing::Client] Successfully resolved entitlement details
Thread 0x16f8ff000 may have been prematurely finalized
Assembly Assembly-CSharp-Editor-firstpass.dll at Library/ScriptAssemblies/Assembly-CSharp-Editor-firstpass.dll not valid. Loading of assembly skipped.
Assembly Assembly-CSharp-Editor.dll at Library/ScriptAssemblies/Assembly-CSharp-Editor.dll not valid. Loading of assembly skipped.
Assembly Assembly-CSharp-firstpass.dll at Library/ScriptAssemblies/Assembly-CSharp-firstpass.dll not valid. Loading of assembly skipped.
Assembly DocCodeExamples.dll at Library/ScriptAssemblies/DocCodeExamples.dll not valid. Loading of assembly skipped.
Assembly TestNewCustomAssembly.dll at Library/ScriptAssemblies/TestNewCustomAssembly.dll not valid. Loading of assembly skipped.
Assembly Unity.InputSystem.IntegrationTests.dll at Library/ScriptAssemblies/Unity.InputSystem.IntegrationTests.dll not valid. Loading of assembly skipped.
Assembly Unity.Mathematics.Tests.dll at Library/ScriptAssemblies/Unity.Mathematics.Tests.dll not valid. Loading of assembly skipped.
Assembly Unity.Multiplayer.Center.Editor.Tests.dll at Library/ScriptAssemblies/Unity.Multiplayer.Center.Editor.Tests.dll not valid. Loading of assembly skipped.
Assembly Unity.Multiplayer.Center.Tests.dll at Library/ScriptAssemblies/Unity.Multiplayer.Center.Tests.dll not valid. Loading of assembly skipped.
Assembly Unity.TextMeshPro.Editor.Tests.dll at Library/ScriptAssemblies/Unity.TextMeshPro.Editor.Tests.dll not valid. Loading of assembly skipped.
Assembly Unity.TextMeshPro.Tests.dll at Library/ScriptAssemblies/Unity.TextMeshPro.Tests.dll not valid. Loading of assembly skipped.
Assembly Unity.XR.ARCore.CodeSamples.Tests.dll at Library/ScriptAssemblies/Unity.XR.ARCore.CodeSamples.Tests.dll not valid. Loading of assembly skipped.
Assembly Unity.XR.ARCore.Editor.Tests.dll at Library/ScriptAssemblies/Unity.XR.ARCore.Editor.Tests.dll not valid. Loading of assembly skipped.
Assembly Unity.XR.ARCore.Runtime.Tests.dll at Library/ScriptAssemblies/Unity.XR.ARCore.Runtime.Tests.dll not valid. Loading of assembly skipped.
Assembly Unity.XR.ARFoundation.CodeSamples.Editor.Tests.dll at Library/ScriptAssemblies/Unity.XR.ARFoundation.CodeSamples.Editor.Tests.dll not valid. Loading of assembly skipped.
Assembly Unity.XR.ARFoundation.CodeSamples.Tests.dll at Library/ScriptAssemblies/Unity.XR.ARFoundation.CodeSamples.Tests.dll not valid. Loading of assembly skipped.
Assembly Unity.XR.ARFoundation.Editor.Tests.dll at Library/ScriptAssemblies/Unity.XR.ARFoundation.Editor.Tests.dll not valid. Loading of assembly skipped.
Assembly Unity.XR.ARFoundation.InternalUtils.Editor.Tests.dll at Library/ScriptAssemblies/Unity.XR.ARFoundation.InternalUtils.Editor.Tests.dll not valid. Loading of assembly skipped.
Assembly Unity.XR.ARFoundation.Runtime.Tests.dll at Library/ScriptAssemblies/Unity.XR.ARFoundation.Runtime.Tests.dll not valid. Loading of assembly skipped.
Assembly Unity.XR.ARKit.CodeSamples.Tests.dll at Library/ScriptAssemblies/Unity.XR.ARKit.CodeSamples.Tests.dll not valid. Loading of assembly skipped.
Assembly Unity.XR.ARKit.Editor.Tests.dll at Library/ScriptAssemblies/Unity.XR.ARKit.Editor.Tests.dll not valid. Loading of assembly skipped.
Assembly Unity.XR.ARKit.Runtime.Tests.dll at Library/ScriptAssemblies/Unity.XR.ARKit.Runtime.Tests.dll not valid. Loading of assembly skipped.
Assembly Unity.XR.ARSubsystems.Editor.Tests.dll at Library/ScriptAssemblies/Unity.XR.ARSubsystems.Editor.Tests.dll not valid. Loading of assembly skipped.
Assembly Unity.XR.CoreUtils.CodeSamples.Tests.dll at Library/ScriptAssemblies/Unity.XR.CoreUtils.CodeSamples.Tests.dll not valid. Loading of assembly skipped.
Assembly Unity.XR.CoreUtils.Editor.Tests.dll at Library/ScriptAssemblies/Unity.XR.CoreUtils.Editor.Tests.dll not valid. Loading of assembly skipped.
Assembly Unity.XR.CoreUtils.Tests.dll at Library/ScriptAssemblies/Unity.XR.CoreUtils.Tests.dll not valid. Loading of assembly skipped.
Assembly Unity.XR.Interaction.Toolkit.Editor.Tests.dll at Library/ScriptAssemblies/Unity.XR.Interaction.Toolkit.Editor.Tests.dll not valid. Loading of assembly skipped.
Assembly Unity.XR.Interaction.Toolkit.Tests.dll at Library/ScriptAssemblies/Unity.XR.Interaction.Toolkit.Tests.dll not valid. Loading of assembly skipped.
Assembly Unity.XR.Management.EditorTests.dll at Library/ScriptAssemblies/Unity.XR.Management.EditorTests.dll not valid. Loading of assembly skipped.
Assembly Unity.XR.Management.TestPackage.dll at Library/ScriptAssemblies/Unity.XR.Management.TestPackage.dll not valid. Loading of assembly skipped.
Assembly Unity.XR.Management.TestPackage.Editor.dll at Library/ScriptAssemblies/Unity.XR.Management.TestPackage.Editor.dll not valid. Loading of assembly skipped.
Assembly Unity.XR.Management.Tests.dll at Library/ScriptAssemblies/Unity.XR.Management.Tests.dll not valid. Loading of assembly skipped.
Assembly Unity.XR.Management.Tests.Standalone.dll at Library/ScriptAssemblies/Unity.XR.Management.Tests.Standalone.dll not valid. Loading of assembly skipped.
Assembly Unity.XR.OpenXR.Editor.Tests.dll at Library/ScriptAssemblies/Unity.XR.OpenXR.Editor.Tests.dll not valid. Loading of assembly skipped.
Assembly Unity.XR.OpenXR.Tests.dll at Library/ScriptAssemblies/Unity.XR.OpenXR.Tests.dll not valid. Loading of assembly skipped.
Assembly Unity.XR.OpenXR.Ubuntu.Tests.dll at Library/ScriptAssemblies/Unity.XR.OpenXR.Ubuntu.Tests.dll not valid. Loading of assembly skipped.
Assembly Unity.XR.Simulation.Editor.Tests.dll at Library/ScriptAssemblies/Unity.XR.Simulation.Editor.Tests.dll not valid. Loading of assembly skipped.
Assembly Unity.XR.Simulation.Runtime.Tests.dll at Library/ScriptAssemblies/Unity.XR.Simulation.Runtime.Tests.dll not valid. Loading of assembly skipped.
Assembly Unity.XR.TestSupport.dll at Library/ScriptAssemblies/Unity.XR.TestSupport.dll not valid. Loading of assembly skipped.
Assembly Unity.XR.TestTooling.Editor.Tests.dll at Library/ScriptAssemblies/Unity.XR.TestTooling.Editor.Tests.dll not valid. Loading of assembly skipped.
Assembly UnityEditor.UI.Common.Tests.dll at Library/ScriptAssemblies/UnityEditor.UI.Common.Tests.dll not valid. Loading of assembly skipped.
Assembly UnityEditor.UI.EditorTests.dll at Library/ScriptAssemblies/UnityEditor.UI.EditorTests.dll not valid. Loading of assembly skipped.
Assembly UnityEditor.XR.LegacyInputHelpers.Tests.dll at Library/ScriptAssemblies/UnityEditor.XR.LegacyInputHelpers.Tests.dll not valid. Loading of assembly skipped.
Assembly UnityEngine.SpatialTracking.Tests.dll at Library/ScriptAssemblies/UnityEngine.SpatialTracking.Tests.dll not valid. Loading of assembly skipped.
Assembly UnityEngine.UI.Tests.dll at Library/ScriptAssemblies/UnityEngine.UI.Tests.dll not valid. Loading of assembly skipped.
Assembly UnityEngine.XR.OpenXR.CodeSamples.Editor.Tests.dll at Library/ScriptAssemblies/UnityEngine.XR.OpenXR.CodeSamples.Editor.Tests.dll not valid. Loading of assembly skipped.
Refreshing native plugins compatible for Editor in 4.44 ms, found 9 plugins.
Native extension for iOS target not found
Native extension for Android target not found
Native extension for OSXStandalone target not found
[Package Manager] Failed to launch server process. Reason: Unity was launched with the -noUpm command-line argument
[Package Manager] Unable to send message (not connected to server process).
[Package Manager] Cannot connect to Unity Package Manager local server
[Package Manager] Failed to launch server process. Reason: Unity was launched with the -noUpm command-line argument
[Package Manager] Unable to send message (not connected to server process).
[Package Manager] Cannot connect to Unity Package Manager local server
ScheduleIndexationOnStartup MainProcess:False IndexOnStartup:True
[Licensing::Client] Successfully resolved entitlement details
Mono: successfully reloaded assembly
[Package Manager] Failed to launch server process. Reason: Unity was launched with the -noUpm command-line argument
[Package Manager] Unable to send message (not connected to server process).
[Package Manager] Cannot connect to Unity Package Manager local server
- Finished resetting the current domain, in  0.512 seconds
Domain Reload Profiling: 1169ms
	BeginReloadAssembly (230ms)
		DisableScriptedObjects (44ms)
		CreateAndSetChildDomain (51ms)
	RebuildCommonClasses (29ms)
	RebuildNativeTypeToScriptingClass (12ms)
	initialDomainReloadingComplete (34ms)
	LoadAllAssembliesAndSetupDomain (351ms)
		LoadAssemblies (280ms)
		AnalyzeDomain (146ms)
			TypeCache.Refresh (13ms)
			BuildScriptInfoCaches (120ms)
			ResolveRequiredComponents (11ms)
	FinalizeReload (513ms)
		SetupLoadedEditorAssemblies (0ms)
			InitializePlatformSupportModulesInManaged (16ms)
			BeforeProcessingInitializeOnLoad (113ms)
			ProcessInitializeOnLoadAttributes (167ms)
			ProcessInitializeOnLoadMethodAttributes (54ms)
		AwakeInstancesAfterBackupRestoration (14ms)
WARNING: Shader Unsupported: 'Hidden/Simulation/URP/Synthetic' - All subshaders removed
WARNING: Shader Did you use #pragma only_renderers and omit this platform?
WARNING: Shader If subshaders removal was intentional, you may have forgotten turning Fallback off?
WARNING: Shader Unsupported: 'Hidden/Simulation/Synthetic Lit' - All subshaders removed
WARNING: Shader Did you use #pragma only_renderers and omit this platform?
WARNING: Shader If subshaders removal was intentional, you may have forgotten turning Fallback off?
WARNING: Shader Unsupported: 'Simulation/URP/Room X-Ray' - All subshaders removed
WARNING: Shader Did you use #pragma only_renderers and omit this platform?
WARNING: Shader If subshaders removal was intentional, you may have forgotten turning Fallback off?
WARNING: Shader Unsupported: 'Simulation/URP/Lit' - All subshaders removed
WARNING: Shader Did you use #pragma only_renderers and omit this platform?
WARNING: Shader If subshaders removal was intentional, you may have forgotten turning Fallback off?
WARNING: Shader Unsupported: 'Simulation/Standard Lit' - All subshaders removed
WARNING: Shader Did you use #pragma only_renderers and omit this platform?
WARNING: Shader If subshaders removal was intentional, you may have forgotten turning Fallback off?
WARNING: Shader Unsupported: 'Simulation/Room X-Ray' - All subshaders removed
WARNING: Shader Did you use #pragma only_renderers and omit this platform?
WARNING: Shader If subshaders removal was intentional, you may have forgotten turning Fallback off?
Refreshing native plugins compatible for Editor in 7.06 ms, found 9 plugins.
Unloading 8 Unused Serialized files (Serialized files now loaded: 0)
Unloading 5818 unused Assets / (1.9 MB). Loaded Objects now: 6483.
Memory consumption went from 119.6 MB to 117.7 MB.
Total: 8.265041 ms (FindLiveObjects: 0.339959 ms CreateObjectMapping: 0.190917 ms MarkObjects: 5.108500 ms  DeleteObjects: 2.619958 ms)

Prepare: number of updated asset objects reloaded= 0
========================================================================
Received Prepare
[Licensing::Client] Successfully resolved entitlement details
Begin MonoManager ReloadAssembly
[Licensing::Client] Successfully resolved entitlement details
Thread 0x16f583000 may have been prematurely finalized
Assembly Assembly-CSharp-Editor-firstpass.dll at Library/ScriptAssemblies/Assembly-CSharp-Editor-firstpass.dll not valid. Loading of assembly skipped.
Assembly Assembly-CSharp-Editor.dll at Library/ScriptAssemblies/Assembly-CSharp-Editor.dll not valid. Loading of assembly skipped.
Assembly Assembly-CSharp-firstpass.dll at Library/ScriptAssemblies/Assembly-CSharp-firstpass.dll not valid. Loading of assembly skipped.
Assembly DocCodeExamples.dll at Library/ScriptAssemblies/DocCodeExamples.dll not valid. Loading of assembly skipped.
Assembly TestNewCustomAssembly.dll at Library/ScriptAssemblies/TestNewCustomAssembly.dll not valid. Loading of assembly skipped.
Assembly Unity.InputSystem.IntegrationTests.dll at Library/ScriptAssemblies/Unity.InputSystem.IntegrationTests.dll not valid. Loading of assembly skipped.
Assembly Unity.Mathematics.Tests.dll at Library/ScriptAssemblies/Unity.Mathematics.Tests.dll not valid. Loading of assembly skipped.
Assembly Unity.Multiplayer.Center.Editor.Tests.dll at Library/ScriptAssemblies/Unity.Multiplayer.Center.Editor.Tests.dll not valid. Loading of assembly skipped.
Assembly Unity.Multiplayer.Center.Tests.dll at Library/ScriptAssemblies/Unity.Multiplayer.Center.Tests.dll not valid. Loading of assembly skipped.
Assembly Unity.TextMeshPro.Editor.Tests.dll at Library/ScriptAssemblies/Unity.TextMeshPro.Editor.Tests.dll not valid. Loading of assembly skipped.
Assembly Unity.TextMeshPro.Tests.dll at Library/ScriptAssemblies/Unity.TextMeshPro.Tests.dll not valid. Loading of assembly skipped.
Assembly Unity.XR.ARCore.CodeSamples.Tests.dll at Library/ScriptAssemblies/Unity.XR.ARCore.CodeSamples.Tests.dll not valid. Loading of assembly skipped.
Assembly Unity.XR.ARCore.Editor.Tests.dll at Library/ScriptAssemblies/Unity.XR.ARCore.Editor.Tests.dll not valid. Loading of assembly skipped.
Assembly Unity.XR.ARCore.Runtime.Tests.dll at Library/ScriptAssemblies/Unity.XR.ARCore.Runtime.Tests.dll not valid. Loading of assembly skipped.
Assembly Unity.XR.ARFoundation.CodeSamples.Editor.Tests.dll at Library/ScriptAssemblies/Unity.XR.ARFoundation.CodeSamples.Editor.Tests.dll not valid. Loading of assembly skipped.
Assembly Unity.XR.ARFoundation.CodeSamples.Tests.dll at Library/ScriptAssemblies/Unity.XR.ARFoundation.CodeSamples.Tests.dll not valid. Loading of assembly skipped.
Assembly Unity.XR.ARFoundation.Editor.Tests.dll at Library/ScriptAssemblies/Unity.XR.ARFoundation.Editor.Tests.dll not valid. Loading of assembly skipped.
Assembly Unity.XR.ARFoundation.InternalUtils.Editor.Tests.dll at Library/ScriptAssemblies/Unity.XR.ARFoundation.InternalUtils.Editor.Tests.dll not valid. Loading of assembly skipped.
Assembly Unity.XR.ARFoundation.Runtime.Tests.dll at Library/ScriptAssemblies/Unity.XR.ARFoundation.Runtime.Tests.dll not valid. Loading of assembly skipped.
Assembly Unity.XR.ARKit.CodeSamples.Tests.dll at Library/ScriptAssemblies/Unity.XR.ARKit.CodeSamples.Tests.dll not valid. Loading of assembly skipped.
Assembly Unity.XR.ARKit.Editor.Tests.dll at Library/ScriptAssemblies/Unity.XR.ARKit.Editor.Tests.dll not valid. Loading of assembly skipped.
Assembly Unity.XR.ARKit.Runtime.Tests.dll at Library/ScriptAssemblies/Unity.XR.ARKit.Runtime.Tests.dll not valid. Loading of assembly skipped.
Assembly Unity.XR.ARSubsystems.Editor.Tests.dll at Library/ScriptAssemblies/Unity.XR.ARSubsystems.Editor.Tests.dll not valid. Loading of assembly skipped.
Assembly Unity.XR.CoreUtils.CodeSamples.Tests.dll at Library/ScriptAssemblies/Unity.XR.CoreUtils.CodeSamples.Tests.dll not valid. Loading of assembly skipped.
Assembly Unity.XR.CoreUtils.Editor.Tests.dll at Library/ScriptAssemblies/Unity.XR.CoreUtils.Editor.Tests.dll not valid. Loading of assembly skipped.
Assembly Unity.XR.CoreUtils.Tests.dll at Library/ScriptAssemblies/Unity.XR.CoreUtils.Tests.dll not valid. Loading of assembly skipped.
Assembly Unity.XR.Interaction.Toolkit.Editor.Tests.dll at Library/ScriptAssemblies/Unity.XR.Interaction.Toolkit.Editor.Tests.dll not valid. Loading of assembly skipped.
Assembly Unity.XR.Interaction.Toolkit.Tests.dll at Library/ScriptAssemblies/Unity.XR.Interaction.Toolkit.Tests.dll not valid. Loading of assembly skipped.
Assembly Unity.XR.Management.EditorTests.dll at Library/ScriptAssemblies/Unity.XR.Management.EditorTests.dll not valid. Loading of assembly skipped.
Assembly Unity.XR.Management.TestPackage.dll at Library/ScriptAssemblies/Unity.XR.Management.TestPackage.dll not valid. Loading of assembly skipped.
Assembly Unity.XR.Management.TestPackage.Editor.dll at Library/ScriptAssemblies/Unity.XR.Management.TestPackage.Editor.dll not valid. Loading of assembly skipped.
Assembly Unity.XR.Management.Tests.dll at Library/ScriptAssemblies/Unity.XR.Management.Tests.dll not valid. Loading of assembly skipped.
Assembly Unity.XR.Management.Tests.Standalone.dll at Library/ScriptAssemblies/Unity.XR.Management.Tests.Standalone.dll not valid. Loading of assembly skipped.
Assembly Unity.XR.OpenXR.Editor.Tests.dll at Library/ScriptAssemblies/Unity.XR.OpenXR.Editor.Tests.dll not valid. Loading of assembly skipped.
Assembly Unity.XR.OpenXR.Tests.dll at Library/ScriptAssemblies/Unity.XR.OpenXR.Tests.dll not valid. Loading of assembly skipped.
Assembly Unity.XR.OpenXR.Ubuntu.Tests.dll at Library/ScriptAssemblies/Unity.XR.OpenXR.Ubuntu.Tests.dll not valid. Loading of assembly skipped.
Assembly Unity.XR.Simulation.Editor.Tests.dll at Library/ScriptAssemblies/Unity.XR.Simulation.Editor.Tests.dll not valid. Loading of assembly skipped.
Assembly Unity.XR.Simulation.Runtime.Tests.dll at Library/ScriptAssemblies/Unity.XR.Simulation.Runtime.Tests.dll not valid. Loading of assembly skipped.
Assembly Unity.XR.TestSupport.dll at Library/ScriptAssemblies/Unity.XR.TestSupport.dll not valid. Loading of assembly skipped.
Assembly Unity.XR.TestTooling.Editor.Tests.dll at Library/ScriptAssemblies/Unity.XR.TestTooling.Editor.Tests.dll not valid. Loading of assembly skipped.
Assembly UnityEditor.UI.Common.Tests.dll at Library/ScriptAssemblies/UnityEditor.UI.Common.Tests.dll not valid. Loading of assembly skipped.
Assembly UnityEditor.UI.EditorTests.dll at Library/ScriptAssemblies/UnityEditor.UI.EditorTests.dll not valid. Loading of assembly skipped.
Assembly UnityEditor.XR.LegacyInputHelpers.Tests.dll at Library/ScriptAssemblies/UnityEditor.XR.LegacyInputHelpers.Tests.dll not valid. Loading of assembly skipped.
Assembly UnityEngine.SpatialTracking.Tests.dll at Library/ScriptAssemblies/UnityEngine.SpatialTracking.Tests.dll not valid. Loading of assembly skipped.
Assembly UnityEngine.UI.Tests.dll at Library/ScriptAssemblies/UnityEngine.UI.Tests.dll not valid. Loading of assembly skipped.
Assembly UnityEngine.XR.OpenXR.CodeSamples.Editor.Tests.dll at Library/ScriptAssemblies/UnityEngine.XR.OpenXR.CodeSamples.Editor.Tests.dll not valid. Loading of assembly skipped.
Refreshing native plugins compatible for Editor in 2.91 ms, found 9 plugins.
Native extension for iOS target not found
Native extension for Android target not found
Native extension for OSXStandalone target not found
[Package Manager] Failed to launch server process. Reason: Unity was launched with the -noUpm command-line argument
[Package Manager] Unable to send message (not connected to server process).
[Package Manager] Cannot connect to Unity Package Manager local server
[Package Manager] Failed to launch server process. Reason: Unity was launched with the -noUpm command-line argument
[Package Manager] Unable to send message (not connected to server process).
[Package Manager] Cannot connect to Unity Package Manager local server
ScheduleIndexationOnStartup MainProcess:False IndexOnStartup:True
[Licensing::Client] Successfully resolved entitlement details
Mono: successfully reloaded assembly
[Package Manager] Failed to launch server process. Reason: Unity was launched with the -noUpm command-line argument
[Package Manager] Unable to send message (not connected to server process).
[Package Manager] Cannot connect to Unity Package Manager local server
- Finished resetting the current domain, in  0.496 seconds
Domain Reload Profiling: 1050ms
	BeginReloadAssembly (212ms)
		DisableScriptedObjects (19ms)
		CreateAndSetChildDomain (42ms)
	RebuildCommonClasses (28ms)
	RebuildNativeTypeToScriptingClass (11ms)
	initialDomainReloadingComplete (32ms)
	LoadAllAssembliesAndSetupDomain (269ms)
		LoadAssemblies (247ms)
		AnalyzeDomain (118ms)
			TypeCache.Refresh (6ms)
			BuildScriptInfoCaches (103ms)
			ResolveRequiredComponents (7ms)
	FinalizeReload (497ms)
		SetupLoadedEditorAssemblies (0ms)
			InitializePlatformSupportModulesInManaged (13ms)
			BeforeProcessingInitializeOnLoad (102ms)
			ProcessInitializeOnLoadAttributes (181ms)
			ProcessInitializeOnLoadMethodAttributes (60ms)
		AwakeInstancesAfterBackupRestoration (12ms)
WARNING: Shader Unsupported: 'Hidden/Simulation/URP/Synthetic' - All subshaders removed
WARNING: Shader Did you use #pragma only_renderers and omit this platform?
WARNING: Shader If subshaders removal was intentional, you may have forgotten turning Fallback off?
WARNING: Shader Unsupported: 'Hidden/Simulation/Synthetic Lit' - All subshaders removed
WARNING: Shader Did you use #pragma only_renderers and omit this platform?
WARNING: Shader If subshaders removal was intentional, you may have forgotten turning Fallback off?
WARNING: Shader Unsupported: 'Simulation/URP/Room X-Ray' - All subshaders removed
WARNING: Shader Did you use #pragma only_renderers and omit this platform?
WARNING: Shader If subshaders removal was intentional, you may have forgotten turning Fallback off?
WARNING: Shader Unsupported: 'Simulation/URP/Lit' - All subshaders removed
WARNING: Shader Did you use #pragma only_renderers and omit this platform?
WARNING: Shader If subshaders removal was intentional, you may have forgotten turning Fallback off?
WARNING: Shader Unsupported: 'Simulation/Standard Lit' - All subshaders removed
WARNING: Shader Did you use #pragma only_renderers and omit this platform?
WARNING: Shader If subshaders removal was intentional, you may have forgotten turning Fallback off?
WARNING: Shader Unsupported: 'Simulation/Room X-Ray' - All subshaders removed
WARNING: Shader Did you use #pragma only_renderers and omit this platform?
WARNING: Shader If subshaders removal was intentional, you may have forgotten turning Fallback off?
Refreshing native plugins compatible for Editor in 3.13 ms, found 9 plugins.
Unloading 8 Unused Serialized files (Serialized files now loaded: 0)
Unloading 5816 unused Assets / (4.9 MB). Loaded Objects now: 6484.
Memory consumption went from 119.4 MB to 114.6 MB.
Total: 6.924291 ms (FindLiveObjects: 0.296833 ms CreateObjectMapping: 0.150500 ms MarkObjects: 4.396083 ms  DeleteObjects: 2.080000 ms)

Prepare: number of updated asset objects reloaded= 0
========================================================================
Received Import Request.
  Time since last request: 2637.218391 seconds.
  path: Assets/XR/Settings/OpenXR Package Settings.asset
  importAddress: Guid(054ae71cdc5bc40f7992e9b8bb16baac) Importer(2089858483,b0f066a214c2f5e87bad3c948f4d605d)
Start importing Assets/XR/Settings/OpenXR Package Settings.asset using Guid(054ae71cdc5bc40f7992e9b8bb16baac) Importer(2089858483,b0f066a214c2f5e87bad3c948f4d605d) (ScriptedImporter) -> (Import Result ID: '7dfaca63245a57f82853f48c153b335a') in 0.101361917 seconds [static and dynamic dependencies]. Details - ImportResultOutputID=47154cee1c5b203c54259563ab771b49 DependenciesID=55b9d42b5a60ef98b2eb0979b28d2bd9 StaticDependenciesID=41277d16af978e7f5ac5e546c1ad5e1b 
Number of updated asset objects reloaded before import = 0Number of asset objects unloaded after import = 1

========================================================================
Received Prepare
[Licensing::Client] Successfully resolved entitlement details
Begin MonoManager ReloadAssembly
[Licensing::Client] Successfully resolved entitlement details
Thread 0x16f4f7000 may have been prematurely finalized
Assembly Assembly-CSharp-Editor-firstpass.dll at Library/ScriptAssemblies/Assembly-CSharp-Editor-firstpass.dll not valid. Loading of assembly skipped.
Assembly Assembly-CSharp-Editor.dll at Library/ScriptAssemblies/Assembly-CSharp-Editor.dll not valid. Loading of assembly skipped.
Assembly Assembly-CSharp-firstpass.dll at Library/ScriptAssemblies/Assembly-CSharp-firstpass.dll not valid. Loading of assembly skipped.
Assembly DocCodeExamples.dll at Library/ScriptAssemblies/DocCodeExamples.dll not valid. Loading of assembly skipped.
Assembly TestNewCustomAssembly.dll at Library/ScriptAssemblies/TestNewCustomAssembly.dll not valid. Loading of assembly skipped.
Assembly Unity.InputSystem.IntegrationTests.dll at Library/ScriptAssemblies/Unity.InputSystem.IntegrationTests.dll not valid. Loading of assembly skipped.
Assembly Unity.Mathematics.Tests.dll at Library/ScriptAssemblies/Unity.Mathematics.Tests.dll not valid. Loading of assembly skipped.
Assembly Unity.Multiplayer.Center.Editor.Tests.dll at Library/ScriptAssemblies/Unity.Multiplayer.Center.Editor.Tests.dll not valid. Loading of assembly skipped.
Assembly Unity.Multiplayer.Center.Tests.dll at Library/ScriptAssemblies/Unity.Multiplayer.Center.Tests.dll not valid. Loading of assembly skipped.
Assembly Unity.TextMeshPro.Editor.Tests.dll at Library/ScriptAssemblies/Unity.TextMeshPro.Editor.Tests.dll not valid. Loading of assembly skipped.
Assembly Unity.TextMeshPro.Tests.dll at Library/ScriptAssemblies/Unity.TextMeshPro.Tests.dll not valid. Loading of assembly skipped.
Assembly Unity.XR.ARCore.CodeSamples.Tests.dll at Library/ScriptAssemblies/Unity.XR.ARCore.CodeSamples.Tests.dll not valid. Loading of assembly skipped.
Assembly Unity.XR.ARCore.Editor.Tests.dll at Library/ScriptAssemblies/Unity.XR.ARCore.Editor.Tests.dll not valid. Loading of assembly skipped.
Assembly Unity.XR.ARCore.Runtime.Tests.dll at Library/ScriptAssemblies/Unity.XR.ARCore.Runtime.Tests.dll not valid. Loading of assembly skipped.
Assembly Unity.XR.ARFoundation.CodeSamples.Editor.Tests.dll at Library/ScriptAssemblies/Unity.XR.ARFoundation.CodeSamples.Editor.Tests.dll not valid. Loading of assembly skipped.
Assembly Unity.XR.ARFoundation.CodeSamples.Tests.dll at Library/ScriptAssemblies/Unity.XR.ARFoundation.CodeSamples.Tests.dll not valid. Loading of assembly skipped.
Assembly Unity.XR.ARFoundation.Editor.Tests.dll at Library/ScriptAssemblies/Unity.XR.ARFoundation.Editor.Tests.dll not valid. Loading of assembly skipped.
Assembly Unity.XR.ARFoundation.InternalUtils.Editor.Tests.dll at Library/ScriptAssemblies/Unity.XR.ARFoundation.InternalUtils.Editor.Tests.dll not valid. Loading of assembly skipped.
Assembly Unity.XR.ARFoundation.Runtime.Tests.dll at Library/ScriptAssemblies/Unity.XR.ARFoundation.Runtime.Tests.dll not valid. Loading of assembly skipped.
Assembly Unity.XR.ARKit.CodeSamples.Tests.dll at Library/ScriptAssemblies/Unity.XR.ARKit.CodeSamples.Tests.dll not valid. Loading of assembly skipped.
Assembly Unity.XR.ARKit.Editor.Tests.dll at Library/ScriptAssemblies/Unity.XR.ARKit.Editor.Tests.dll not valid. Loading of assembly skipped.
Assembly Unity.XR.ARKit.Runtime.Tests.dll at Library/ScriptAssemblies/Unity.XR.ARKit.Runtime.Tests.dll not valid. Loading of assembly skipped.
Assembly Unity.XR.ARSubsystems.Editor.Tests.dll at Library/ScriptAssemblies/Unity.XR.ARSubsystems.Editor.Tests.dll not valid. Loading of assembly skipped.
Assembly Unity.XR.CoreUtils.CodeSamples.Tests.dll at Library/ScriptAssemblies/Unity.XR.CoreUtils.CodeSamples.Tests.dll not valid. Loading of assembly skipped.
Assembly Unity.XR.CoreUtils.Editor.Tests.dll at Library/ScriptAssemblies/Unity.XR.CoreUtils.Editor.Tests.dll not valid. Loading of assembly skipped.
Assembly Unity.XR.CoreUtils.Tests.dll at Library/ScriptAssemblies/Unity.XR.CoreUtils.Tests.dll not valid. Loading of assembly skipped.
Assembly Unity.XR.Interaction.Toolkit.Editor.Tests.dll at Library/ScriptAssemblies/Unity.XR.Interaction.Toolkit.Editor.Tests.dll not valid. Loading of assembly skipped.
Assembly Unity.XR.Interaction.Toolkit.Tests.dll at Library/ScriptAssemblies/Unity.XR.Interaction.Toolkit.Tests.dll not valid. Loading of assembly skipped.
Assembly Unity.XR.Management.EditorTests.dll at Library/ScriptAssemblies/Unity.XR.Management.EditorTests.dll not valid. Loading of assembly skipped.
Assembly Unity.XR.Management.TestPackage.dll at Library/ScriptAssemblies/Unity.XR.Management.TestPackage.dll not valid. Loading of assembly skipped.
Assembly Unity.XR.Management.TestPackage.Editor.dll at Library/ScriptAssemblies/Unity.XR.Management.TestPackage.Editor.dll not valid. Loading of assembly skipped.
Assembly Unity.XR.Management.Tests.dll at Library/ScriptAssemblies/Unity.XR.Management.Tests.dll not valid. Loading of assembly skipped.
Assembly Unity.XR.Management.Tests.Standalone.dll at Library/ScriptAssemblies/Unity.XR.Management.Tests.Standalone.dll not valid. Loading of assembly skipped.
Assembly Unity.XR.OpenXR.Editor.Tests.dll at Library/ScriptAssemblies/Unity.XR.OpenXR.Editor.Tests.dll not valid. Loading of assembly skipped.
Assembly Unity.XR.OpenXR.Tests.dll at Library/ScriptAssemblies/Unity.XR.OpenXR.Tests.dll not valid. Loading of assembly skipped.
Assembly Unity.XR.OpenXR.Ubuntu.Tests.dll at Library/ScriptAssemblies/Unity.XR.OpenXR.Ubuntu.Tests.dll not valid. Loading of assembly skipped.
Assembly Unity.XR.Simulation.Editor.Tests.dll at Library/ScriptAssemblies/Unity.XR.Simulation.Editor.Tests.dll not valid. Loading of assembly skipped.
Assembly Unity.XR.Simulation.Runtime.Tests.dll at Library/ScriptAssemblies/Unity.XR.Simulation.Runtime.Tests.dll not valid. Loading of assembly skipped.
Assembly Unity.XR.TestSupport.dll at Library/ScriptAssemblies/Unity.XR.TestSupport.dll not valid. Loading of assembly skipped.
Assembly Unity.XR.TestTooling.Editor.Tests.dll at Library/ScriptAssemblies/Unity.XR.TestTooling.Editor.Tests.dll not valid. Loading of assembly skipped.
Assembly UnityEditor.UI.Common.Tests.dll at Library/ScriptAssemblies/UnityEditor.UI.Common.Tests.dll not valid. Loading of assembly skipped.
Assembly UnityEditor.UI.EditorTests.dll at Library/ScriptAssemblies/UnityEditor.UI.EditorTests.dll not valid. Loading of assembly skipped.
Assembly UnityEditor.XR.LegacyInputHelpers.Tests.dll at Library/ScriptAssemblies/UnityEditor.XR.LegacyInputHelpers.Tests.dll not valid. Loading of assembly skipped.
Assembly UnityEngine.SpatialTracking.Tests.dll at Library/ScriptAssemblies/UnityEngine.SpatialTracking.Tests.dll not valid. Loading of assembly skipped.
Assembly UnityEngine.UI.Tests.dll at Library/ScriptAssemblies/UnityEngine.UI.Tests.dll not valid. Loading of assembly skipped.
Assembly UnityEngine.XR.OpenXR.CodeSamples.Editor.Tests.dll at Library/ScriptAssemblies/UnityEngine.XR.OpenXR.CodeSamples.Editor.Tests.dll not valid. Loading of assembly skipped.
Refreshing native plugins compatible for Editor in 7.73 ms, found 9 plugins.
Native extension for iOS target not found
Native extension for Android target not found
Native extension for OSXStandalone target not found
[Package Manager] Failed to launch server process. Reason: Unity was launched with the -noUpm command-line argument
[Package Manager] Unable to send message (not connected to server process).
[Package Manager] Cannot connect to Unity Package Manager local server
[Package Manager] Failed to launch server process. Reason: Unity was launched with the -noUpm command-line argument
[Package Manager] Unable to send message (not connected to server process).
[Package Manager] Cannot connect to Unity Package Manager local server
ScheduleIndexationOnStartup MainProcess:False IndexOnStartup:True
[Licensing::Client] Successfully resolved entitlement details
Mono: successfully reloaded assembly
[Package Manager] Failed to launch server process. Reason: Unity was launched with the -noUpm command-line argument
[Package Manager] Unable to send message (not connected to server process).
[Package Manager] Cannot connect to Unity Package Manager local server
- Finished resetting the current domain, in  0.485 seconds
Domain Reload Profiling: 1051ms
	BeginReloadAssembly (179ms)
		DisableScriptedObjects (21ms)
		CreateAndSetChildDomain (51ms)
	RebuildCommonClasses (27ms)
	RebuildNativeTypeToScriptingClass (11ms)
	initialDomainReloadingComplete (36ms)
	LoadAllAssembliesAndSetupDomain (313ms)
		LoadAssemblies (236ms)
		AnalyzeDomain (122ms)
			TypeCache.Refresh (9ms)
			BuildScriptInfoCaches (104ms)
			ResolveRequiredComponents (7ms)
	FinalizeReload (485ms)
		SetupLoadedEditorAssemblies (0ms)
			InitializePlatformSupportModulesInManaged (14ms)
			BeforeProcessingInitializeOnLoad (104ms)
			ProcessInitializeOnLoadAttributes (172ms)
			ProcessInitializeOnLoadMethodAttributes (49ms)
		AwakeInstancesAfterBackupRestoration (15ms)
WARNING: Shader Unsupported: 'Hidden/Simulation/URP/Synthetic' - All subshaders removed
WARNING: Shader Did you use #pragma only_renderers and omit this platform?
WARNING: Shader If subshaders removal was intentional, you may have forgotten turning Fallback off?
WARNING: Shader Unsupported: 'Hidden/Simulation/Synthetic Lit' - All subshaders removed
WARNING: Shader Did you use #pragma only_renderers and omit this platform?
WARNING: Shader If subshaders removal was intentional, you may have forgotten turning Fallback off?
WARNING: Shader Unsupported: 'Simulation/URP/Room X-Ray' - All subshaders removed
WARNING: Shader Did you use #pragma only_renderers and omit this platform?
WARNING: Shader If subshaders removal was intentional, you may have forgotten turning Fallback off?
WARNING: Shader Unsupported: 'Simulation/URP/Lit' - All subshaders removed
WARNING: Shader Did you use #pragma only_renderers and omit this platform?
WARNING: Shader If subshaders removal was intentional, you may have forgotten turning Fallback off?
WARNING: Shader Unsupported: 'Simulation/Standard Lit' - All subshaders removed
WARNING: Shader Did you use #pragma only_renderers and omit this platform?
WARNING: Shader If subshaders removal was intentional, you may have forgotten turning Fallback off?
WARNING: Shader Unsupported: 'Simulation/Room X-Ray' - All subshaders removed
WARNING: Shader Did you use #pragma only_renderers and omit this platform?
WARNING: Shader If subshaders removal was intentional, you may have forgotten turning Fallback off?
Refreshing native plugins compatible for Editor in 3.44 ms, found 9 plugins.
Unloading 8 Unused Serialized files (Serialized files now loaded: 0)
Unloading 5816 unused Assets / (4.8 MB). Loaded Objects now: 6485.
Memory consumption went from 119.5 MB to 114.6 MB.
Total: 7.285208 ms (FindLiveObjects: 0.324166 ms CreateObjectMapping: 0.168667 ms MarkObjects: 4.496666 ms  DeleteObjects: 2.295375 ms)

Prepare: number of updated asset objects reloaded= 0
========================================================================
Received Prepare
[Licensing::Client] Successfully resolved entitlement details
Begin MonoManager ReloadAssembly
[Licensing::Client] Successfully resolved entitlement details
Thread 0x16f4f7000 may have been prematurely finalized
Assembly Assembly-CSharp-Editor-firstpass.dll at Library/ScriptAssemblies/Assembly-CSharp-Editor-firstpass.dll not valid. Loading of assembly skipped.
Assembly Assembly-CSharp-Editor.dll at Library/ScriptAssemblies/Assembly-CSharp-Editor.dll not valid. Loading of assembly skipped.
Assembly Assembly-CSharp-firstpass.dll at Library/ScriptAssemblies/Assembly-CSharp-firstpass.dll not valid. Loading of assembly skipped.
Assembly DocCodeExamples.dll at Library/ScriptAssemblies/DocCodeExamples.dll not valid. Loading of assembly skipped.
Assembly TestNewCustomAssembly.dll at Library/ScriptAssemblies/TestNewCustomAssembly.dll not valid. Loading of assembly skipped.
Assembly Unity.InputSystem.IntegrationTests.dll at Library/ScriptAssemblies/Unity.InputSystem.IntegrationTests.dll not valid. Loading of assembly skipped.
Assembly Unity.Mathematics.Tests.dll at Library/ScriptAssemblies/Unity.Mathematics.Tests.dll not valid. Loading of assembly skipped.
Assembly Unity.Multiplayer.Center.Editor.Tests.dll at Library/ScriptAssemblies/Unity.Multiplayer.Center.Editor.Tests.dll not valid. Loading of assembly skipped.
Assembly Unity.Multiplayer.Center.Tests.dll at Library/ScriptAssemblies/Unity.Multiplayer.Center.Tests.dll not valid. Loading of assembly skipped.
Assembly Unity.TextMeshPro.Editor.Tests.dll at Library/ScriptAssemblies/Unity.TextMeshPro.Editor.Tests.dll not valid. Loading of assembly skipped.
Assembly Unity.TextMeshPro.Tests.dll at Library/ScriptAssemblies/Unity.TextMeshPro.Tests.dll not valid. Loading of assembly skipped.
Assembly Unity.XR.ARCore.CodeSamples.Tests.dll at Library/ScriptAssemblies/Unity.XR.ARCore.CodeSamples.Tests.dll not valid. Loading of assembly skipped.
Assembly Unity.XR.ARCore.Editor.Tests.dll at Library/ScriptAssemblies/Unity.XR.ARCore.Editor.Tests.dll not valid. Loading of assembly skipped.
Assembly Unity.XR.ARCore.Runtime.Tests.dll at Library/ScriptAssemblies/Unity.XR.ARCore.Runtime.Tests.dll not valid. Loading of assembly skipped.
Assembly Unity.XR.ARFoundation.CodeSamples.Editor.Tests.dll at Library/ScriptAssemblies/Unity.XR.ARFoundation.CodeSamples.Editor.Tests.dll not valid. Loading of assembly skipped.
Assembly Unity.XR.ARFoundation.CodeSamples.Tests.dll at Library/ScriptAssemblies/Unity.XR.ARFoundation.CodeSamples.Tests.dll not valid. Loading of assembly skipped.
Assembly Unity.XR.ARFoundation.Editor.Tests.dll at Library/ScriptAssemblies/Unity.XR.ARFoundation.Editor.Tests.dll not valid. Loading of assembly skipped.
Assembly Unity.XR.ARFoundation.InternalUtils.Editor.Tests.dll at Library/ScriptAssemblies/Unity.XR.ARFoundation.InternalUtils.Editor.Tests.dll not valid. Loading of assembly skipped.
Assembly Unity.XR.ARFoundation.Runtime.Tests.dll at Library/ScriptAssemblies/Unity.XR.ARFoundation.Runtime.Tests.dll not valid. Loading of assembly skipped.
Assembly Unity.XR.ARKit.CodeSamples.Tests.dll at Library/ScriptAssemblies/Unity.XR.ARKit.CodeSamples.Tests.dll not valid. Loading of assembly skipped.
Assembly Unity.XR.ARKit.Editor.Tests.dll at Library/ScriptAssemblies/Unity.XR.ARKit.Editor.Tests.dll not valid. Loading of assembly skipped.
Assembly Unity.XR.ARKit.Runtime.Tests.dll at Library/ScriptAssemblies/Unity.XR.ARKit.Runtime.Tests.dll not valid. Loading of assembly skipped.
Assembly Unity.XR.ARSubsystems.Editor.Tests.dll at Library/ScriptAssemblies/Unity.XR.ARSubsystems.Editor.Tests.dll not valid. Loading of assembly skipped.
Assembly Unity.XR.CoreUtils.CodeSamples.Tests.dll at Library/ScriptAssemblies/Unity.XR.CoreUtils.CodeSamples.Tests.dll not valid. Loading of assembly skipped.
Assembly Unity.XR.CoreUtils.Editor.Tests.dll at Library/ScriptAssemblies/Unity.XR.CoreUtils.Editor.Tests.dll not valid. Loading of assembly skipped.
Assembly Unity.XR.CoreUtils.Tests.dll at Library/ScriptAssemblies/Unity.XR.CoreUtils.Tests.dll not valid. Loading of assembly skipped.
Assembly Unity.XR.Interaction.Toolkit.Editor.Tests.dll at Library/ScriptAssemblies/Unity.XR.Interaction.Toolkit.Editor.Tests.dll not valid. Loading of assembly skipped.
Assembly Unity.XR.Interaction.Toolkit.Tests.dll at Library/ScriptAssemblies/Unity.XR.Interaction.Toolkit.Tests.dll not valid. Loading of assembly skipped.
Assembly Unity.XR.Management.EditorTests.dll at Library/ScriptAssemblies/Unity.XR.Management.EditorTests.dll not valid. Loading of assembly skipped.
Assembly Unity.XR.Management.TestPackage.dll at Library/ScriptAssemblies/Unity.XR.Management.TestPackage.dll not valid. Loading of assembly skipped.
Assembly Unity.XR.Management.TestPackage.Editor.dll at Library/ScriptAssemblies/Unity.XR.Management.TestPackage.Editor.dll not valid. Loading of assembly skipped.
Assembly Unity.XR.Management.Tests.dll at Library/ScriptAssemblies/Unity.XR.Management.Tests.dll not valid. Loading of assembly skipped.
Assembly Unity.XR.Management.Tests.Standalone.dll at Library/ScriptAssemblies/Unity.XR.Management.Tests.Standalone.dll not valid. Loading of assembly skipped.
Assembly Unity.XR.OpenXR.Editor.Tests.dll at Library/ScriptAssemblies/Unity.XR.OpenXR.Editor.Tests.dll not valid. Loading of assembly skipped.
Assembly Unity.XR.OpenXR.Tests.dll at Library/ScriptAssemblies/Unity.XR.OpenXR.Tests.dll not valid. Loading of assembly skipped.
Assembly Unity.XR.OpenXR.Ubuntu.Tests.dll at Library/ScriptAssemblies/Unity.XR.OpenXR.Ubuntu.Tests.dll not valid. Loading of assembly skipped.
Assembly Unity.XR.Simulation.Editor.Tests.dll at Library/ScriptAssemblies/Unity.XR.Simulation.Editor.Tests.dll not valid. Loading of assembly skipped.
Assembly Unity.XR.Simulation.Runtime.Tests.dll at Library/ScriptAssemblies/Unity.XR.Simulation.Runtime.Tests.dll not valid. Loading of assembly skipped.
Assembly Unity.XR.TestSupport.dll at Library/ScriptAssemblies/Unity.XR.TestSupport.dll not valid. Loading of assembly skipped.
Assembly Unity.XR.TestTooling.Editor.Tests.dll at Library/ScriptAssemblies/Unity.XR.TestTooling.Editor.Tests.dll not valid. Loading of assembly skipped.
Assembly UnityEditor.UI.Common.Tests.dll at Library/ScriptAssemblies/UnityEditor.UI.Common.Tests.dll not valid. Loading of assembly skipped.
Assembly UnityEditor.UI.EditorTests.dll at Library/ScriptAssemblies/UnityEditor.UI.EditorTests.dll not valid. Loading of assembly skipped.
Assembly UnityEditor.XR.LegacyInputHelpers.Tests.dll at Library/ScriptAssemblies/UnityEditor.XR.LegacyInputHelpers.Tests.dll not valid. Loading of assembly skipped.
Assembly UnityEngine.SpatialTracking.Tests.dll at Library/ScriptAssemblies/UnityEngine.SpatialTracking.Tests.dll not valid. Loading of assembly skipped.
Assembly UnityEngine.UI.Tests.dll at Library/ScriptAssemblies/UnityEngine.UI.Tests.dll not valid. Loading of assembly skipped.
Assembly UnityEngine.XR.OpenXR.CodeSamples.Editor.Tests.dll at Library/ScriptAssemblies/UnityEngine.XR.OpenXR.CodeSamples.Editor.Tests.dll not valid. Loading of assembly skipped.
Refreshing native plugins compatible for Editor in 3.71 ms, found 9 plugins.
Native extension for iOS target not found
Native extension for Android target not found
Native extension for OSXStandalone target not found
[Package Manager] Failed to launch server process. Reason: Unity was launched with the -noUpm command-line argument
[Package Manager] Unable to send message (not connected to server process).
[Package Manager] Cannot connect to Unity Package Manager local server
[Package Manager] Failed to launch server process. Reason: Unity was launched with the -noUpm command-line argument
[Package Manager] Unable to send message (not connected to server process).
[Package Manager] Cannot connect to Unity Package Manager local server
ScheduleIndexationOnStartup MainProcess:False IndexOnStartup:True
[Licensing::Client] Successfully resolved entitlement details
Mono: successfully reloaded assembly
[Package Manager] Failed to launch server process. Reason: Unity was launched with the -noUpm command-line argument
[Package Manager] Unable to send message (not connected to server process).
[Package Manager] Cannot connect to Unity Package Manager local server
- Finished resetting the current domain, in  0.503 seconds
Domain Reload Profiling: 1038ms
	BeginReloadAssembly (174ms)
		DisableScriptedObjects (22ms)
		CreateAndSetChildDomain (52ms)
	RebuildCommonClasses (27ms)
	RebuildNativeTypeToScriptingClass (12ms)
	initialDomainReloadingComplete (33ms)
	LoadAllAssembliesAndSetupDomain (288ms)
		LoadAssemblies (213ms)
		AnalyzeDomain (122ms)
			TypeCache.Refresh (9ms)
			BuildScriptInfoCaches (104ms)
			ResolveRequiredComponents (7ms)
	FinalizeReload (503ms)
		SetupLoadedEditorAssemblies (0ms)
			InitializePlatformSupportModulesInManaged (13ms)
			BeforeProcessingInitializeOnLoad (103ms)
			ProcessInitializeOnLoadAttributes (157ms)
			ProcessInitializeOnLoadMethodAttributes (53ms)
		AwakeInstancesAfterBackupRestoration (13ms)
WARNING: Shader Unsupported: 'Hidden/Simulation/URP/Synthetic' - All subshaders removed
WARNING: Shader Did you use #pragma only_renderers and omit this platform?
WARNING: Shader If subshaders removal was intentional, you may have forgotten turning Fallback off?
WARNING: Shader Unsupported: 'Hidden/Simulation/Synthetic Lit' - All subshaders removed
WARNING: Shader Did you use #pragma only_renderers and omit this platform?
WARNING: Shader If subshaders removal was intentional, you may have forgotten turning Fallback off?
WARNING: Shader Unsupported: 'Simulation/URP/Room X-Ray' - All subshaders removed
WARNING: Shader Did you use #pragma only_renderers and omit this platform?
WARNING: Shader If subshaders removal was intentional, you may have forgotten turning Fallback off?
WARNING: Shader Unsupported: 'Simulation/URP/Lit' - All subshaders removed
WARNING: Shader Did you use #pragma only_renderers and omit this platform?
WARNING: Shader If subshaders removal was intentional, you may have forgotten turning Fallback off?
WARNING: Shader Unsupported: 'Simulation/Standard Lit' - All subshaders removed
WARNING: Shader Did you use #pragma only_renderers and omit this platform?
WARNING: Shader If subshaders removal was intentional, you may have forgotten turning Fallback off?
WARNING: Shader Unsupported: 'Simulation/Room X-Ray' - All subshaders removed
WARNING: Shader Did you use #pragma only_renderers and omit this platform?
WARNING: Shader If subshaders removal was intentional, you may have forgotten turning Fallback off?
Refreshing native plugins compatible for Editor in 2.99 ms, found 9 plugins.
Unloading 8 Unused Serialized files (Serialized files now loaded: 0)
Unloading 5816 unused Assets / (5.0 MB). Loaded Objects now: 6486.
Memory consumption went from 119.4 MB to 114.4 MB.
Total: 7.402459 ms (FindLiveObjects: 0.316917 ms CreateObjectMapping: 0.177083 ms MarkObjects: 4.657750 ms  DeleteObjects: 2.250042 ms)

Prepare: number of updated asset objects reloaded= 0
========================================================================
Received Prepare
Begin MonoManager ReloadAssembly
Thread 0x16f4f7000 may have been prematurely finalized
Assembly Assembly-CSharp-Editor-firstpass.dll at Library/ScriptAssemblies/Assembly-CSharp-Editor-firstpass.dll not valid. Loading of assembly skipped.
Assembly Assembly-CSharp-Editor.dll at Library/ScriptAssemblies/Assembly-CSharp-Editor.dll not valid. Loading of assembly skipped.
Assembly Assembly-CSharp-firstpass.dll at Library/ScriptAssemblies/Assembly-CSharp-firstpass.dll not valid. Loading of assembly skipped.
Assembly DocCodeExamples.dll at Library/ScriptAssemblies/DocCodeExamples.dll not valid. Loading of assembly skipped.
Assembly TestNewCustomAssembly.dll at Library/ScriptAssemblies/TestNewCustomAssembly.dll not valid. Loading of assembly skipped.
Assembly Unity.InputSystem.IntegrationTests.dll at Library/ScriptAssemblies/Unity.InputSystem.IntegrationTests.dll not valid. Loading of assembly skipped.
Assembly Unity.Mathematics.Tests.dll at Library/ScriptAssemblies/Unity.Mathematics.Tests.dll not valid. Loading of assembly skipped.
Assembly Unity.Multiplayer.Center.Editor.Tests.dll at Library/ScriptAssemblies/Unity.Multiplayer.Center.Editor.Tests.dll not valid. Loading of assembly skipped.
Assembly Unity.Multiplayer.Center.Tests.dll at Library/ScriptAssemblies/Unity.Multiplayer.Center.Tests.dll not valid. Loading of assembly skipped.
Assembly Unity.TextMeshPro.Editor.Tests.dll at Library/ScriptAssemblies/Unity.TextMeshPro.Editor.Tests.dll not valid. Loading of assembly skipped.
Assembly Unity.TextMeshPro.Tests.dll at Library/ScriptAssemblies/Unity.TextMeshPro.Tests.dll not valid. Loading of assembly skipped.
Assembly Unity.XR.ARCore.CodeSamples.Tests.dll at Library/ScriptAssemblies/Unity.XR.ARCore.CodeSamples.Tests.dll not valid. Loading of assembly skipped.
Assembly Unity.XR.ARCore.Editor.Tests.dll at Library/ScriptAssemblies/Unity.XR.ARCore.Editor.Tests.dll not valid. Loading of assembly skipped.
Assembly Unity.XR.ARCore.Runtime.Tests.dll at Library/ScriptAssemblies/Unity.XR.ARCore.Runtime.Tests.dll not valid. Loading of assembly skipped.
Assembly Unity.XR.ARFoundation.CodeSamples.Editor.Tests.dll at Library/ScriptAssemblies/Unity.XR.ARFoundation.CodeSamples.Editor.Tests.dll not valid. Loading of assembly skipped.
Assembly Unity.XR.ARFoundation.CodeSamples.Tests.dll at Library/ScriptAssemblies/Unity.XR.ARFoundation.CodeSamples.Tests.dll not valid. Loading of assembly skipped.
Assembly Unity.XR.ARFoundation.Editor.Tests.dll at Library/ScriptAssemblies/Unity.XR.ARFoundation.Editor.Tests.dll not valid. Loading of assembly skipped.
Assembly Unity.XR.ARFoundation.InternalUtils.Editor.Tests.dll at Library/ScriptAssemblies/Unity.XR.ARFoundation.InternalUtils.Editor.Tests.dll not valid. Loading of assembly skipped.
Assembly Unity.XR.ARFoundation.Runtime.Tests.dll at Library/ScriptAssemblies/Unity.XR.ARFoundation.Runtime.Tests.dll not valid. Loading of assembly skipped.
Assembly Unity.XR.ARKit.CodeSamples.Tests.dll at Library/ScriptAssemblies/Unity.XR.ARKit.CodeSamples.Tests.dll not valid. Loading of assembly skipped.
Assembly Unity.XR.ARKit.Editor.Tests.dll at Library/ScriptAssemblies/Unity.XR.ARKit.Editor.Tests.dll not valid. Loading of assembly skipped.
Assembly Unity.XR.ARKit.Runtime.Tests.dll at Library/ScriptAssemblies/Unity.XR.ARKit.Runtime.Tests.dll not valid. Loading of assembly skipped.
Assembly Unity.XR.ARSubsystems.Editor.Tests.dll at Library/ScriptAssemblies/Unity.XR.ARSubsystems.Editor.Tests.dll not valid. Loading of assembly skipped.
Assembly Unity.XR.CoreUtils.CodeSamples.Tests.dll at Library/ScriptAssemblies/Unity.XR.CoreUtils.CodeSamples.Tests.dll not valid. Loading of assembly skipped.
Assembly Unity.XR.CoreUtils.Editor.Tests.dll at Library/ScriptAssemblies/Unity.XR.CoreUtils.Editor.Tests.dll not valid. Loading of assembly skipped.
Assembly Unity.XR.CoreUtils.Tests.dll at Library/ScriptAssemblies/Unity.XR.CoreUtils.Tests.dll not valid. Loading of assembly skipped.
Assembly Unity.XR.Interaction.Toolkit.Editor.Tests.dll at Library/ScriptAssemblies/Unity.XR.Interaction.Toolkit.Editor.Tests.dll not valid. Loading of assembly skipped.
Assembly Unity.XR.Interaction.Toolkit.Tests.dll at Library/ScriptAssemblies/Unity.XR.Interaction.Toolkit.Tests.dll not valid. Loading of assembly skipped.
Assembly Unity.XR.Management.EditorTests.dll at Library/ScriptAssemblies/Unity.XR.Management.EditorTests.dll not valid. Loading of assembly skipped.
Assembly Unity.XR.Management.TestPackage.dll at Library/ScriptAssemblies/Unity.XR.Management.TestPackage.dll not valid. Loading of assembly skipped.
Assembly Unity.XR.Management.TestPackage.Editor.dll at Library/ScriptAssemblies/Unity.XR.Management.TestPackage.Editor.dll not valid. Loading of assembly skipped.
Assembly Unity.XR.Management.Tests.dll at Library/ScriptAssemblies/Unity.XR.Management.Tests.dll not valid. Loading of assembly skipped.
Assembly Unity.XR.Management.Tests.Standalone.dll at Library/ScriptAssemblies/Unity.XR.Management.Tests.Standalone.dll not valid. Loading of assembly skipped.
Assembly Unity.XR.OpenXR.Editor.Tests.dll at Library/ScriptAssemblies/Unity.XR.OpenXR.Editor.Tests.dll not valid. Loading of assembly skipped.
Assembly Unity.XR.OpenXR.Tests.dll at Library/ScriptAssemblies/Unity.XR.OpenXR.Tests.dll not valid. Loading of assembly skipped.
Assembly Unity.XR.OpenXR.Ubuntu.Tests.dll at Library/ScriptAssemblies/Unity.XR.OpenXR.Ubuntu.Tests.dll not valid. Loading of assembly skipped.
Assembly Unity.XR.Simulation.Editor.Tests.dll at Library/ScriptAssemblies/Unity.XR.Simulation.Editor.Tests.dll not valid. Loading of assembly skipped.
Assembly Unity.XR.Simulation.Runtime.Tests.dll at Library/ScriptAssemblies/Unity.XR.Simulation.Runtime.Tests.dll not valid. Loading of assembly skipped.
Assembly Unity.XR.TestSupport.dll at Library/ScriptAssemblies/Unity.XR.TestSupport.dll not valid. Loading of assembly skipped.
Assembly Unity.XR.TestTooling.Editor.Tests.dll at Library/ScriptAssemblies/Unity.XR.TestTooling.Editor.Tests.dll not valid. Loading of assembly skipped.
Assembly UnityEditor.UI.Common.Tests.dll at Library/ScriptAssemblies/UnityEditor.UI.Common.Tests.dll not valid. Loading of assembly skipped.
Assembly UnityEditor.UI.EditorTests.dll at Library/ScriptAssemblies/UnityEditor.UI.EditorTests.dll not valid. Loading of assembly skipped.
Assembly UnityEditor.XR.LegacyInputHelpers.Tests.dll at Library/ScriptAssemblies/UnityEditor.XR.LegacyInputHelpers.Tests.dll not valid. Loading of assembly skipped.
Assembly UnityEngine.SpatialTracking.Tests.dll at Library/ScriptAssemblies/UnityEngine.SpatialTracking.Tests.dll not valid. Loading of assembly skipped.
Assembly UnityEngine.UI.Tests.dll at Library/ScriptAssemblies/UnityEngine.UI.Tests.dll not valid. Loading of assembly skipped.
Assembly UnityEngine.XR.OpenXR.CodeSamples.Editor.Tests.dll at Library/ScriptAssemblies/UnityEngine.XR.OpenXR.CodeSamples.Editor.Tests.dll not valid. Loading of assembly skipped.
Refreshing native plugins compatible for Editor in 2.98 ms, found 9 plugins.
Native extension for iOS target not found
Native extension for Android target not found
Native extension for OSXStandalone target not found
[Package Manager] Failed to launch server process. Reason: Unity was launched with the -noUpm command-line argument
[Package Manager] Unable to send message (not connected to server process).
[Package Manager] Cannot connect to Unity Package Manager local server
[Package Manager] Failed to launch server process. Reason: Unity was launched with the -noUpm command-line argument
[Package Manager] Unable to send message (not connected to server process).
[Package Manager] Cannot connect to Unity Package Manager local server
ScheduleIndexationOnStartup MainProcess:False IndexOnStartup:True
Mono: successfully reloaded assembly
[Package Manager] Failed to launch server process. Reason: Unity was launched with the -noUpm command-line argument
[Package Manager] Unable to send message (not connected to server process).
[Package Manager] Cannot connect to Unity Package Manager local server
- Finished resetting the current domain, in  0.469 seconds
Domain Reload Profiling: 919ms
	BeginReloadAssembly (109ms)
		DisableScriptedObjects (11ms)
		CreateAndSetChildDomain (25ms)
	RebuildCommonClasses (27ms)
	RebuildNativeTypeToScriptingClass (12ms)
	initialDomainReloadingComplete (25ms)
	LoadAllAssembliesAndSetupDomain (278ms)
		LoadAssemblies (194ms)
		AnalyzeDomain (115ms)
			TypeCache.Refresh (6ms)
			BuildScriptInfoCaches (101ms)
			ResolveRequiredComponents (7ms)
	FinalizeReload (469ms)
		SetupLoadedEditorAssemblies (0ms)
			InitializePlatformSupportModulesInManaged (13ms)
			BeforeProcessingInitializeOnLoad (97ms)
			ProcessInitializeOnLoadAttributes (160ms)
			ProcessInitializeOnLoadMethodAttributes (54ms)
		AwakeInstancesAfterBackupRestoration (11ms)
WARNING: Shader Unsupported: 'Hidden/Simulation/URP/Synthetic' - All subshaders removed
WARNING: Shader Did you use #pragma only_renderers and omit this platform?
WARNING: Shader If subshaders removal was intentional, you may have forgotten turning Fallback off?
WARNING: Shader Unsupported: 'Hidden/Simulation/Synthetic Lit' - All subshaders removed
WARNING: Shader Did you use #pragma only_renderers and omit this platform?
WARNING: Shader If subshaders removal was intentional, you may have forgotten turning Fallback off?
WARNING: Shader Unsupported: 'Simulation/URP/Room X-Ray' - All subshaders removed
WARNING: Shader Did you use #pragma only_renderers and omit this platform?
WARNING: Shader If subshaders removal was intentional, you may have forgotten turning Fallback off?
WARNING: Shader Unsupported: 'Simulation/URP/Lit' - All subshaders removed
WARNING: Shader Did you use #pragma only_renderers and omit this platform?
WARNING: Shader If subshaders removal was intentional, you may have forgotten turning Fallback off?
WARNING: Shader Unsupported: 'Simulation/Standard Lit' - All subshaders removed
WARNING: Shader Did you use #pragma only_renderers and omit this platform?
WARNING: Shader If subshaders removal was intentional, you may have forgotten turning Fallback off?
WARNING: Shader Unsupported: 'Simulation/Room X-Ray' - All subshaders removed
WARNING: Shader Did you use #pragma only_renderers and omit this platform?
WARNING: Shader If subshaders removal was intentional, you may have forgotten turning Fallback off?
Refreshing native plugins compatible for Editor in 3.40 ms, found 9 plugins.
Unloading 8 Unused Serialized files (Serialized files now loaded: 0)
Unloading 5816 unused Assets / (3.6 MB). Loaded Objects now: 6487.
Memory consumption went from 119.5 MB to 116.0 MB.
Total: 10.183041 ms (FindLiveObjects: 0.352625 ms CreateObjectMapping: 0.185000 ms MarkObjects: 5.124291 ms  DeleteObjects: 4.520542 ms)

Prepare: number of updated asset objects reloaded= 0
========================================================================
Received Prepare
[Licensing::Client] Successfully resolved entitlement details
Begin MonoManager ReloadAssembly
[Licensing::Client] Successfully resolved entitlement details
Thread 0x16f4f7000 may have been prematurely finalized
Assembly Assembly-CSharp-Editor-firstpass.dll at Library/ScriptAssemblies/Assembly-CSharp-Editor-firstpass.dll not valid. Loading of assembly skipped.
Assembly Assembly-CSharp-Editor.dll at Library/ScriptAssemblies/Assembly-CSharp-Editor.dll not valid. Loading of assembly skipped.
Assembly Assembly-CSharp-firstpass.dll at Library/ScriptAssemblies/Assembly-CSharp-firstpass.dll not valid. Loading of assembly skipped.
Assembly DocCodeExamples.dll at Library/ScriptAssemblies/DocCodeExamples.dll not valid. Loading of assembly skipped.
Assembly TestNewCustomAssembly.dll at Library/ScriptAssemblies/TestNewCustomAssembly.dll not valid. Loading of assembly skipped.
Assembly Unity.InputSystem.IntegrationTests.dll at Library/ScriptAssemblies/Unity.InputSystem.IntegrationTests.dll not valid. Loading of assembly skipped.
Assembly Unity.Mathematics.Tests.dll at Library/ScriptAssemblies/Unity.Mathematics.Tests.dll not valid. Loading of assembly skipped.
Assembly Unity.Multiplayer.Center.Editor.Tests.dll at Library/ScriptAssemblies/Unity.Multiplayer.Center.Editor.Tests.dll not valid. Loading of assembly skipped.
Assembly Unity.Multiplayer.Center.Tests.dll at Library/ScriptAssemblies/Unity.Multiplayer.Center.Tests.dll not valid. Loading of assembly skipped.
Assembly Unity.TextMeshPro.Editor.Tests.dll at Library/ScriptAssemblies/Unity.TextMeshPro.Editor.Tests.dll not valid. Loading of assembly skipped.
Assembly Unity.TextMeshPro.Tests.dll at Library/ScriptAssemblies/Unity.TextMeshPro.Tests.dll not valid. Loading of assembly skipped.
Assembly Unity.XR.ARCore.CodeSamples.Tests.dll at Library/ScriptAssemblies/Unity.XR.ARCore.CodeSamples.Tests.dll not valid. Loading of assembly skipped.
Assembly Unity.XR.ARCore.Editor.Tests.dll at Library/ScriptAssemblies/Unity.XR.ARCore.Editor.Tests.dll not valid. Loading of assembly skipped.
Assembly Unity.XR.ARCore.Runtime.Tests.dll at Library/ScriptAssemblies/Unity.XR.ARCore.Runtime.Tests.dll not valid. Loading of assembly skipped.
Assembly Unity.XR.ARFoundation.CodeSamples.Editor.Tests.dll at Library/ScriptAssemblies/Unity.XR.ARFoundation.CodeSamples.Editor.Tests.dll not valid. Loading of assembly skipped.
Assembly Unity.XR.ARFoundation.CodeSamples.Tests.dll at Library/ScriptAssemblies/Unity.XR.ARFoundation.CodeSamples.Tests.dll not valid. Loading of assembly skipped.
Assembly Unity.XR.ARFoundation.Editor.Tests.dll at Library/ScriptAssemblies/Unity.XR.ARFoundation.Editor.Tests.dll not valid. Loading of assembly skipped.
Assembly Unity.XR.ARFoundation.InternalUtils.Editor.Tests.dll at Library/ScriptAssemblies/Unity.XR.ARFoundation.InternalUtils.Editor.Tests.dll not valid. Loading of assembly skipped.
Assembly Unity.XR.ARFoundation.Runtime.Tests.dll at Library/ScriptAssemblies/Unity.XR.ARFoundation.Runtime.Tests.dll not valid. Loading of assembly skipped.
Assembly Unity.XR.ARKit.CodeSamples.Tests.dll at Library/ScriptAssemblies/Unity.XR.ARKit.CodeSamples.Tests.dll not valid. Loading of assembly skipped.
Assembly Unity.XR.ARKit.Editor.Tests.dll at Library/ScriptAssemblies/Unity.XR.ARKit.Editor.Tests.dll not valid. Loading of assembly skipped.
Assembly Unity.XR.ARKit.Runtime.Tests.dll at Library/ScriptAssemblies/Unity.XR.ARKit.Runtime.Tests.dll not valid. Loading of assembly skipped.
Assembly Unity.XR.ARSubsystems.Editor.Tests.dll at Library/ScriptAssemblies/Unity.XR.ARSubsystems.Editor.Tests.dll not valid. Loading of assembly skipped.
Assembly Unity.XR.CoreUtils.CodeSamples.Tests.dll at Library/ScriptAssemblies/Unity.XR.CoreUtils.CodeSamples.Tests.dll not valid. Loading of assembly skipped.
Assembly Unity.XR.CoreUtils.Editor.Tests.dll at Library/ScriptAssemblies/Unity.XR.CoreUtils.Editor.Tests.dll not valid. Loading of assembly skipped.
Assembly Unity.XR.CoreUtils.Tests.dll at Library/ScriptAssemblies/Unity.XR.CoreUtils.Tests.dll not valid. Loading of assembly skipped.
Assembly Unity.XR.Interaction.Toolkit.Editor.Tests.dll at Library/ScriptAssemblies/Unity.XR.Interaction.Toolkit.Editor.Tests.dll not valid. Loading of assembly skipped.
Assembly Unity.XR.Interaction.Toolkit.Tests.dll at Library/ScriptAssemblies/Unity.XR.Interaction.Toolkit.Tests.dll not valid. Loading of assembly skipped.
Assembly Unity.XR.Management.EditorTests.dll at Library/ScriptAssemblies/Unity.XR.Management.EditorTests.dll not valid. Loading of assembly skipped.
Assembly Unity.XR.Management.TestPackage.dll at Library/ScriptAssemblies/Unity.XR.Management.TestPackage.dll not valid. Loading of assembly skipped.
Assembly Unity.XR.Management.TestPackage.Editor.dll at Library/ScriptAssemblies/Unity.XR.Management.TestPackage.Editor.dll not valid. Loading of assembly skipped.
Assembly Unity.XR.Management.Tests.dll at Library/ScriptAssemblies/Unity.XR.Management.Tests.dll not valid. Loading of assembly skipped.
Assembly Unity.XR.Management.Tests.Standalone.dll at Library/ScriptAssemblies/Unity.XR.Management.Tests.Standalone.dll not valid. Loading of assembly skipped.
Assembly Unity.XR.OpenXR.Editor.Tests.dll at Library/ScriptAssemblies/Unity.XR.OpenXR.Editor.Tests.dll not valid. Loading of assembly skipped.
Assembly Unity.XR.OpenXR.Tests.dll at Library/ScriptAssemblies/Unity.XR.OpenXR.Tests.dll not valid. Loading of assembly skipped.
Assembly Unity.XR.OpenXR.Ubuntu.Tests.dll at Library/ScriptAssemblies/Unity.XR.OpenXR.Ubuntu.Tests.dll not valid. Loading of assembly skipped.
Assembly Unity.XR.Simulation.Editor.Tests.dll at Library/ScriptAssemblies/Unity.XR.Simulation.Editor.Tests.dll not valid. Loading of assembly skipped.
Assembly Unity.XR.Simulation.Runtime.Tests.dll at Library/ScriptAssemblies/Unity.XR.Simulation.Runtime.Tests.dll not valid. Loading of assembly skipped.
Assembly Unity.XR.TestSupport.dll at Library/ScriptAssemblies/Unity.XR.TestSupport.dll not valid. Loading of assembly skipped.
Assembly Unity.XR.TestTooling.Editor.Tests.dll at Library/ScriptAssemblies/Unity.XR.TestTooling.Editor.Tests.dll not valid. Loading of assembly skipped.
Assembly UnityEditor.UI.Common.Tests.dll at Library/ScriptAssemblies/UnityEditor.UI.Common.Tests.dll not valid. Loading of assembly skipped.
Assembly UnityEditor.UI.EditorTests.dll at Library/ScriptAssemblies/UnityEditor.UI.EditorTests.dll not valid. Loading of assembly skipped.
Assembly UnityEditor.XR.LegacyInputHelpers.Tests.dll at Library/ScriptAssemblies/UnityEditor.XR.LegacyInputHelpers.Tests.dll not valid. Loading of assembly skipped.
Assembly UnityEngine.SpatialTracking.Tests.dll at Library/ScriptAssemblies/UnityEngine.SpatialTracking.Tests.dll not valid. Loading of assembly skipped.
Assembly UnityEngine.UI.Tests.dll at Library/ScriptAssemblies/UnityEngine.UI.Tests.dll not valid. Loading of assembly skipped.
Assembly UnityEngine.XR.OpenXR.CodeSamples.Editor.Tests.dll at Library/ScriptAssemblies/UnityEngine.XR.OpenXR.CodeSamples.Editor.Tests.dll not valid. Loading of assembly skipped.
Refreshing native plugins compatible for Editor in 7.93 ms, found 9 plugins.
Native extension for iOS target not found
Native extension for Android target not found
Native extension for OSXStandalone target not found
[Package Manager] Failed to launch server process. Reason: Unity was launched with the -noUpm command-line argument
[Package Manager] Unable to send message (not connected to server process).
[Package Manager] Cannot connect to Unity Package Manager local server
[Package Manager] Failed to launch server process. Reason: Unity was launched with the -noUpm command-line argument
[Package Manager] Unable to send message (not connected to server process).
[Package Manager] Cannot connect to Unity Package Manager local server
ScheduleIndexationOnStartup MainProcess:False IndexOnStartup:True
[Licensing::Client] Successfully resolved entitlement details
Mono: successfully reloaded assembly
[Package Manager] Failed to launch server process. Reason: Unity was launched with the -noUpm command-line argument
[Package Manager] Unable to send message (not connected to server process).
[Package Manager] Cannot connect to Unity Package Manager local server
- Finished resetting the current domain, in  0.469 seconds
Domain Reload Profiling: 1018ms
	BeginReloadAssembly (180ms)
		DisableScriptedObjects (20ms)
		CreateAndSetChildDomain (56ms)
	RebuildCommonClasses (27ms)
	RebuildNativeTypeToScriptingClass (12ms)
	initialDomainReloadingComplete (34ms)
	LoadAllAssembliesAndSetupDomain (296ms)
		LoadAssemblies (222ms)
		AnalyzeDomain (126ms)
			TypeCache.Refresh (11ms)
			BuildScriptInfoCaches (107ms)
			ResolveRequiredComponents (7ms)
	FinalizeReload (469ms)
		SetupLoadedEditorAssemblies (0ms)
			InitializePlatformSupportModulesInManaged (12ms)
			BeforeProcessingInitializeOnLoad (98ms)
			ProcessInitializeOnLoadAttributes (158ms)
			ProcessInitializeOnLoadMethodAttributes (51ms)
		AwakeInstancesAfterBackupRestoration (11ms)
WARNING: Shader Unsupported: 'Hidden/Simulation/URP/Synthetic' - All subshaders removed
WARNING: Shader Did you use #pragma only_renderers and omit this platform?
WARNING: Shader If subshaders removal was intentional, you may have forgotten turning Fallback off?
WARNING: Shader Unsupported: 'Hidden/Simulation/Synthetic Lit' - All subshaders removed
WARNING: Shader Did you use #pragma only_renderers and omit this platform?
WARNING: Shader If subshaders removal was intentional, you may have forgotten turning Fallback off?
WARNING: Shader Unsupported: 'Simulation/URP/Room X-Ray' - All subshaders removed
WARNING: Shader Did you use #pragma only_renderers and omit this platform?
WARNING: Shader If subshaders removal was intentional, you may have forgotten turning Fallback off?
WARNING: Shader Unsupported: 'Simulation/URP/Lit' - All subshaders removed
WARNING: Shader Did you use #pragma only_renderers and omit this platform?
WARNING: Shader If subshaders removal was intentional, you may have forgotten turning Fallback off?
WARNING: Shader Unsupported: 'Simulation/Standard Lit' - All subshaders removed
WARNING: Shader Did you use #pragma only_renderers and omit this platform?
WARNING: Shader If subshaders removal was intentional, you may have forgotten turning Fallback off?
WARNING: Shader Unsupported: 'Simulation/Room X-Ray' - All subshaders removed
WARNING: Shader Did you use #pragma only_renderers and omit this platform?
WARNING: Shader If subshaders removal was intentional, you may have forgotten turning Fallback off?
Refreshing native plugins compatible for Editor in 3.44 ms, found 9 plugins.
Unloading 8 Unused Serialized files (Serialized files now loaded: 0)
Unloading 5816 unused Assets / (4.8 MB). Loaded Objects now: 6488.
Memory consumption went from 119.5 MB to 114.7 MB.
Total: 7.394083 ms (FindLiveObjects: 0.341625 ms CreateObjectMapping: 0.180375 ms MarkObjects: 4.523167 ms  DeleteObjects: 2.348375 ms)

Prepare: number of updated asset objects reloaded= 0
========================================================================
Received Prepare
[Licensing::Client] Successfully resolved entitlement details
Begin MonoManager ReloadAssembly
[Licensing::Client] Successfully resolved entitlement details
Thread 0x16f4f7000 may have been prematurely finalized
Assembly Assembly-CSharp-Editor-firstpass.dll at Library/ScriptAssemblies/Assembly-CSharp-Editor-firstpass.dll not valid. Loading of assembly skipped.
Assembly Assembly-CSharp-Editor.dll at Library/ScriptAssemblies/Assembly-CSharp-Editor.dll not valid. Loading of assembly skipped.
Assembly Assembly-CSharp-firstpass.dll at Library/ScriptAssemblies/Assembly-CSharp-firstpass.dll not valid. Loading of assembly skipped.
Assembly DocCodeExamples.dll at Library/ScriptAssemblies/DocCodeExamples.dll not valid. Loading of assembly skipped.
Assembly TestNewCustomAssembly.dll at Library/ScriptAssemblies/TestNewCustomAssembly.dll not valid. Loading of assembly skipped.
Assembly Unity.InputSystem.IntegrationTests.dll at Library/ScriptAssemblies/Unity.InputSystem.IntegrationTests.dll not valid. Loading of assembly skipped.
Assembly Unity.Mathematics.Tests.dll at Library/ScriptAssemblies/Unity.Mathematics.Tests.dll not valid. Loading of assembly skipped.
Assembly Unity.Multiplayer.Center.Editor.Tests.dll at Library/ScriptAssemblies/Unity.Multiplayer.Center.Editor.Tests.dll not valid. Loading of assembly skipped.
Assembly Unity.Multiplayer.Center.Tests.dll at Library/ScriptAssemblies/Unity.Multiplayer.Center.Tests.dll not valid. Loading of assembly skipped.
Assembly Unity.TextMeshPro.Editor.Tests.dll at Library/ScriptAssemblies/Unity.TextMeshPro.Editor.Tests.dll not valid. Loading of assembly skipped.
Assembly Unity.TextMeshPro.Tests.dll at Library/ScriptAssemblies/Unity.TextMeshPro.Tests.dll not valid. Loading of assembly skipped.
Assembly Unity.XR.ARCore.CodeSamples.Tests.dll at Library/ScriptAssemblies/Unity.XR.ARCore.CodeSamples.Tests.dll not valid. Loading of assembly skipped.
Assembly Unity.XR.ARCore.Editor.Tests.dll at Library/ScriptAssemblies/Unity.XR.ARCore.Editor.Tests.dll not valid. Loading of assembly skipped.
Assembly Unity.XR.ARCore.Runtime.Tests.dll at Library/ScriptAssemblies/Unity.XR.ARCore.Runtime.Tests.dll not valid. Loading of assembly skipped.
Assembly Unity.XR.ARFoundation.CodeSamples.Editor.Tests.dll at Library/ScriptAssemblies/Unity.XR.ARFoundation.CodeSamples.Editor.Tests.dll not valid. Loading of assembly skipped.
Assembly Unity.XR.ARFoundation.CodeSamples.Tests.dll at Library/ScriptAssemblies/Unity.XR.ARFoundation.CodeSamples.Tests.dll not valid. Loading of assembly skipped.
Assembly Unity.XR.ARFoundation.Editor.Tests.dll at Library/ScriptAssemblies/Unity.XR.ARFoundation.Editor.Tests.dll not valid. Loading of assembly skipped.
Assembly Unity.XR.ARFoundation.InternalUtils.Editor.Tests.dll at Library/ScriptAssemblies/Unity.XR.ARFoundation.InternalUtils.Editor.Tests.dll not valid. Loading of assembly skipped.
Assembly Unity.XR.ARFoundation.Runtime.Tests.dll at Library/ScriptAssemblies/Unity.XR.ARFoundation.Runtime.Tests.dll not valid. Loading of assembly skipped.
Assembly Unity.XR.ARKit.CodeSamples.Tests.dll at Library/ScriptAssemblies/Unity.XR.ARKit.CodeSamples.Tests.dll not valid. Loading of assembly skipped.
Assembly Unity.XR.ARKit.Editor.Tests.dll at Library/ScriptAssemblies/Unity.XR.ARKit.Editor.Tests.dll not valid. Loading of assembly skipped.
Assembly Unity.XR.ARKit.Runtime.Tests.dll at Library/ScriptAssemblies/Unity.XR.ARKit.Runtime.Tests.dll not valid. Loading of assembly skipped.
Assembly Unity.XR.ARSubsystems.Editor.Tests.dll at Library/ScriptAssemblies/Unity.XR.ARSubsystems.Editor.Tests.dll not valid. Loading of assembly skipped.
Assembly Unity.XR.CoreUtils.CodeSamples.Tests.dll at Library/ScriptAssemblies/Unity.XR.CoreUtils.CodeSamples.Tests.dll not valid. Loading of assembly skipped.
Assembly Unity.XR.CoreUtils.Editor.Tests.dll at Library/ScriptAssemblies/Unity.XR.CoreUtils.Editor.Tests.dll not valid. Loading of assembly skipped.
Assembly Unity.XR.CoreUtils.Tests.dll at Library/ScriptAssemblies/Unity.XR.CoreUtils.Tests.dll not valid. Loading of assembly skipped.
Assembly Unity.XR.Interaction.Toolkit.Editor.Tests.dll at Library/ScriptAssemblies/Unity.XR.Interaction.Toolkit.Editor.Tests.dll not valid. Loading of assembly skipped.
Assembly Unity.XR.Interaction.Toolkit.Tests.dll at Library/ScriptAssemblies/Unity.XR.Interaction.Toolkit.Tests.dll not valid. Loading of assembly skipped.
Assembly Unity.XR.Management.EditorTests.dll at Library/ScriptAssemblies/Unity.XR.Management.EditorTests.dll not valid. Loading of assembly skipped.
Assembly Unity.XR.Management.TestPackage.dll at Library/ScriptAssemblies/Unity.XR.Management.TestPackage.dll not valid. Loading of assembly skipped.
Assembly Unity.XR.Management.TestPackage.Editor.dll at Library/ScriptAssemblies/Unity.XR.Management.TestPackage.Editor.dll not valid. Loading of assembly skipped.
Assembly Unity.XR.Management.Tests.dll at Library/ScriptAssemblies/Unity.XR.Management.Tests.dll not valid. Loading of assembly skipped.
Assembly Unity.XR.Management.Tests.Standalone.dll at Library/ScriptAssemblies/Unity.XR.Management.Tests.Standalone.dll not valid. Loading of assembly skipped.
Assembly Unity.XR.OpenXR.Editor.Tests.dll at Library/ScriptAssemblies/Unity.XR.OpenXR.Editor.Tests.dll not valid. Loading of assembly skipped.
Assembly Unity.XR.OpenXR.Tests.dll at Library/ScriptAssemblies/Unity.XR.OpenXR.Tests.dll not valid. Loading of assembly skipped.
Assembly Unity.XR.OpenXR.Ubuntu.Tests.dll at Library/ScriptAssemblies/Unity.XR.OpenXR.Ubuntu.Tests.dll not valid. Loading of assembly skipped.
Assembly Unity.XR.Simulation.Editor.Tests.dll at Library/ScriptAssemblies/Unity.XR.Simulation.Editor.Tests.dll not valid. Loading of assembly skipped.
Assembly Unity.XR.Simulation.Runtime.Tests.dll at Library/ScriptAssemblies/Unity.XR.Simulation.Runtime.Tests.dll not valid. Loading of assembly skipped.
Assembly Unity.XR.TestSupport.dll at Library/ScriptAssemblies/Unity.XR.TestSupport.dll not valid. Loading of assembly skipped.
Assembly Unity.XR.TestTooling.Editor.Tests.dll at Library/ScriptAssemblies/Unity.XR.TestTooling.Editor.Tests.dll not valid. Loading of assembly skipped.
Assembly UnityEditor.UI.Common.Tests.dll at Library/ScriptAssemblies/UnityEditor.UI.Common.Tests.dll not valid. Loading of assembly skipped.
Assembly UnityEditor.UI.EditorTests.dll at Library/ScriptAssemblies/UnityEditor.UI.EditorTests.dll not valid. Loading of assembly skipped.
Assembly UnityEditor.XR.LegacyInputHelpers.Tests.dll at Library/ScriptAssemblies/UnityEditor.XR.LegacyInputHelpers.Tests.dll not valid. Loading of assembly skipped.
Assembly UnityEngine.SpatialTracking.Tests.dll at Library/ScriptAssemblies/UnityEngine.SpatialTracking.Tests.dll not valid. Loading of assembly skipped.
Assembly UnityEngine.UI.Tests.dll at Library/ScriptAssemblies/UnityEngine.UI.Tests.dll not valid. Loading of assembly skipped.
Assembly UnityEngine.XR.OpenXR.CodeSamples.Editor.Tests.dll at Library/ScriptAssemblies/UnityEngine.XR.OpenXR.CodeSamples.Editor.Tests.dll not valid. Loading of assembly skipped.
Refreshing native plugins compatible for Editor in 3.25 ms, found 9 plugins.
Native extension for iOS target not found
Native extension for Android target not found
Native extension for OSXStandalone target not found
[Package Manager] Failed to launch server process. Reason: Unity was launched with the -noUpm command-line argument
[Package Manager] Unable to send message (not connected to server process).
[Package Manager] Cannot connect to Unity Package Manager local server
[Package Manager] Failed to launch server process. Reason: Unity was launched with the -noUpm command-line argument
[Package Manager] Unable to send message (not connected to server process).
[Package Manager] Cannot connect to Unity Package Manager local server
ScheduleIndexationOnStartup MainProcess:False IndexOnStartup:True
[Licensing::Client] Successfully resolved entitlement details
Mono: successfully reloaded assembly
[Package Manager] Failed to launch server process. Reason: Unity was launched with the -noUpm command-line argument
[Package Manager] Unable to send message (not connected to server process).
[Package Manager] Cannot connect to Unity Package Manager local server
- Finished resetting the current domain, in  0.446 seconds
Domain Reload Profiling: 975ms
	BeginReloadAssembly (161ms)
		DisableScriptedObjects (17ms)
		CreateAndSetChildDomain (45ms)
	RebuildCommonClasses (27ms)
	RebuildNativeTypeToScriptingClass (11ms)
	initialDomainReloadingComplete (40ms)
	LoadAllAssembliesAndSetupDomain (288ms)
		LoadAssemblies (214ms)
		AnalyzeDomain (121ms)
			TypeCache.Refresh (9ms)
			BuildScriptInfoCaches (102ms)
			ResolveRequiredComponents (7ms)
	FinalizeReload (447ms)
		SetupLoadedEditorAssemblies (0ms)
			InitializePlatformSupportModulesInManaged (13ms)
			BeforeProcessingInitializeOnLoad (95ms)
			ProcessInitializeOnLoadAttributes (153ms)
			ProcessInitializeOnLoadMethodAttributes (49ms)
		AwakeInstancesAfterBackupRestoration (11ms)
WARNING: Shader Unsupported: 'Hidden/Simulation/URP/Synthetic' - All subshaders removed
WARNING: Shader Did you use #pragma only_renderers and omit this platform?
WARNING: Shader If subshaders removal was intentional, you may have forgotten turning Fallback off?
WARNING: Shader Unsupported: 'Hidden/Simulation/Synthetic Lit' - All subshaders removed
WARNING: Shader Did you use #pragma only_renderers and omit this platform?
WARNING: Shader If subshaders removal was intentional, you may have forgotten turning Fallback off?
WARNING: Shader Unsupported: 'Simulation/URP/Room X-Ray' - All subshaders removed
WARNING: Shader Did you use #pragma only_renderers and omit this platform?
WARNING: Shader If subshaders removal was intentional, you may have forgotten turning Fallback off?
WARNING: Shader Unsupported: 'Simulation/URP/Lit' - All subshaders removed
WARNING: Shader Did you use #pragma only_renderers and omit this platform?
WARNING: Shader If subshaders removal was intentional, you may have forgotten turning Fallback off?
WARNING: Shader Unsupported: 'Simulation/Standard Lit' - All subshaders removed
WARNING: Shader Did you use #pragma only_renderers and omit this platform?
WARNING: Shader If subshaders removal was intentional, you may have forgotten turning Fallback off?
WARNING: Shader Unsupported: 'Simulation/Room X-Ray' - All subshaders removed
WARNING: Shader Did you use #pragma only_renderers and omit this platform?
WARNING: Shader If subshaders removal was intentional, you may have forgotten turning Fallback off?
Refreshing native plugins compatible for Editor in 3.26 ms, found 9 plugins.
Unloading 8 Unused Serialized files (Serialized files now loaded: 0)
Unloading 5816 unused Assets / (5.0 MB). Loaded Objects now: 6489.
Memory consumption went from 119.5 MB to 114.5 MB.
Total: 7.484833 ms (FindLiveObjects: 0.335625 ms CreateObjectMapping: 0.179916 ms MarkObjects: 4.516709 ms  DeleteObjects: 2.451666 ms)

Prepare: number of updated asset objects reloaded= 0
