Unity Editor version:    6000.4.0f1 (8cf496087c8f)
Branch:                  6000.4/staging
Build type:              Release
Batch mode:              YES
macOS version:           Version 26.3.1 (Build 25D2128)
Darwin version:          25.3.0
Architecture:            arm64
Running under Rosetta:   NO
Available memory:        16384 MB
Date:                    2026-05-02T04:27:06Z
[Licensing::Module] Trying to connect to existing licensing client channel...
[Licensing::IpcConnector] Successfully connected to: "LicenseClient-shiny" at "2026-05-02T04:27:06.265992Z"

COMMAND LINE ARGUMENTS:
/Applications/Unity/Hub/Editor/2020.3.3f1/6000.4.0f1/Unity.app/Contents/MacOS/Unity
-adb2
-batchMode
-noUpm
-name
AssetImportWorker0
-projectPath
/Users/shiny/Documents/GitHub/unity-ar/unity/Dance
-logFile
Logs/AssetImportWorker0.log
-srvPort
65315
-licensingIpc
LicenseClient-shiny
-force-metal
-job-worker-count
3
-background-job-worker-count
8
-gc-helper-count
1
-name AssetImport
Successfully changed project path to: /Users/shiny/Documents/GitHub/unity-ar/unity/Dance
/Users/shiny/Documents/GitHub/unity-ar/unity/Dance
[UnityMemory] Configuration Parameters - Can be set up in boot.config
    "memorysetup-temp-allocator-size-gi-baking-worker=262144"
    "memorysetup-temp-allocator-size-gi-baking-worker=262144"
    "memorysetup-temp-allocator-size-gi-baking-worker=262144"
    "memorysetup-temp-allocator-size-gi-baking-worker=262144"
    "memorysetup-temp-allocator-size-gi-baking-worker=262144"
    "memorysetup-temp-allocator-size-nav-mesh-worker=65536"
    "memorysetup-temp-allocator-size-audio-worker=65536"
    "memorysetup-temp-allocator-size-cloud-worker=32768"
    "memorysetup-allocator-temp-initial-block-size-main=262144"
    "memorysetup-allocator-temp-initial-block-size-worker=262144"
    "memorysetup-temp-allocator-size-background-worker=32768"
    "memorysetup-temp-allocator-size-job-worker=262144"
    "memorysetup-temp-allocator-size-preload-manager=33554432"
    "memorysetup-temp-allocator-size-gfx=262144"
    "memorysetup-bucket-allocator-granularity=16"
    "memorysetup-bucket-allocator-bucket-count=8"
    "memorysetup-bucket-allocator-block-size=33554432"
    "memorysetup-bucket-allocator-block-count=8"
    "memorysetup-main-allocator-block-size=16777216"
    "memorysetup-thread-allocator-block-size=16777216"
    "memorysetup-gfx-main-allocator-block-size=16777216"
    "memorysetup-gfx-thread-allocator-block-size=16777216"
    "memorysetup-cache-allocator-block-size=4194304"
    "memorysetup-typetree-allocator-block-size=2097152"
    "memorysetup-profiler-bucket-allocator-granularity=16"
    "memorysetup-profiler-bucket-allocator-bucket-count=8"
    "memorysetup-profiler-bucket-allocator-block-size=33554432"
    "memorysetup-profiler-bucket-allocator-block-count=8"
    "memorysetup-profiler-allocator-block-size=16777216"
    "memorysetup-profiler-editor-allocator-block-size=1048576"
    "memorysetup-temp-allocator-size-main=16777216"
    "memorysetup-job-temp-allocator-block-size=2097152"
    "memorysetup-job-temp-allocator-block-size-background=1048576"
    "memorysetup-job-temp-allocator-reduction-small-platforms=262144"
Player connection [8756982016]  Target information:

Player connection [8756982016]  * "[IP] 192.168.0.171 [Port] 0 [Flags] 2 [Guid] 2781969034 [EditorId] 2781969034 [Version] 1048832 [Id] OSXEditor(0,araoshinyanoMacBook-Air.local) [Debug] 1 [PackageName] OSXEditor [ProjectName] Editor" 

Player connection [8756982016] Host joined multi-casting on [225.0.0.222:54997]...
Player connection [8756982016] Host joined alternative multi-casting on [225.0.0.222:34997]...
JobSystem: Creating JobQueue using job-worker-count value 3
Input System module state changed to: Initialized.
[Physics::Module] Initialized fallback backend.
[Physics::Module] Id: 0xdecafbad
Library Redirect Path: Library/
[Physics::Module] Selected backend.
[Physics::Module] Name: PhysX
[Physics::Module] Id: 0xf2b8ea05
[Physics::Module] SDK Version: 4.1.2
[Physics::Module] Integration Version: 1.0.0
[Physics::Module] Threading Mode: Multi-Threaded
Refreshing native plugins compatible for Editor in 16.87 ms, found 2 plugins.
Initialize engine version: 6000.4.0f1 (8cf496087c8f)
[Subsystems] Discovering subsystems at path /Applications/Unity/Hub/Editor/2020.3.3f1/6000.4.0f1/Unity.app/Contents/Resources/UnitySubsystems
[Subsystems] Discovering subsystems at path /Users/shiny/Documents/GitHub/unity-ar/unity/Dance/Assets
Forcing GfxDevice: Metal
GfxDevice: creating device client; kGfxThreadingModeNonThreaded
 preferred device: Apple M1 (high power)
Metal devices available: 1
0: Apple M1 (high power)
Using device Apple M1 (high power)
Initializing Metal device caps: Apple M1
Mac GPU Family: 2
Apple GPU Family: 7
MSL Version: 3.0
Has Float MSAA: 1
Has Float Filtering: 1
ReadWrite Texture Tier: 2
Initialize mono
Mono path[0] = '/Applications/Unity/Hub/Editor/2020.3.3f1/6000.4.0f1/Unity.app/Contents/Resources/Scripting/Managed'
Mono path[1] = '/Applications/Unity/Hub/Editor/2020.3.3f1/6000.4.0f1/Unity.app/Contents/Resources/Scripting/MonoBleedingEdge/lib/mono/unityjit-macos'
Mono config path = '/Applications/Unity/Hub/Editor/2020.3.3f1/6000.4.0f1/Unity.app/Contents/Resources/Scripting/MonoBleedingEdge/etc'
Using monoOptions --debugger-agent=transport=dt_socket,embedding=1,server=y,suspend=n,address=127.0.0.1:56394
CodeReloadManager initialized
Begin MonoManager ReloadAssembly
[Licensing::Client] Error: HandshakeResponse reported an error:
	ResponseCode: 505
	ResponseStatus: Unsupported protocol version '1.18.1'.
[Licensing::Module] Error: Failed to handshake to channel: "LicenseClient-shiny"
[Licensing::IpcConnector] LicenseClient-shiny channel disconnected successfully.
[Licensing::IpcConnector] Successfully connected to: "LicenseClient-shiny-6000.4.0" at "2026-05-02T04:27:07.03342Z"
Registering precompiled unity dll's ...
Register platform support module: /Applications/Unity/Hub/Editor/2020.3.3f1/6000.4.0f1/Unity.app/Contents/PlaybackEngines/MacStandaloneSupport/UnityEditor.OSXStandalone.Extensions.dll
[Licensing::Module] Licensing is not yet initialized.
[Licensing::Client] Handshaking with LicensingClient:
  Version:                 1.18.1+9fbee8e
  Session Id:              70b4f1d4f2ba4d86972238aab7916fbd
  Correlation Id:          963b9ea588be150ffabc01e62965c203
  External correlation Id: 2738884686628965145
  Machine Id:              cEUd2IGX3mUPoy76UqRmMR9jX7k=
[Licensing::Module] Successfully connected to LicensingClient on channel: "LicenseClient-shiny-6000.4.0" (connect: 0.00s, validation: 0.00s, handshake: 0.59s)
[Licensing::IpcConnector] Successfully connected to: "LicenseClient-shiny-6000.4.0-notifications" at "2026-05-02T04:27:07.627129Z"
[Licensing::Module] Licensing Background thread has ended after 1.36s
[Licensing::Module] Licensing is initialized (took 0.54s).
[Licensing::Client] Successfully resolved entitlement details
[Licensing::Module] License group:
  Id: 15668237654568-UnityPersXXXX
  Product: Unity Personal
  Type: Assigned
  Expiration: Unlimited
Register platform support module: /Applications/Unity/Hub/Editor/2020.3.3f1/6000.4.0f1/PlaybackEngines/AndroidPlayer/UnityEditor.Android.Extensions.dll
[Licensing::Client] Successfully resolved entitlement details
Register platform support module: /Applications/Unity/Hub/Editor/2020.3.3f1/6000.4.0f1/PlaybackEngines/iOSSupport/UnityEditor.iOS.Extensions.dll
Registered in 0.544331 seconds.
[usbmuxd] Start listen thread
[usbmuxd] Listen thread started
[usbmuxd] Send listen message
Native extension for iOS target not found
Native extension for Android target not found
Android Extension - Scanning For ADB Devices 85 ms
Native extension for OSXStandalone target not found
Package Manager log level set to [2]
[Package Manager] Failed to launch server process. Reason: Unity was launched with the -noUpm command-line argument
[Package Manager] Unable to send message (not connected to server process).
[Package Manager] Cannot connect to Unity Package Manager local server
ScheduleIndexationOnStartup MainProcess:False IndexOnStartup:True
Mono: successfully reloaded assembly
- Finished resetting the current domain, in  0.415 seconds
Domain Reload Profiling: 1301ms
	BeginReloadAssembly (91ms)
	RebuildCommonClasses (28ms)
	RebuildNativeTypeToScriptingClass (11ms)
	initialDomainReloadingComplete (594ms)
	LoadAllAssembliesAndSetupDomain (161ms)
		LoadAssemblies (91ms)
		AnalyzeDomain (153ms)
			TypeCache.Refresh (152ms)
				TypeCache.ScanAssembly (140ms)
	FinalizeReload (415ms)
		SetupLoadedEditorAssemblies (0ms)
			InitializePlatformSupportModulesInManaged (188ms)
			BeforeProcessingInitializeOnLoad (61ms)
			ProcessInitializeOnLoadAttributes (65ms)
			ProcessInitializeOnLoadMethodAttributes (49ms)
[CoreBusinessMetrics] Unexpected thread when updating session info.
========================================================================
Worker process is ready to serve import requests
Import Worker Mode flag is 0x00
Begin MonoManager ReloadAssembly
[Licensing::Client] Successfully resolved entitlement details
Assembly Assembly-CSharp-Editor-firstpass.dll at Library/ScriptAssemblies/Assembly-CSharp-Editor-firstpass.dll not valid. Loading of assembly skipped.
Assembly Assembly-CSharp-Editor.dll at Library/ScriptAssemblies/Assembly-CSharp-Editor.dll not valid. Loading of assembly skipped.
Assembly Assembly-CSharp-firstpass.dll at Library/ScriptAssemblies/Assembly-CSharp-firstpass.dll not valid. Loading of assembly skipped.
Assembly DocCodeExamples.dll at Library/ScriptAssemblies/DocCodeExamples.dll not valid. Loading of assembly skipped.
Assembly TestNewCustomAssembly.dll at Library/ScriptAssemblies/TestNewCustomAssembly.dll not valid. Loading of assembly skipped.
Assembly Unity.InputSystem.IntegrationTests.dll at Library/ScriptAssemblies/Unity.InputSystem.IntegrationTests.dll not valid. Loading of assembly skipped.
Assembly Unity.Mathematics.Tests.dll at Library/ScriptAssemblies/Unity.Mathematics.Tests.dll not valid. Loading of assembly skipped.
Assembly Unity.Multiplayer.Center.Editor.Tests.dll at Library/ScriptAssemblies/Unity.Multiplayer.Center.Editor.Tests.dll not valid. Loading of assembly skipped.
Assembly Unity.Multiplayer.Center.Tests.dll at Library/ScriptAssemblies/Unity.Multiplayer.Center.Tests.dll not valid. Loading of assembly skipped.
Assembly Unity.TextMeshPro.Editor.Tests.dll at Library/ScriptAssemblies/Unity.TextMeshPro.Editor.Tests.dll not valid. Loading of assembly skipped.
Assembly Unity.TextMeshPro.Tests.dll at Library/ScriptAssemblies/Unity.TextMeshPro.Tests.dll not valid. Loading of assembly skipped.
Assembly Unity.XR.ARFoundation.CodeSamples.Editor.Tests.dll at Library/ScriptAssemblies/Unity.XR.ARFoundation.CodeSamples.Editor.Tests.dll not valid. Loading of assembly skipped.
Assembly Unity.XR.ARFoundation.CodeSamples.Tests.dll at Library/ScriptAssemblies/Unity.XR.ARFoundation.CodeSamples.Tests.dll not valid. Loading of assembly skipped.
Assembly Unity.XR.ARFoundation.Editor.Tests.dll at Library/ScriptAssemblies/Unity.XR.ARFoundation.Editor.Tests.dll not valid. Loading of assembly skipped.
Assembly Unity.XR.ARFoundation.InternalUtils.Editor.Tests.dll at Library/ScriptAssemblies/Unity.XR.ARFoundation.InternalUtils.Editor.Tests.dll not valid. Loading of assembly skipped.
Assembly Unity.XR.ARFoundation.Runtime.Tests.dll at Library/ScriptAssemblies/Unity.XR.ARFoundation.Runtime.Tests.dll not valid. Loading of assembly skipped.
Assembly Unity.XR.ARKit.CodeSamples.Tests.dll at Library/ScriptAssemblies/Unity.XR.ARKit.CodeSamples.Tests.dll not valid. Loading of assembly skipped.
Assembly Unity.XR.ARKit.Editor.Tests.dll at Library/ScriptAssemblies/Unity.XR.ARKit.Editor.Tests.dll not valid. Loading of assembly skipped.
Assembly Unity.XR.ARKit.Runtime.Tests.dll at Library/ScriptAssemblies/Unity.XR.ARKit.Runtime.Tests.dll not valid. Loading of assembly skipped.
Assembly Unity.XR.ARSubsystems.Editor.Tests.dll at Library/ScriptAssemblies/Unity.XR.ARSubsystems.Editor.Tests.dll not valid. Loading of assembly skipped.
Assembly Unity.XR.CoreUtils.CodeSamples.Tests.dll at Library/ScriptAssemblies/Unity.XR.CoreUtils.CodeSamples.Tests.dll not valid. Loading of assembly skipped.
Assembly Unity.XR.CoreUtils.Editor.Tests.dll at Library/ScriptAssemblies/Unity.XR.CoreUtils.Editor.Tests.dll not valid. Loading of assembly skipped.
Assembly Unity.XR.CoreUtils.Tests.dll at Library/ScriptAssemblies/Unity.XR.CoreUtils.Tests.dll not valid. Loading of assembly skipped.
Assembly Unity.XR.Management.EditorTests.dll at Library/ScriptAssemblies/Unity.XR.Management.EditorTests.dll not valid. Loading of assembly skipped.
Assembly Unity.XR.Management.TestPackage.dll at Library/ScriptAssemblies/Unity.XR.Management.TestPackage.dll not valid. Loading of assembly skipped.
Assembly Unity.XR.Management.TestPackage.Editor.dll at Library/ScriptAssemblies/Unity.XR.Management.TestPackage.Editor.dll not valid. Loading of assembly skipped.
Assembly Unity.XR.Management.Tests.dll at Library/ScriptAssemblies/Unity.XR.Management.Tests.dll not valid. Loading of assembly skipped.
Assembly Unity.XR.Management.Tests.Standalone.dll at Library/ScriptAssemblies/Unity.XR.Management.Tests.Standalone.dll not valid. Loading of assembly skipped.
Assembly Unity.XR.Simulation.Editor.Tests.dll at Library/ScriptAssemblies/Unity.XR.Simulation.Editor.Tests.dll not valid. Loading of assembly skipped.
Assembly Unity.XR.Simulation.Runtime.Tests.dll at Library/ScriptAssemblies/Unity.XR.Simulation.Runtime.Tests.dll not valid. Loading of assembly skipped.
Assembly Unity.XR.TestSupport.dll at Library/ScriptAssemblies/Unity.XR.TestSupport.dll not valid. Loading of assembly skipped.
Assembly Unity.XR.TestTooling.Editor.Tests.dll at Library/ScriptAssemblies/Unity.XR.TestTooling.Editor.Tests.dll not valid. Loading of assembly skipped.
Assembly UnityEditor.UI.Common.Tests.dll at Library/ScriptAssemblies/UnityEditor.UI.Common.Tests.dll not valid. Loading of assembly skipped.
Assembly UnityEditor.UI.EditorTests.dll at Library/ScriptAssemblies/UnityEditor.UI.EditorTests.dll not valid. Loading of assembly skipped.
Assembly UnityEditor.XR.LegacyInputHelpers.Tests.dll at Library/ScriptAssemblies/UnityEditor.XR.LegacyInputHelpers.Tests.dll not valid. Loading of assembly skipped.
Assembly UnityEngine.SpatialTracking.Tests.dll at Library/ScriptAssemblies/UnityEngine.SpatialTracking.Tests.dll not valid. Loading of assembly skipped.
Assembly UnityEngine.UI.Tests.dll at Library/ScriptAssemblies/UnityEngine.UI.Tests.dll not valid. Loading of assembly skipped.
Native extension for iOS target not found
Native extension for Android target not found
Native extension for OSXStandalone target not found
[Package Manager] Failed to launch server process. Reason: Unity was launched with the -noUpm command-line argument
[Package Manager] Unable to send message (not connected to server process).
[Package Manager] Cannot connect to Unity Package Manager local server
[Package Manager] Failed to launch server process. Reason: Unity was launched with the -noUpm command-line argument
[Package Manager] Unable to send message (not connected to server process).
[Package Manager] Cannot connect to Unity Package Manager local server
ScheduleIndexationOnStartup MainProcess:False IndexOnStartup:True
Mono: successfully reloaded assembly
[Package Manager] Failed to launch server process. Reason: Unity was launched with the -noUpm command-line argument
[Package Manager] Unable to send message (not connected to server process).
[Package Manager] Cannot connect to Unity Package Manager local server
[Package Manager] Failed to launch server process. Reason: Unity was launched with the -noUpm command-line argument
[Package Manager] Unable to send message (not connected to server process).
[Package Manager] Cannot connect to Unity Package Manager local server
- Finished resetting the current domain, in  0.823 seconds
Domain Reload Profiling: 1340ms
	BeginReloadAssembly (99ms)
		DisableScriptedObjects (3ms)
		CreateAndSetChildDomain (18ms)
	RebuildCommonClasses (28ms)
	RebuildNativeTypeToScriptingClass (11ms)
	initialDomainReloadingComplete (81ms)
	LoadAllAssembliesAndSetupDomain (296ms)
		LoadAssemblies (205ms)
		AnalyzeDomain (136ms)
			TypeCache.Refresh (102ms)
				TypeCache.ScanAssembly (88ms)
			BuildScriptInfoCaches (28ms)
			ResolveRequiredComponents (5ms)
	FinalizeReload (824ms)
		SetupLoadedEditorAssemblies (0ms)
			InitializePlatformSupportModulesInManaged (13ms)
			BeforeProcessingInitializeOnLoad (91ms)
			ProcessInitializeOnLoadAttributes (586ms)
			ProcessInitializeOnLoadMethodAttributes (31ms)
WARNING: Shader Unsupported: 'Hidden/Simulation/URP/Synthetic' - All subshaders removed
WARNING: Shader Did you use #pragma only_renderers and omit this platform?
WARNING: Shader If subshaders removal was intentional, you may have forgotten turning Fallback off?
WARNING: Shader Unsupported: 'Hidden/Simulation/Synthetic Lit' - All subshaders removed
WARNING: Shader Did you use #pragma only_renderers and omit this platform?
WARNING: Shader If subshaders removal was intentional, you may have forgotten turning Fallback off?
WARNING: Shader Unsupported: 'Simulation/URP/Room X-Ray' - All subshaders removed
WARNING: Shader Did you use #pragma only_renderers and omit this platform?
WARNING: Shader If subshaders removal was intentional, you may have forgotten turning Fallback off?
WARNING: Shader Unsupported: 'Simulation/URP/Lit' - All subshaders removed
WARNING: Shader Did you use #pragma only_renderers and omit this platform?
WARNING: Shader If subshaders removal was intentional, you may have forgotten turning Fallback off?
WARNING: Shader Unsupported: 'Simulation/Standard Lit' - All subshaders removed
WARNING: Shader Did you use #pragma only_renderers and omit this platform?
WARNING: Shader If subshaders removal was intentional, you may have forgotten turning Fallback off?
WARNING: Shader Unsupported: 'Simulation/Room X-Ray' - All subshaders removed
WARNING: Shader Did you use #pragma only_renderers and omit this platform?
WARNING: Shader If subshaders removal was intentional, you may have forgotten turning Fallback off?
Launching external process: /Applications/Unity/Hub/Editor/2020.3.3f1/6000.4.0f1/Unity.app/Contents/Helpers/UnityShaderCompiler
Launched and connected shader compiler UnityShaderCompiler after 0.04 seconds
Unloading 6 Unused Serialized files (Serialized files now loaded: 0)
Unloading 4881 unused Assets / (3.7 MB). Loaded Objects now: 5484.
Memory consumption went from 97.2 MB to 93.5 MB.
Total: 6.816334 ms (FindLiveObjects: 0.233708 ms CreateObjectMapping: 0.135458 ms MarkObjects: 4.704334 ms  DeleteObjects: 1.742125 ms)

========================================================================
Received Import Request.
  Time since last request: 653218.602322 seconds.
  path: Assets/Mixamo/Amy/Ch46_1001_Specular.png
  importAddress: Guid(de98fdb28209d4013880abdaf4cc285c) Importer(2089858483,d624ce77472d68a35037170ec1d2d27e)
Start importing Assets/Mixamo/Amy/Ch46_1001_Specular.png using Guid(de98fdb28209d4013880abdaf4cc285c) Importer(2089858483,d624ce77472d68a35037170ec1d2d27e) (ScriptedImporter) -> (Import Result ID: '68e99f007450fa0b1b3942abcc6dcdf8') in 0.063701625 seconds [static and dynamic dependencies]. Details - ImportResultOutputID=193590c27fab7354faa1de1e144e5652 DependenciesID=4c9dad2f5bedf384563c656125d809cd StaticDependenciesID=245ecf44d92132cfe6c88ee6549c05fd 
Number of updated asset objects reloaded before import = 0Number of asset objects unloaded after import = 1

========================================================================
Received Import Request.
  Time since last request: 0.000067 seconds.
  path: Assets/Animation/Right Turn.anim
  importAddress: Guid(141132808cc93ee48be7ac6169e0bab7) Importer(2089858483,d624ce77472d68a35037170ec1d2d27e)
Start importing Assets/Animation/Right Turn.anim using Guid(141132808cc93ee48be7ac6169e0bab7) Importer(2089858483,d624ce77472d68a35037170ec1d2d27e) (ScriptedImporter) -> (Import Result ID: '165b11f3178dcfa2cca79d702ffec3c1') in 0.015412792 seconds [static and dynamic dependencies]. Details - ImportResultOutputID=184d7d348ee875759b218b3920833a29 DependenciesID=1be60ce6c2d7b1c8bba3fa39b1aac5f0 StaticDependenciesID=fda73cce7dd85a2eecbabe6b0dbd64a7 
Number of updated asset objects reloaded before import = 0Number of asset objects unloaded after import = 1

========================================================================
Received Import Request.
  Time since last request: 0.000041 seconds.
  path: Assets/XR/Settings/XRSimulationSettings.asset
  importAddress: Guid(76de35c7265a24355a8baf20f8230f17) Importer(2089858483,d624ce77472d68a35037170ec1d2d27e)
Start importing Assets/XR/Settings/XRSimulationSettings.asset using Guid(76de35c7265a24355a8baf20f8230f17) Importer(2089858483,d624ce77472d68a35037170ec1d2d27e) (ScriptedImporter) -> (Import Result ID: '0c9ada4b42b9269f89533bd401bd0a32') in 0.003553959 seconds [static and dynamic dependencies]. Details - ImportResultOutputID=00cab784a2e8e1563de2a8eb22b2a2d9 DependenciesID=caf932b38b2700c72247cb2ca425ee38 StaticDependenciesID=014999165156455d227c4bd75ba12ad5 
Number of updated asset objects reloaded before import = 0Number of asset objects unloaded after import = 1

========================================================================
Received Import Request.
  Time since last request: 0.000081 seconds.
  path: Assets/Resources/Medea.prefab
  importAddress: Guid(23d947594c36a4552a568df18473ac67) Importer(2089858483,d624ce77472d68a35037170ec1d2d27e)
Start importing Assets/Resources/Medea.prefab using Guid(23d947594c36a4552a568df18473ac67) Importer(2089858483,d624ce77472d68a35037170ec1d2d27e) (ScriptedImporter) -> (Import Result ID: 'ac41fa3a17b79a9830f563f8e8e0dd27') in 0.010942667 seconds [static and dynamic dependencies]. Details - ImportResultOutputID=9393bc529e2155031ccc657564348211 DependenciesID=392c8b85a167ad819a2cc8c994ac825e StaticDependenciesID=383cf58a71f88fce1518e0d57e6d5bfb 
Number of updated asset objects reloaded before import = 0Number of asset objects unloaded after import = 146

========================================================================
Received Import Request.
  Time since last request: 0.000038 seconds.
  path: Assets/Mixamo/Medea/MEDEA glow.png
  importAddress: Guid(608022cd78ba54b6f86b8804b6bbdff0) Importer(2089858483,d624ce77472d68a35037170ec1d2d27e)
Start importing Assets/Mixamo/Medea/MEDEA glow.png using Guid(608022cd78ba54b6f86b8804b6bbdff0) Importer(2089858483,d624ce77472d68a35037170ec1d2d27e) (ScriptedImporter) -> (Import Result ID: '6a8daaa584627f6e6bb41267d35485e2') in 0.006353875 seconds [static and dynamic dependencies]. Details - ImportResultOutputID=201642cbd8cba81729ceb0a2ad9cf415 DependenciesID=7a460089ab700d932f45ee02dec434aa StaticDependenciesID=f90052c18d09eaae65aec86b7a9a9c4b 
Number of updated asset objects reloaded before import = 0Number of asset objects unloaded after import = 1

========================================================================
Received Import Request.
  Time since last request: 0.000099 seconds.
  path: Assets/Mixamo/Mousey/Ch14_1001_Specular.png
  importAddress: Guid(d1d2e8642a92f416c88bb10d3e4a1fd7) Importer(2089858483,d624ce77472d68a35037170ec1d2d27e)
Start importing Assets/Mixamo/Mousey/Ch14_1001_Specular.png using Guid(d1d2e8642a92f416c88bb10d3e4a1fd7) Importer(2089858483,d624ce77472d68a35037170ec1d2d27e) (ScriptedImporter) -> (Import Result ID: '833195ac27d83b95032db2ed2cf28d65') in 0.006167584 seconds [static and dynamic dependencies]. Details - ImportResultOutputID=67f38fe3e39192bc232b22a63f15dbb9 DependenciesID=cfeb99ce248b8cd4e9ffcd53281b97e7 StaticDependenciesID=4ac1b37761fc2430c44cb09a63423b2c 
Number of updated asset objects reloaded before import = 0Number of asset objects unloaded after import = 1

========================================================================
Received Import Request.
  Time since last request: 0.000093 seconds.
  path: Assets/XR/Loaders/AR Kit Loader.asset
  importAddress: Guid(6d1c6e04100e54f3da212a7935fec2a2) Importer(2089858483,d624ce77472d68a35037170ec1d2d27e)
Start importing Assets/XR/Loaders/AR Kit Loader.asset using Guid(6d1c6e04100e54f3da212a7935fec2a2) Importer(2089858483,d624ce77472d68a35037170ec1d2d27e) (ScriptedImporter) -> (Import Result ID: 'e6f182e3ecd34224b8b510b7406bfccb') in 0.001588458 seconds [static and dynamic dependencies]. Details - ImportResultOutputID=e1e6f4c257fdff14f427519e82ecfbec DependenciesID=4dd77e2b0665211c825388c86aff6c03 StaticDependenciesID=d571fb8a1efa887ec423f8ca68b0e3ef 
Number of updated asset objects reloaded before import = 0Number of asset objects unloaded after import = 1

========================================================================
Received Import Request.
  Time since last request: 0.000047 seconds.
  path: Assets/XR/Settings/ARCoreSettings.asset
  importAddress: Guid(da46b76f46e2e4288a3eccca094a59b4) Importer(2089858483,d624ce77472d68a35037170ec1d2d27e)
Start importing Assets/XR/Settings/ARCoreSettings.asset using Guid(da46b76f46e2e4288a3eccca094a59b4) Importer(2089858483,d624ce77472d68a35037170ec1d2d27e) (ScriptedImporter) -> (Import Result ID: 'c398d545fb44e469a9d7620e4b56e077') in 0.001394333 seconds [static and dynamic dependencies]. Details - ImportResultOutputID=8b4ccce43047d25b4b2dcd01dec1ac85 DependenciesID=03626b3b90a356cf98c914a8168d7d49 StaticDependenciesID=ee419919cccb303bab2ec261cfc10fcb 
Number of updated asset objects reloaded before import = 0Number of asset objects unloaded after import = 1

========================================================================
Received Import Request.
  Time since last request: 0.000132 seconds.
  path: Assets/Scripts/EDM2.cs
  importAddress: Guid(106aacf361bb242e1b2b6c9587fb7ca2) Importer(2089858483,d624ce77472d68a35037170ec1d2d27e)
Start importing Assets/Scripts/EDM2.cs using Guid(106aacf361bb242e1b2b6c9587fb7ca2) Importer(2089858483,d624ce77472d68a35037170ec1d2d27e) (ScriptedImporter) -> (Import Result ID: '4d00dde184b62db685c1e393da839ee0') in 0.00228225 seconds [static and dynamic dependencies]. Details - ImportResultOutputID=1731f93849e24edb090915ad260822de DependenciesID=de1cfbd204b086e45244ead9c4a868ae StaticDependenciesID=f6c34d8536549e280f63fe3f5a9d387b 
Number of updated asset objects reloaded before import = 0Number of asset objects unloaded after import = 0

========================================================================
Received Import Request.
  Time since last request: 0.000235 seconds.
  path: Assets/Resources/Mousey.prefab
  importAddress: Guid(5e579829bd55e4f24a941a4b08f133bc) Importer(2089858483,d624ce77472d68a35037170ec1d2d27e)
Start importing Assets/Resources/Mousey.prefab using Guid(5e579829bd55e4f24a941a4b08f133bc) Importer(2089858483,d624ce77472d68a35037170ec1d2d27e) (ScriptedImporter) -> (Import Result ID: 'c1a31d7c0e5a26f02a3b9c8b02881039') in 0.003703667 seconds [static and dynamic dependencies]. Details - ImportResultOutputID=a02f7812a96125e2032b1c493aa22294 DependenciesID=fe4c5eaf519a028a6271e6a2aa2a09bc StaticDependenciesID=bf2700586447bb8db115812d54b7791d 
Number of updated asset objects reloaded before import = 0Number of asset objects unloaded after import = 130

========================================================================
Received Import Request.
  Time since last request: 0.000089 seconds.
  path: Assets/XR/Settings/AR Kit Settings.asset
  importAddress: Guid(8979af438ee2f4589ab3dfd5b845bf0f) Importer(2089858483,d624ce77472d68a35037170ec1d2d27e)
Start importing Assets/XR/Settings/AR Kit Settings.asset using Guid(8979af438ee2f4589ab3dfd5b845bf0f) Importer(2089858483,d624ce77472d68a35037170ec1d2d27e) (ScriptedImporter) -> (Import Result ID: '4f8dab73c90c22eba04a8a6b7f1a256a') in 0.010163917 seconds [static and dynamic dependencies]. Details - ImportResultOutputID=d877c2f48a86b8837591598ff362cf40 DependenciesID=6bd34763eb2bc1255d5be2363d2a692a StaticDependenciesID=07ea971cf301182fc2eae6625c51e063 
Number of updated asset objects reloaded before import = 0Number of asset objects unloaded after import = 1

========================================================================
Received Import Request.
  Time since last request: 0.000042 seconds.
  path: Assets/Mixamo/Amy/Ch46_nonPBR.fbx
  importAddress: Guid(7afc645bddf554612ab50274e6fe9265) Importer(2089858483,d624ce77472d68a35037170ec1d2d27e)
Start importing Assets/Mixamo/Amy/Ch46_nonPBR.fbx using Guid(7afc645bddf554612ab50274e6fe9265) Importer(2089858483,d624ce77472d68a35037170ec1d2d27e) (ScriptedImporter) -> (Import Result ID: 'f1421acada69a24e57460c6ae9bc1cb4') in 0.022492709 seconds [static and dynamic dependencies]. Details - ImportResultOutputID=5f4ec3203667bac86f1312e3111e431f DependenciesID=3b4829454c46797739bd93f87cc172b5 StaticDependenciesID=49ce9baa42cf59758f040d90a30970a9 
Number of updated asset objects reloaded before import = 0Number of asset objects unloaded after import = 141

========================================================================
Received Import Request.
  Time since last request: 0.000041 seconds.
  path: Assets/XR/Loaders/OpenXRLoader.asset
  importAddress: Guid(85769af19b356454baad84c7ce6ce74d) Importer(2089858483,d624ce77472d68a35037170ec1d2d27e)
Start importing Assets/XR/Loaders/OpenXRLoader.asset using Guid(85769af19b356454baad84c7ce6ce74d) Importer(2089858483,d624ce77472d68a35037170ec1d2d27e) (ScriptedImporter) -> (Import Result ID: 'd61539f445f01b2dadfb8af5184fb0a5') in 0.001357041 seconds [static and dynamic dependencies]. Details - ImportResultOutputID=1d696e96412b6cb78c8a9fd1634a92d3 DependenciesID=5a538c53cb877beb9890b755e7609930 StaticDependenciesID=59f3bfa796c6564c34f9278e4cccc86c 
Number of updated asset objects reloaded before import = 0Number of asset objects unloaded after import = 1

========================================================================
Received Import Request.
  Time since last request: 0.000051 seconds.
  path: Assets/Texture/aim.png
  importAddress: Guid(17f9ebb5d1ab8424dbb3d5cc2da08ca5) Importer(2089858483,d624ce77472d68a35037170ec1d2d27e)
Start importing Assets/Texture/aim.png using Guid(17f9ebb5d1ab8424dbb3d5cc2da08ca5) Importer(2089858483,d624ce77472d68a35037170ec1d2d27e) (ScriptedImporter) -> (Import Result ID: '16ddbeb2af188bc0d97035ac1ff8bba7') in 0.008469041 seconds [static and dynamic dependencies]. Details - ImportResultOutputID=71fb64b8c0f6eea0d08651f57ec1399f DependenciesID=2a96edd281c6d62e3ccc3dbb04c01e12 StaticDependenciesID=656f4b91c884db3366a779b7a99548b3 
Number of updated asset objects reloaded before import = 0Number of asset objects unloaded after import = 3

========================================================================
Received Import Request.
  Time since last request: 0.000059 seconds.
  path: Assets/XR/Settings/OpenXR Package Settings.asset
  importAddress: Guid(5c5480ef995a542aa918e6bc4578cff5) Importer(2089858483,d624ce77472d68a35037170ec1d2d27e)
Start importing Assets/XR/Settings/OpenXR Package Settings.asset using Guid(5c5480ef995a542aa918e6bc4578cff5) Importer(2089858483,d624ce77472d68a35037170ec1d2d27e) (ScriptedImporter) -> (Import Result ID: '84b3ad763b09f4d60080f35206a7f7da') in 0.001746458 seconds [static and dynamic dependencies]. Details - ImportResultOutputID=c44804b48b030e31ba74ca3f9ed33a15 DependenciesID=e5406d24135a3fca26362ef7dc5cb6c2 StaticDependenciesID=287d2a238adbb99747861bf4c97f125b 
Number of updated asset objects reloaded before import = 0Number of asset objects unloaded after import = 1

========================================================================
Received Import Request.
  Time since last request: 0.000116 seconds.
  path: Assets/Scenes/Dance.unity
  importAddress: Guid(9fc0d4010bbf28b4594072e72b8655ab) Importer(2089858483,d624ce77472d68a35037170ec1d2d27e)
Start importing Assets/Scenes/Dance.unity using Guid(9fc0d4010bbf28b4594072e72b8655ab) Importer(2089858483,d624ce77472d68a35037170ec1d2d27e) (ScriptedImporter) -> (Import Result ID: '1b475b1745cdf26e805f5f8e09b55211') in 0.001772917 seconds [static and dynamic dependencies]. Details - ImportResultOutputID=641b69133254af2eb4640f2748f6b9c8 DependenciesID=6ba7b134bb9f5b3cdafc3caa005489c1 StaticDependenciesID=0201c938944757c863df3871c0fcac01 
Number of updated asset objects reloaded before import = 0Number of asset objects unloaded after import = 1

========================================================================
Received Import Request.
  Time since last request: 0.000148 seconds.
  path: Assets/XR/Settings/MagicLeapSettings.asset
  importAddress: Guid(98c7caf3f03c448ee860abf9daf2f8cb) Importer(2089858483,d624ce77472d68a35037170ec1d2d27e)
Start importing Assets/XR/Settings/MagicLeapSettings.asset using Guid(98c7caf3f03c448ee860abf9daf2f8cb) Importer(2089858483,d624ce77472d68a35037170ec1d2d27e) (ScriptedImporter) -> (Import Result ID: 'fa4b09c40c575e8208ee9e32b6b8516e') in 0.001845791 seconds [static and dynamic dependencies]. Details - ImportResultOutputID=5fe77dccc92379b2550dd327c0622cb6 DependenciesID=e98fed3d29aef4f3f62182fb68ba91d4 StaticDependenciesID=db7f8b83908e285b54d6ee268f43e2b7 
Number of updated asset objects reloaded before import = 0Number of asset objects unloaded after import = 1

========================================================================
Received Import Request.
  Time since last request: 0.000124 seconds.
  path: Assets/XR/Resources/XRSimulationRuntimeSettings.asset
  importAddress: Guid(8977a40a1740b48048d49dc701beb578) Importer(2089858483,d624ce77472d68a35037170ec1d2d27e)
Start importing Assets/XR/Resources/XRSimulationRuntimeSettings.asset using Guid(8977a40a1740b48048d49dc701beb578) Importer(2089858483,d624ce77472d68a35037170ec1d2d27e) (ScriptedImporter) -> (Import Result ID: 'ba6a48e163f08a365817610eb3e70745') in 0.007567791 seconds [static and dynamic dependencies]. Details - ImportResultOutputID=47d948d005e6e328db3bee67497772fb DependenciesID=4084446e4189ab049840be37730e93dc StaticDependenciesID=8b6c69cf1aed5bd0cbcbee90befcfaba 
Number of updated asset objects reloaded before import = 0Number of asset objects unloaded after import = 1

========================================================================
Received Import Request.
  Time since last request: 0.000039 seconds.
  path: Assets/Material/CREDIT
  importAddress: Guid(a915c3578e54145d3b0c276fb2d8f7d7) Importer(2089858483,d624ce77472d68a35037170ec1d2d27e)
Start importing Assets/Material/CREDIT using Guid(a915c3578e54145d3b0c276fb2d8f7d7) Importer(2089858483,d624ce77472d68a35037170ec1d2d27e) (ScriptedImporter) -> (Import Result ID: 'c583e6ff4f2be35fcd1ec8101d010117') in 0.001136625 seconds [static and dynamic dependencies]. Details - ImportResultOutputID=ce232cdbd02f037b15d51f7ad57ad979 DependenciesID=3d58cd773435e857f1fde29762142c95 StaticDependenciesID=eecaa48728f52baef337f30baf5fd338 
Number of updated asset objects reloaded before import = 0Number of asset objects unloaded after import = 1

========================================================================
Received Import Request.
  Time since last request: 0.000139 seconds.
  path: Assets/Mixamo/Amy/Ch46_1001_Glossiness.png
  importAddress: Guid(e994e30c107eb47b0af9bfc2be206567) Importer(2089858483,d624ce77472d68a35037170ec1d2d27e)
Start importing Assets/Mixamo/Amy/Ch46_1001_Glossiness.png using Guid(e994e30c107eb47b0af9bfc2be206567) Importer(2089858483,d624ce77472d68a35037170ec1d2d27e) (ScriptedImporter) -> (Import Result ID: '1f9f9ebd204101d9454c88c4122f2209') in 0.006443583 seconds [static and dynamic dependencies]. Details - ImportResultOutputID=1ba49e168ae04d13e1e12f4a446706f8 DependenciesID=f4c1eea5dcbcfb91a556b3ee181f7d35 StaticDependenciesID=ebee470155e983175dd8bea8fceba463 
Number of updated asset objects reloaded before import = 0Number of asset objects unloaded after import = 1

========================================================================
Received Import Request.
  Time since last request: 0.000063 seconds.
  path: Assets/Mixamo/Kachujin/kachujin_MAT.mat
  importAddress: Guid(356ecbb2a611843469f960cc1886e40b) Importer(2089858483,d624ce77472d68a35037170ec1d2d27e)
Start importing Assets/Mixamo/Kachujin/kachujin_MAT.mat using Guid(356ecbb2a611843469f960cc1886e40b) Importer(2089858483,d624ce77472d68a35037170ec1d2d27e) (ScriptedImporter) -> (Import Result ID: 'e17fd04d13febd44004d46c5ce301e60') in 0.0190855 seconds [static and dynamic dependencies]. Details - ImportResultOutputID=cf98f0f43dbd4bbda651c80d6ad77e9c DependenciesID=fb9d54ffe7197dfb78e345dfa9d4cf2b StaticDependenciesID=29543cb3aed8dfbded0fa5e98795fc48 
Number of updated asset objects reloaded before import = 0Number of asset objects unloaded after import = 3

========================================================================
Received Import Request.
  Time since last request: 0.000053 seconds.
  path: Assets/Mixamo/Mousey/Ch14_nonPBR@T-Pose.fbx
  importAddress: Guid(481fa2551d6534b5d8def6766ccdece7) Importer(2089858483,d624ce77472d68a35037170ec1d2d27e)
Start importing Assets/Mixamo/Mousey/Ch14_nonPBR@T-Pose.fbx using Guid(481fa2551d6534b5d8def6766ccdece7) Importer(2089858483,d624ce77472d68a35037170ec1d2d27e) (ScriptedImporter) -> (Import Result ID: '904e5480a400632c5a9e054734adb52a') in 0.008044417 seconds [static and dynamic dependencies]. Details - ImportResultOutputID=d7f6eb5d59f37860d9160ae33e2c5545 DependenciesID=b6e088fc551f06dc676848071c4b33ad StaticDependenciesID=822326990a21033968638231d9e1474a 
Number of updated asset objects reloaded before import = 0Number of asset objects unloaded after import = 125

========================================================================
Received Import Request.
  Time since last request: 0.000037 seconds.
  path: Assets/Resources/Amy.prefab
  importAddress: Guid(8e1aeb0991ffb43748b00901641f472d) Importer(2089858483,d624ce77472d68a35037170ec1d2d27e)
Start importing Assets/Resources/Amy.prefab using Guid(8e1aeb0991ffb43748b00901641f472d) Importer(2089858483,d624ce77472d68a35037170ec1d2d27e) (ScriptedImporter) -> (Import Result ID: 'f9bc315f132ea1f1afa7040e1cf8142a') in 0.04667 seconds [static and dynamic dependencies]. Details - ImportResultOutputID=3c64a2f557fbc90ea287855fc19f8fc4 DependenciesID=961025324aec0c0e3a783f27f80a68e0 StaticDependenciesID=969e302c2689818f62f90b9dbd4e1208 
Number of updated asset objects reloaded before import = 0Number of asset objects unloaded after import = 159

========================================================================
Received Import Request.
  Time since last request: 0.000052 seconds.
  path: Assets/Mixamo/Kachujin/kachujin_g_rosales@Jump.fbx
  importAddress: Guid(0886de153eb985d45834c3593751ac64) Importer(2089858483,d624ce77472d68a35037170ec1d2d27e)
Start importing Assets/Mixamo/Kachujin/kachujin_g_rosales@Jump.fbx using Guid(0886de153eb985d45834c3593751ac64) Importer(2089858483,d624ce77472d68a35037170ec1d2d27e) (ScriptedImporter) -> (Import Result ID: '943655936529ca507a104632cd1bd610') in 0.008577042 seconds [static and dynamic dependencies]. Details - ImportResultOutputID=b6c03e366557b504773317ab778caf17 DependenciesID=ee3bca3b548ca2df7989a95a6917e1a6 StaticDependenciesID=bca6642757721ea8faa705c83ad169db 
Number of updated asset objects reloaded before import = 0Number of asset objects unloaded after import = 141

========================================================================
Received Import Request.
  Time since last request: 0.000058 seconds.
  path: Assets/Mixamo/Medea/MEDEA diffuse.png
  importAddress: Guid(9dbe36ca39ed540e6ab163eee5cd1f12) Importer(2089858483,d624ce77472d68a35037170ec1d2d27e)
Start importing Assets/Mixamo/Medea/MEDEA diffuse.png using Guid(9dbe36ca39ed540e6ab163eee5cd1f12) Importer(2089858483,d624ce77472d68a35037170ec1d2d27e) (ScriptedImporter) -> (Import Result ID: 'eeb41f8189f48f3b81d8261f8ae59fd0') in 0.005301958 seconds [static and dynamic dependencies]. Details - ImportResultOutputID=4d723036310d9aeaeeffcd663816df49 DependenciesID=0990a6d87baab43f963443c2a503b0cb StaticDependenciesID=b60a0a81c9f2a2576c89be7810dcf022 
Number of updated asset objects reloaded before import = 0Number of asset objects unloaded after import = 1

========================================================================
Received Import Request.
  Time since last request: 0.000034 seconds.
  path: Assets/Mixamo/Mousey/Ch14_1001_Glossiness.png
  importAddress: Guid(0aa1c3cf3525940889fc08ceb0eb95ec) Importer(2089858483,d624ce77472d68a35037170ec1d2d27e)
Start importing Assets/Mixamo/Mousey/Ch14_1001_Glossiness.png using Guid(0aa1c3cf3525940889fc08ceb0eb95ec) Importer(2089858483,d624ce77472d68a35037170ec1d2d27e) (ScriptedImporter) -> (Import Result ID: '337c16e5495eba702d7f5b81a46887e7') in 0.005396709 seconds [static and dynamic dependencies]. Details - ImportResultOutputID=fadf5dd124a0c7c9490be0efc0527593 DependenciesID=4dad2b31eb0feb837bf50de5c17688af StaticDependenciesID=e9943881d3accae228c66a8e64a6f8be 
Number of updated asset objects reloaded before import = 0Number of asset objects unloaded after import = 1

========================================================================
Received Import Request.
  Time since last request: 0.000074 seconds.
  path: Assets/Scripts/CommonData.cs
  importAddress: Guid(2e3bc03e0c1d1415dbb1c287fa95f5c8) Importer(2089858483,d624ce77472d68a35037170ec1d2d27e)
Start importing Assets/Scripts/CommonData.cs using Guid(2e3bc03e0c1d1415dbb1c287fa95f5c8) Importer(2089858483,d624ce77472d68a35037170ec1d2d27e) (ScriptedImporter) -> (Import Result ID: '539a0e1c0f61deba568d066edaa59996') in 0.001899917 seconds [static and dynamic dependencies]. Details - ImportResultOutputID=1182e2707f103f4245a35ce0fca6f6a8 DependenciesID=f2cd409788e02de62e45a2b43ba94ae8 StaticDependenciesID=234710b6c40bca5414899bff77c331d8 
Number of updated asset objects reloaded before import = 0Number of asset objects unloaded after import = 0

========================================================================
Received Import Request.
  Time since last request: 0.000048 seconds.
  path: Assets/Animation/Kicking.anim
  importAddress: Guid(ef5d0cce4c6e81a42a187f413a776f0f) Importer(2089858483,d624ce77472d68a35037170ec1d2d27e)
Start importing Assets/Animation/Kicking.anim using Guid(ef5d0cce4c6e81a42a187f413a776f0f) Importer(2089858483,d624ce77472d68a35037170ec1d2d27e) (ScriptedImporter) -> (Import Result ID: '8f429cdd9fb976accc604e16f28f156d') in 0.011105542 seconds [static and dynamic dependencies]. Details - ImportResultOutputID=f070ac4e211db7b4b64d987a33e7ee3c DependenciesID=d16bd1736b0799e17872cd9e93d409c1 StaticDependenciesID=a4f8da2e575b08adbe2dade6fa3d3db5 
Number of updated asset objects reloaded before import = 0Number of asset objects unloaded after import = 1

========================================================================
Received Import Request.
  Time since last request: 0.000090 seconds.
  path: Assets/Animation/Jump.anim
  importAddress: Guid(edf19e2db28d97b4dbe2913a1f41ea19) Importer(2089858483,d624ce77472d68a35037170ec1d2d27e)
Start importing Assets/Animation/Jump.anim using Guid(edf19e2db28d97b4dbe2913a1f41ea19) Importer(2089858483,d624ce77472d68a35037170ec1d2d27e) (ScriptedImporter) -> (Import Result ID: '70f7aaca15b78baacd68e0c233b0d5b0') in 0.011360791 seconds [static and dynamic dependencies]. Details - ImportResultOutputID=29964f9b1a3bfed83db1a2cec778af5f DependenciesID=244734961410945e46d2b0810e34fa4f StaticDependenciesID=ed50086edb9d913cc924652d6782157d 
Number of updated asset objects reloaded before import = 0Number of asset objects unloaded after import = 1

========================================================================
Received Import Request.
  Time since last request: 0.000075 seconds.
  path: Assets/Material/ARShadow.mat
  importAddress: Guid(3025314b4961b40a9a13a8b1e5407a77) Importer(2089858483,d624ce77472d68a35037170ec1d2d27e)
Start importing Assets/Material/ARShadow.mat using Guid(3025314b4961b40a9a13a8b1e5407a77) Importer(2089858483,d624ce77472d68a35037170ec1d2d27e) (ScriptedImporter) -> (Import Result ID: '2bb89c4c1d3df15eb96bce968e34e37b') in 0.001810334 seconds [static and dynamic dependencies]. Details - ImportResultOutputID=24c2dce764d6aec13b895c178e694057 DependenciesID=125ce538e2e9042175233c5b1c6688fb StaticDependenciesID=4fc38fa92d5bf1b4bfef8ae262734f5e 
Number of updated asset objects reloaded before import = 0Number of asset objects unloaded after import = 1

========================================================================
Received Import Request.
  Time since last request: 0.000258 seconds.
  path: Assets/XR/Loaders/ARCoreLoader.asset
  importAddress: Guid(8c4626db1142b438d81c8851c609a4a0) Importer(2089858483,d624ce77472d68a35037170ec1d2d27e)
Start importing Assets/XR/Loaders/ARCoreLoader.asset using Guid(8c4626db1142b438d81c8851c609a4a0) Importer(2089858483,d624ce77472d68a35037170ec1d2d27e) (ScriptedImporter) -> (Import Result ID: '0b4fda69706c69a8962664b45f6cf358') in 0.0017245 seconds [static and dynamic dependencies]. Details - ImportResultOutputID=2f59f642d04398d2f97ac2904e6a4841 DependenciesID=b410927e4dd3c1dfba89d9c6199e29de StaticDependenciesID=f9174c59d2c75ad80ff706416a3c0065 
Number of updated asset objects reloaded before import = 0Number of asset objects unloaded after import = 1

========================================================================
Received Import Request.
  Time since last request: 10.671620 seconds.
  path: Assets/Scenes
  importAddress: Guid(23a686c6eae8a4650839e2644761c729) Importer(815301076,1909f56bfc062723c751e8b465ee728b)
Start importing Assets/Scenes using Guid(23a686c6eae8a4650839e2644761c729) Importer(815301076,1909f56bfc062723c751e8b465ee728b) (PreviewImporter) -> (Import Result ID: 'bd3fed1429475d97c2f890233b1e65c0') in 0.000326292 seconds [static and dynamic dependencies]. Details - ImportResultOutputID=af44e556b783afacf723056e712722bd DependenciesID=a677ef280c5e636e056a233683a52c33 StaticDependenciesID=77d72172b89dcc38cf2f5d6a96a84179 
Number of updated asset objects reloaded before import = 0Number of asset objects unloaded after import = 0

========================================================================
Received Import Request.
  Time since last request: 1.418895 seconds.
  path: Assets/Scenes/Dance.unity
  importAddress: Guid(9fc0d4010bbf28b4594072e72b8655ab) Importer(815301076,1909f56bfc062723c751e8b465ee728b)
Start importing Assets/Scenes/Dance.unity using Guid(9fc0d4010bbf28b4594072e72b8655ab) Importer(815301076,1909f56bfc062723c751e8b465ee728b) (PreviewImporter) -> (Import Result ID: '30b15f12e826413bb8a1cd776cd8f52e') in 0.000325084 seconds [static and dynamic dependencies]. Details - ImportResultOutputID=13084614189807a3e4352c2e50be9910 DependenciesID=701db107f6d632008ad3011f19b9a3ec StaticDependenciesID=50e83296524e4e2a49ceb747cda91257 
Number of updated asset objects reloaded before import = 0Number of asset objects unloaded after import = 0

========================================================================
Received Import Request.
  Time since last request: 69.031636 seconds.
  path: Assets/Scripts
  importAddress: Guid(b34363b6d46e64d3baf4c28ede8af3a4) Importer(815301076,1909f56bfc062723c751e8b465ee728b)
Start importing Assets/Scripts using Guid(b34363b6d46e64d3baf4c28ede8af3a4) Importer(815301076,1909f56bfc062723c751e8b465ee728b) (PreviewImporter) -> (Import Result ID: 'df2aa66a7ac72641f379a20ea1676ea0') in 0.000607792 seconds [static and dynamic dependencies]. Details - ImportResultOutputID=de09219fa357486418e79b3b7062d72d DependenciesID=4dcf74520eb8f9a1e1fee8cd7227d8d2 StaticDependenciesID=a0322751dfe4092c36169347705154ff 
Number of updated asset objects reloaded before import = 0Number of asset objects unloaded after import = 0

========================================================================
Received Import Request.
  Time since last request: 4.288589 seconds.
  path: Assets/Scripts/CommonData.cs
  importAddress: Guid(2e3bc03e0c1d1415dbb1c287fa95f5c8) Importer(815301076,1909f56bfc062723c751e8b465ee728b)
Start importing Assets/Scripts/CommonData.cs using Guid(2e3bc03e0c1d1415dbb1c287fa95f5c8) Importer(815301076,1909f56bfc062723c751e8b465ee728b) (PreviewImporter) -> (Import Result ID: '6a00b7e67ef8ff4da0fe8922b1c16707') in 0.000300292 seconds [static and dynamic dependencies]. Details - ImportResultOutputID=3ed0a31b8621f3813e04c7b90b12878f DependenciesID=6bbfb13afc3f9e7f7c56fae493ff6469 StaticDependenciesID=bfa78e1a7a7c162ce6ba5634ef0feef7 
Number of updated asset objects reloaded before import = 0Number of asset objects unloaded after import = 0

========================================================================
Received Prepare
Begin MonoManager ReloadAssembly
[Licensing::Client] Successfully resolved entitlement details
Thread 0x175897000 may have been prematurely finalized
Assembly Assembly-CSharp-Editor-firstpass.dll at Library/ScriptAssemblies/Assembly-CSharp-Editor-firstpass.dll not valid. Loading of assembly skipped.
Assembly Assembly-CSharp-Editor.dll at Library/ScriptAssemblies/Assembly-CSharp-Editor.dll not valid. Loading of assembly skipped.
Assembly Assembly-CSharp-firstpass.dll at Library/ScriptAssemblies/Assembly-CSharp-firstpass.dll not valid. Loading of assembly skipped.
Assembly DocCodeExamples.dll at Library/ScriptAssemblies/DocCodeExamples.dll not valid. Loading of assembly skipped.
Assembly TestNewCustomAssembly.dll at Library/ScriptAssemblies/TestNewCustomAssembly.dll not valid. Loading of assembly skipped.
Assembly Unity.InputSystem.IntegrationTests.dll at Library/ScriptAssemblies/Unity.InputSystem.IntegrationTests.dll not valid. Loading of assembly skipped.
Assembly Unity.Mathematics.Tests.dll at Library/ScriptAssemblies/Unity.Mathematics.Tests.dll not valid. Loading of assembly skipped.
Assembly Unity.Multiplayer.Center.Editor.Tests.dll at Library/ScriptAssemblies/Unity.Multiplayer.Center.Editor.Tests.dll not valid. Loading of assembly skipped.
Assembly Unity.Multiplayer.Center.Tests.dll at Library/ScriptAssemblies/Unity.Multiplayer.Center.Tests.dll not valid. Loading of assembly skipped.
Assembly Unity.TextMeshPro.Editor.Tests.dll at Library/ScriptAssemblies/Unity.TextMeshPro.Editor.Tests.dll not valid. Loading of assembly skipped.
Assembly Unity.TextMeshPro.Tests.dll at Library/ScriptAssemblies/Unity.TextMeshPro.Tests.dll not valid. Loading of assembly skipped.
Assembly Unity.XR.ARFoundation.CodeSamples.Editor.Tests.dll at Library/ScriptAssemblies/Unity.XR.ARFoundation.CodeSamples.Editor.Tests.dll not valid. Loading of assembly skipped.
Assembly Unity.XR.ARFoundation.CodeSamples.Tests.dll at Library/ScriptAssemblies/Unity.XR.ARFoundation.CodeSamples.Tests.dll not valid. Loading of assembly skipped.
Assembly Unity.XR.ARFoundation.Editor.Tests.dll at Library/ScriptAssemblies/Unity.XR.ARFoundation.Editor.Tests.dll not valid. Loading of assembly skipped.
Assembly Unity.XR.ARFoundation.InternalUtils.Editor.Tests.dll at Library/ScriptAssemblies/Unity.XR.ARFoundation.InternalUtils.Editor.Tests.dll not valid. Loading of assembly skipped.
Assembly Unity.XR.ARFoundation.Runtime.Tests.dll at Library/ScriptAssemblies/Unity.XR.ARFoundation.Runtime.Tests.dll not valid. Loading of assembly skipped.
Assembly Unity.XR.ARKit.CodeSamples.Tests.dll at Library/ScriptAssemblies/Unity.XR.ARKit.CodeSamples.Tests.dll not valid. Loading of assembly skipped.
Assembly Unity.XR.ARKit.Editor.Tests.dll at Library/ScriptAssemblies/Unity.XR.ARKit.Editor.Tests.dll not valid. Loading of assembly skipped.
Assembly Unity.XR.ARKit.Runtime.Tests.dll at Library/ScriptAssemblies/Unity.XR.ARKit.Runtime.Tests.dll not valid. Loading of assembly skipped.
Assembly Unity.XR.ARSubsystems.Editor.Tests.dll at Library/ScriptAssemblies/Unity.XR.ARSubsystems.Editor.Tests.dll not valid. Loading of assembly skipped.
Assembly Unity.XR.CoreUtils.CodeSamples.Tests.dll at Library/ScriptAssemblies/Unity.XR.CoreUtils.CodeSamples.Tests.dll not valid. Loading of assembly skipped.
Assembly Unity.XR.CoreUtils.Editor.Tests.dll at Library/ScriptAssemblies/Unity.XR.CoreUtils.Editor.Tests.dll not valid. Loading of assembly skipped.
Assembly Unity.XR.CoreUtils.Tests.dll at Library/ScriptAssemblies/Unity.XR.CoreUtils.Tests.dll not valid. Loading of assembly skipped.
Assembly Unity.XR.Management.EditorTests.dll at Library/ScriptAssemblies/Unity.XR.Management.EditorTests.dll not valid. Loading of assembly skipped.
Assembly Unity.XR.Management.TestPackage.dll at Library/ScriptAssemblies/Unity.XR.Management.TestPackage.dll not valid. Loading of assembly skipped.
Assembly Unity.XR.Management.TestPackage.Editor.dll at Library/ScriptAssemblies/Unity.XR.Management.TestPackage.Editor.dll not valid. Loading of assembly skipped.
Assembly Unity.XR.Management.Tests.dll at Library/ScriptAssemblies/Unity.XR.Management.Tests.dll not valid. Loading of assembly skipped.
Assembly Unity.XR.Management.Tests.Standalone.dll at Library/ScriptAssemblies/Unity.XR.Management.Tests.Standalone.dll not valid. Loading of assembly skipped.
Assembly Unity.XR.Simulation.Editor.Tests.dll at Library/ScriptAssemblies/Unity.XR.Simulation.Editor.Tests.dll not valid. Loading of assembly skipped.
Assembly Unity.XR.Simulation.Runtime.Tests.dll at Library/ScriptAssemblies/Unity.XR.Simulation.Runtime.Tests.dll not valid. Loading of assembly skipped.
Assembly Unity.XR.TestSupport.dll at Library/ScriptAssemblies/Unity.XR.TestSupport.dll not valid. Loading of assembly skipped.
Assembly Unity.XR.TestTooling.Editor.Tests.dll at Library/ScriptAssemblies/Unity.XR.TestTooling.Editor.Tests.dll not valid. Loading of assembly skipped.
Assembly UnityEditor.UI.Common.Tests.dll at Library/ScriptAssemblies/UnityEditor.UI.Common.Tests.dll not valid. Loading of assembly skipped.
Assembly UnityEditor.UI.EditorTests.dll at Library/ScriptAssemblies/UnityEditor.UI.EditorTests.dll not valid. Loading of assembly skipped.
Assembly UnityEditor.XR.LegacyInputHelpers.Tests.dll at Library/ScriptAssemblies/UnityEditor.XR.LegacyInputHelpers.Tests.dll not valid. Loading of assembly skipped.
Assembly UnityEngine.SpatialTracking.Tests.dll at Library/ScriptAssemblies/UnityEngine.SpatialTracking.Tests.dll not valid. Loading of assembly skipped.
Assembly UnityEngine.UI.Tests.dll at Library/ScriptAssemblies/UnityEngine.UI.Tests.dll not valid. Loading of assembly skipped.
Native extension for iOS target not found
Native extension for Android target not found
Native extension for OSXStandalone target not found
[Package Manager] Failed to launch server process. Reason: Unity was launched with the -noUpm command-line argument
[Package Manager] Unable to send message (not connected to server process).
[Package Manager] Cannot connect to Unity Package Manager local server
[Package Manager] Failed to launch server process. Reason: Unity was launched with the -noUpm command-line argument
[Package Manager] Unable to send message (not connected to server process).
[Package Manager] Cannot connect to Unity Package Manager local server
ScheduleIndexationOnStartup MainProcess:False IndexOnStartup:True
Mono: successfully reloaded assembly
[Package Manager] Failed to launch server process. Reason: Unity was launched with the -noUpm command-line argument
[Package Manager] Unable to send message (not connected to server process).
[Package Manager] Cannot connect to Unity Package Manager local server
- Finished resetting the current domain, in  0.456 seconds
Domain Reload Profiling: 1004ms
	BeginReloadAssembly (159ms)
		DisableScriptedObjects (7ms)
		CreateAndSetChildDomain (49ms)
	RebuildCommonClasses (28ms)
	RebuildNativeTypeToScriptingClass (11ms)
	initialDomainReloadingComplete (29ms)
	LoadAllAssembliesAndSetupDomain (321ms)
		LoadAssemblies (242ms)
		AnalyzeDomain (129ms)
			TypeCache.Refresh (14ms)
			BuildScriptInfoCaches (108ms)
			ResolveRequiredComponents (5ms)
	FinalizeReload (457ms)
		SetupLoadedEditorAssemblies (0ms)
			InitializePlatformSupportModulesInManaged (15ms)
			BeforeProcessingInitializeOnLoad (100ms)
			ProcessInitializeOnLoadAttributes (167ms)
			ProcessInitializeOnLoadMethodAttributes (38ms)
		AwakeInstancesAfterBackupRestoration (4ms)
WARNING: Shader Unsupported: 'Hidden/Simulation/URP/Synthetic' - All subshaders removed
WARNING: Shader Did you use #pragma only_renderers and omit this platform?
WARNING: Shader If subshaders removal was intentional, you may have forgotten turning Fallback off?
WARNING: Shader Unsupported: 'Hidden/Simulation/Synthetic Lit' - All subshaders removed
WARNING: Shader Did you use #pragma only_renderers and omit this platform?
WARNING: Shader If subshaders removal was intentional, you may have forgotten turning Fallback off?
WARNING: Shader Unsupported: 'Simulation/URP/Room X-Ray' - All subshaders removed
WARNING: Shader Did you use #pragma only_renderers and omit this platform?
WARNING: Shader If subshaders removal was intentional, you may have forgotten turning Fallback off?
WARNING: Shader Unsupported: 'Simulation/URP/Lit' - All subshaders removed
WARNING: Shader Did you use #pragma only_renderers and omit this platform?
WARNING: Shader If subshaders removal was intentional, you may have forgotten turning Fallback off?
WARNING: Shader Unsupported: 'Simulation/Standard Lit' - All subshaders removed
WARNING: Shader Did you use #pragma only_renderers and omit this platform?
WARNING: Shader If subshaders removal was intentional, you may have forgotten turning Fallback off?
WARNING: Shader Unsupported: 'Simulation/Room X-Ray' - All subshaders removed
WARNING: Shader Did you use #pragma only_renderers and omit this platform?
WARNING: Shader If subshaders removal was intentional, you may have forgotten turning Fallback off?
Unloading 6 Unused Serialized files (Serialized files now loaded: 0)
Unloading 4879 unused Assets / (2.0 MB). Loaded Objects now: 5488.
Memory consumption went from 108.3 MB to 106.3 MB.
Total: 6.519250 ms (FindLiveObjects: 0.292500 ms CreateObjectMapping: 0.153416 ms MarkObjects: 4.710584 ms  DeleteObjects: 1.362208 ms)

Prepare: number of updated asset objects reloaded= 0
========================================================================
Received Prepare
Begin MonoManager ReloadAssembly
[Licensing::Client] Successfully resolved entitlement details
Thread 0x16ba7f000 may have been prematurely finalized
Assembly Assembly-CSharp-Editor-firstpass.dll at Library/ScriptAssemblies/Assembly-CSharp-Editor-firstpass.dll not valid. Loading of assembly skipped.
Assembly Assembly-CSharp-Editor.dll at Library/ScriptAssemblies/Assembly-CSharp-Editor.dll not valid. Loading of assembly skipped.
Assembly Assembly-CSharp-firstpass.dll at Library/ScriptAssemblies/Assembly-CSharp-firstpass.dll not valid. Loading of assembly skipped.
Assembly DocCodeExamples.dll at Library/ScriptAssemblies/DocCodeExamples.dll not valid. Loading of assembly skipped.
Assembly TestNewCustomAssembly.dll at Library/ScriptAssemblies/TestNewCustomAssembly.dll not valid. Loading of assembly skipped.
Assembly Unity.InputSystem.IntegrationTests.dll at Library/ScriptAssemblies/Unity.InputSystem.IntegrationTests.dll not valid. Loading of assembly skipped.
Assembly Unity.Mathematics.Tests.dll at Library/ScriptAssemblies/Unity.Mathematics.Tests.dll not valid. Loading of assembly skipped.
Assembly Unity.Multiplayer.Center.Editor.Tests.dll at Library/ScriptAssemblies/Unity.Multiplayer.Center.Editor.Tests.dll not valid. Loading of assembly skipped.
Assembly Unity.Multiplayer.Center.Tests.dll at Library/ScriptAssemblies/Unity.Multiplayer.Center.Tests.dll not valid. Loading of assembly skipped.
Assembly Unity.TextMeshPro.Editor.Tests.dll at Library/ScriptAssemblies/Unity.TextMeshPro.Editor.Tests.dll not valid. Loading of assembly skipped.
Assembly Unity.TextMeshPro.Tests.dll at Library/ScriptAssemblies/Unity.TextMeshPro.Tests.dll not valid. Loading of assembly skipped.
Assembly Unity.XR.ARFoundation.CodeSamples.Editor.Tests.dll at Library/ScriptAssemblies/Unity.XR.ARFoundation.CodeSamples.Editor.Tests.dll not valid. Loading of assembly skipped.
Assembly Unity.XR.ARFoundation.CodeSamples.Tests.dll at Library/ScriptAssemblies/Unity.XR.ARFoundation.CodeSamples.Tests.dll not valid. Loading of assembly skipped.
Assembly Unity.XR.ARFoundation.Editor.Tests.dll at Library/ScriptAssemblies/Unity.XR.ARFoundation.Editor.Tests.dll not valid. Loading of assembly skipped.
Assembly Unity.XR.ARFoundation.InternalUtils.Editor.Tests.dll at Library/ScriptAssemblies/Unity.XR.ARFoundation.InternalUtils.Editor.Tests.dll not valid. Loading of assembly skipped.
Assembly Unity.XR.ARFoundation.Runtime.Tests.dll at Library/ScriptAssemblies/Unity.XR.ARFoundation.Runtime.Tests.dll not valid. Loading of assembly skipped.
Assembly Unity.XR.ARKit.CodeSamples.Tests.dll at Library/ScriptAssemblies/Unity.XR.ARKit.CodeSamples.Tests.dll not valid. Loading of assembly skipped.
Assembly Unity.XR.ARKit.Editor.Tests.dll at Library/ScriptAssemblies/Unity.XR.ARKit.Editor.Tests.dll not valid. Loading of assembly skipped.
Assembly Unity.XR.ARKit.Runtime.Tests.dll at Library/ScriptAssemblies/Unity.XR.ARKit.Runtime.Tests.dll not valid. Loading of assembly skipped.
Assembly Unity.XR.ARSubsystems.Editor.Tests.dll at Library/ScriptAssemblies/Unity.XR.ARSubsystems.Editor.Tests.dll not valid. Loading of assembly skipped.
Assembly Unity.XR.CoreUtils.CodeSamples.Tests.dll at Library/ScriptAssemblies/Unity.XR.CoreUtils.CodeSamples.Tests.dll not valid. Loading of assembly skipped.
Assembly Unity.XR.CoreUtils.Editor.Tests.dll at Library/ScriptAssemblies/Unity.XR.CoreUtils.Editor.Tests.dll not valid. Loading of assembly skipped.
Assembly Unity.XR.CoreUtils.Tests.dll at Library/ScriptAssemblies/Unity.XR.CoreUtils.Tests.dll not valid. Loading of assembly skipped.
Assembly Unity.XR.Management.EditorTests.dll at Library/ScriptAssemblies/Unity.XR.Management.EditorTests.dll not valid. Loading of assembly skipped.
Assembly Unity.XR.Management.TestPackage.dll at Library/ScriptAssemblies/Unity.XR.Management.TestPackage.dll not valid. Loading of assembly skipped.
Assembly Unity.XR.Management.TestPackage.Editor.dll at Library/ScriptAssemblies/Unity.XR.Management.TestPackage.Editor.dll not valid. Loading of assembly skipped.
Assembly Unity.XR.Management.Tests.dll at Library/ScriptAssemblies/Unity.XR.Management.Tests.dll not valid. Loading of assembly skipped.
Assembly Unity.XR.Management.Tests.Standalone.dll at Library/ScriptAssemblies/Unity.XR.Management.Tests.Standalone.dll not valid. Loading of assembly skipped.
Assembly Unity.XR.Simulation.Editor.Tests.dll at Library/ScriptAssemblies/Unity.XR.Simulation.Editor.Tests.dll not valid. Loading of assembly skipped.
Assembly Unity.XR.Simulation.Runtime.Tests.dll at Library/ScriptAssemblies/Unity.XR.Simulation.Runtime.Tests.dll not valid. Loading of assembly skipped.
Assembly Unity.XR.TestSupport.dll at Library/ScriptAssemblies/Unity.XR.TestSupport.dll not valid. Loading of assembly skipped.
Assembly Unity.XR.TestTooling.Editor.Tests.dll at Library/ScriptAssemblies/Unity.XR.TestTooling.Editor.Tests.dll not valid. Loading of assembly skipped.
Assembly UnityEditor.UI.Common.Tests.dll at Library/ScriptAssemblies/UnityEditor.UI.Common.Tests.dll not valid. Loading of assembly skipped.
Assembly UnityEditor.UI.EditorTests.dll at Library/ScriptAssemblies/UnityEditor.UI.EditorTests.dll not valid. Loading of assembly skipped.
Assembly UnityEditor.XR.LegacyInputHelpers.Tests.dll at Library/ScriptAssemblies/UnityEditor.XR.LegacyInputHelpers.Tests.dll not valid. Loading of assembly skipped.
Assembly UnityEngine.SpatialTracking.Tests.dll at Library/ScriptAssemblies/UnityEngine.SpatialTracking.Tests.dll not valid. Loading of assembly skipped.
Assembly UnityEngine.UI.Tests.dll at Library/ScriptAssemblies/UnityEngine.UI.Tests.dll not valid. Loading of assembly skipped.
Native extension for iOS target not found
Native extension for Android target not found
Native extension for OSXStandalone target not found
[Package Manager] Failed to launch server process. Reason: Unity was launched with the -noUpm command-line argument
[Package Manager] Unable to send message (not connected to server process).
[Package Manager] Cannot connect to Unity Package Manager local server
[Package Manager] Failed to launch server process. Reason: Unity was launched with the -noUpm command-line argument
[Package Manager] Unable to send message (not connected to server process).
[Package Manager] Cannot connect to Unity Package Manager local server
ScheduleIndexationOnStartup MainProcess:False IndexOnStartup:True
Mono: successfully reloaded assembly
[Package Manager] Failed to launch server process. Reason: Unity was launched with the -noUpm command-line argument
[Package Manager] Unable to send message (not connected to server process).
[Package Manager] Cannot connect to Unity Package Manager local server
- Finished resetting the current domain, in  0.418 seconds
Domain Reload Profiling: 921ms
	BeginReloadAssembly (166ms)
		DisableScriptedObjects (7ms)
		CreateAndSetChildDomain (52ms)
	RebuildCommonClasses (27ms)
	RebuildNativeTypeToScriptingClass (11ms)
	initialDomainReloadingComplete (31ms)
	LoadAllAssembliesAndSetupDomain (267ms)
		LoadAssemblies (216ms)
		AnalyzeDomain (104ms)
			TypeCache.Refresh (10ms)
			BuildScriptInfoCaches (87ms)
			ResolveRequiredComponents (5ms)
	FinalizeReload (419ms)
		SetupLoadedEditorAssemblies (0ms)
			InitializePlatformSupportModulesInManaged (19ms)
			BeforeProcessingInitializeOnLoad (102ms)
			ProcessInitializeOnLoadAttributes (156ms)
			ProcessInitializeOnLoadMethodAttributes (30ms)
		AwakeInstancesAfterBackupRestoration (3ms)
WARNING: Shader Unsupported: 'Hidden/Simulation/URP/Synthetic' - All subshaders removed
WARNING: Shader Did you use #pragma only_renderers and omit this platform?
WARNING: Shader If subshaders removal was intentional, you may have forgotten turning Fallback off?
WARNING: Shader Unsupported: 'Hidden/Simulation/Synthetic Lit' - All subshaders removed
WARNING: Shader Did you use #pragma only_renderers and omit this platform?
WARNING: Shader If subshaders removal was intentional, you may have forgotten turning Fallback off?
WARNING: Shader Unsupported: 'Simulation/URP/Room X-Ray' - All subshaders removed
WARNING: Shader Did you use #pragma only_renderers and omit this platform?
WARNING: Shader If subshaders removal was intentional, you may have forgotten turning Fallback off?
WARNING: Shader Unsupported: 'Simulation/URP/Lit' - All subshaders removed
WARNING: Shader Did you use #pragma only_renderers and omit this platform?
WARNING: Shader If subshaders removal was intentional, you may have forgotten turning Fallback off?
WARNING: Shader Unsupported: 'Simulation/Standard Lit' - All subshaders removed
WARNING: Shader Did you use #pragma only_renderers and omit this platform?
WARNING: Shader If subshaders removal was intentional, you may have forgotten turning Fallback off?
WARNING: Shader Unsupported: 'Simulation/Room X-Ray' - All subshaders removed
WARNING: Shader Did you use #pragma only_renderers and omit this platform?
WARNING: Shader If subshaders removal was intentional, you may have forgotten turning Fallback off?
Unloading 6 Unused Serialized files (Serialized files now loaded: 0)
Unloading 4879 unused Assets / (4.0 MB). Loaded Objects now: 5489.
Memory consumption went from 106.4 MB to 102.4 MB.
Total: 6.792417 ms (FindLiveObjects: 0.307292 ms CreateObjectMapping: 0.158291 ms MarkObjects: 4.387334 ms  DeleteObjects: 1.939208 ms)

Prepare: number of updated asset objects reloaded= 0
========================================================================
Received Prepare
WARNING: Shader Unsupported: 'Hidden/Simulation/URP/Synthetic' - All subshaders removed
WARNING: Shader Did you use #pragma only_renderers and omit this platform?
WARNING: Shader If subshaders removal was intentional, you may have forgotten turning Fallback off?
WARNING: Shader Unsupported: 'Hidden/Simulation/Synthetic Lit' - All subshaders removed
WARNING: Shader Did you use #pragma only_renderers and omit this platform?
WARNING: Shader If subshaders removal was intentional, you may have forgotten turning Fallback off?
WARNING: Shader Unsupported: 'Simulation/URP/Room X-Ray' - All subshaders removed
WARNING: Shader Did you use #pragma only_renderers and omit this platform?
WARNING: Shader If subshaders removal was intentional, you may have forgotten turning Fallback off?
WARNING: Shader Unsupported: 'Simulation/URP/Lit' - All subshaders removed
WARNING: Shader Did you use #pragma only_renderers and omit this platform?
WARNING: Shader If subshaders removal was intentional, you may have forgotten turning Fallback off?
WARNING: Shader Unsupported: 'Simulation/Standard Lit' - All subshaders removed
WARNING: Shader Did you use #pragma only_renderers and omit this platform?
WARNING: Shader If subshaders removal was intentional, you may have forgotten turning Fallback off?
WARNING: Shader Unsupported: 'Simulation/Room X-Ray' - All subshaders removed
WARNING: Shader Did you use #pragma only_renderers and omit this platform?
WARNING: Shader If subshaders removal was intentional, you may have forgotten turning Fallback off?
xcrun: error: sh -c '/Applications/Xcode.app/Contents/Developer/usr/bin/xcodebuild -sdk /Applications/Xcode.app/Contents/Developer/Platforms/MacOSX.platform/Developer/SDKs/MacOSX.sdk -find metal-objdump 2> /dev/null' failed with exit code 17664: (null) (errno=Invalid argument)
xcrun: error: unable to find utility "metal-objdump", not a developer tool or in PATH
error: error: cannot execute tool 'metal' due to missing Metal Toolchain; use: xcodebuild -downloadComponent MetalToolchain
error: error: cannot execute tool 'metal' due to missing Metal Toolchain; use: xcodebuild -downloadComponent MetalToolchain
error: error: cannot execute tool 'metal' due to missing Metal Toolchain; use: xcodebuild -downloadComponent MetalToolchain
error: error: cannot execute tool 'metal' due to missing Metal Toolchain; use: xcodebuild -downloadComponent MetalToolchain
error: error: cannot execute tool 'metal' due to missing Metal Toolchain; use: xcodebuild -downloadComponent MetalToolchain
error: error: cannot execute tool 'metal' due to missing Metal Toolchain; use: xcodebuild -downloadComponent MetalToolchain
error: error: cannot execute tool 'metal' due to missing Metal Toolchain; use: xcodebuild -downloadComponent MetalToolchain
error: error: cannot execute tool 'metal' due to missing Metal Toolchain; use: xcodebuild -downloadComponent MetalToolchain
error: error: cannot execute tool 'metal' due to missing Metal Toolchain; use: xcodebuild -downloadComponent MetalToolchain
error: error: cannot execute tool 'metal' due to missing Metal Toolchain; use: xcodebuild -downloadComponent MetalToolchain
error: error: cannot execute tool 'metal' due to missing Metal Toolchain; use: xcodebuild -downloadComponent MetalToolchain
error: error: cannot execute tool 'metal' due to missing Metal Toolchain; use: xcodebuild -downloadComponent MetalToolchain
error: error: cannot execute tool 'metal' due to missing Metal Toolchain; use: xcodebuild -downloadComponent MetalToolchain
error: error: cannot execute tool 'metal' due to missing Metal Toolchain; use: xcodebuild -downloadComponent MetalToolchain
error: error: cannot execute tool 'metal' due to missing Metal Toolchain; use: xcodebuild -downloadComponent MetalToolchain
error: error: cannot execute tool 'metal' due to missing Metal Toolchain; use: xcodebuild -downloadComponent MetalToolchain
error: error: cannot execute tool 'metal' due to missing Metal Toolchain; use: xcodebuild -downloadComponent MetalToolchain
error: error: cannot execute tool 'metal' due to missing Metal Toolchain; use: xcodebuild -downloadComponent MetalToolchain
error: error: cannot execute tool 'metal' due to missing Metal Toolchain; use: xcodebuild -downloadComponent MetalToolchain
error: error: cannot execute tool 'metal' due to missing Metal Toolchain; use: xcodebuild -downloadComponent MetalToolchain
error: error: cannot execute tool 'metal' due to missing Metal Toolchain; use: xcodebuild -downloadComponent MetalToolchain
error: error: cannot execute tool 'metal' due to missing Metal Toolchain; use: xcodebuild -downloadComponent MetalToolchain
error: error: cannot execute tool 'metal' due to missing Metal Toolchain; use: xcodebuild -downloadComponent MetalToolchain
error: error: cannot execute tool 'metal' due to missing Metal Toolchain; use: xcodebuild -downloadComponent MetalToolchain
error: error: cannot execute tool 'metal' due to missing Metal Toolchain; use: xcodebuild -downloadComponent MetalToolchain
error: error: cannot execute tool 'metal' due to missing Metal Toolchain; use: xcodebuild -downloadComponent MetalToolchain
error: error: cannot execute tool 'metal' due to missing Metal Toolchain; use: xcodebuild -downloadComponent MetalToolchain
error: error: cannot execute tool 'metal' due to missing Metal Toolchain; use: xcodebuild -downloadComponent MetalToolchain
Refreshing native plugins compatible for Editor in 2.17 ms, found 2 plugins.
Unloading 6 Unused Serialized files (Serialized files now loaded: 0)
Unloading 6 unused Assets / (1.5 MB). Loaded Objects now: 5489.
Memory consumption went from 95.0 MB to 93.5 MB.
Total: 13.433208 ms (FindLiveObjects: 0.284958 ms CreateObjectMapping: 0.072208 ms MarkObjects: 12.149833 ms  DeleteObjects: 0.925500 ms)

Prepare: number of updated asset objects reloaded= 11
EnvironmentDependencyValues requested are different than current active one (requested -> active):
  graphicsApiMask: 2099200 -> 2164736
========================================================================
Received Prepare
WARNING: Shader Unsupported: 'Hidden/Simulation/URP/Synthetic' - All subshaders removed
WARNING: Shader Did you use #pragma only_renderers and omit this platform?
WARNING: Shader If subshaders removal was intentional, you may have forgotten turning Fallback off?
WARNING: Shader Unsupported: 'Hidden/Simulation/Synthetic Lit' - All subshaders removed
WARNING: Shader Did you use #pragma only_renderers and omit this platform?
WARNING: Shader If subshaders removal was intentional, you may have forgotten turning Fallback off?
WARNING: Shader Unsupported: 'Simulation/URP/Room X-Ray' - All subshaders removed
WARNING: Shader Did you use #pragma only_renderers and omit this platform?
WARNING: Shader If subshaders removal was intentional, you may have forgotten turning Fallback off?
WARNING: Shader Unsupported: 'Simulation/URP/Lit' - All subshaders removed
WARNING: Shader Did you use #pragma only_renderers and omit this platform?
WARNING: Shader If subshaders removal was intentional, you may have forgotten turning Fallback off?
WARNING: Shader Unsupported: 'Simulation/Standard Lit' - All subshaders removed
WARNING: Shader Did you use #pragma only_renderers and omit this platform?
WARNING: Shader If subshaders removal was intentional, you may have forgotten turning Fallback off?
WARNING: Shader Unsupported: 'Simulation/Room X-Ray' - All subshaders removed
WARNING: Shader Did you use #pragma only_renderers and omit this platform?
WARNING: Shader If subshaders removal was intentional, you may have forgotten turning Fallback off?
Unloading 6 Unused Serialized files (Serialized files now loaded: 0)
Unloading 6 unused Assets / (1.4 MB). Loaded Objects now: 5489.
Memory consumption went from 94.9 MB to 93.5 MB.
Total: 5.332125 ms (FindLiveObjects: 0.144709 ms CreateObjectMapping: 0.065208 ms MarkObjects: 4.411708 ms  DeleteObjects: 0.709875 ms)

Prepare: number of updated asset objects reloaded= 0
EnvironmentDependencyValues requested are different than current active one (requested -> active):
  graphicsApiMask: 2099200 -> 2164736
========================================================================
Received Prepare
[Licensing::Client] Successfully resolved entitlement details
Begin MonoManager ReloadAssembly
[Licensing::Client] Successfully resolved entitlement details
Thread 0x16bc47000 may have been prematurely finalized
Assembly Assembly-CSharp-Editor-firstpass.dll at Library/ScriptAssemblies/Assembly-CSharp-Editor-firstpass.dll not valid. Loading of assembly skipped.
Assembly Assembly-CSharp-Editor.dll at Library/ScriptAssemblies/Assembly-CSharp-Editor.dll not valid. Loading of assembly skipped.
Assembly Assembly-CSharp-firstpass.dll at Library/ScriptAssemblies/Assembly-CSharp-firstpass.dll not valid. Loading of assembly skipped.
Assembly DocCodeExamples.dll at Library/ScriptAssemblies/DocCodeExamples.dll not valid. Loading of assembly skipped.
Assembly TestNewCustomAssembly.dll at Library/ScriptAssemblies/TestNewCustomAssembly.dll not valid. Loading of assembly skipped.
Assembly Unity.InputSystem.IntegrationTests.dll at Library/ScriptAssemblies/Unity.InputSystem.IntegrationTests.dll not valid. Loading of assembly skipped.
Assembly Unity.Mathematics.Tests.dll at Library/ScriptAssemblies/Unity.Mathematics.Tests.dll not valid. Loading of assembly skipped.
Assembly Unity.Multiplayer.Center.Editor.Tests.dll at Library/ScriptAssemblies/Unity.Multiplayer.Center.Editor.Tests.dll not valid. Loading of assembly skipped.
Assembly Unity.Multiplayer.Center.Tests.dll at Library/ScriptAssemblies/Unity.Multiplayer.Center.Tests.dll not valid. Loading of assembly skipped.
Assembly Unity.TextMeshPro.Editor.Tests.dll at Library/ScriptAssemblies/Unity.TextMeshPro.Editor.Tests.dll not valid. Loading of assembly skipped.
Assembly Unity.TextMeshPro.Tests.dll at Library/ScriptAssemblies/Unity.TextMeshPro.Tests.dll not valid. Loading of assembly skipped.
Assembly Unity.XR.ARFoundation.CodeSamples.Editor.Tests.dll at Library/ScriptAssemblies/Unity.XR.ARFoundation.CodeSamples.Editor.Tests.dll not valid. Loading of assembly skipped.
Assembly Unity.XR.ARFoundation.CodeSamples.Tests.dll at Library/ScriptAssemblies/Unity.XR.ARFoundation.CodeSamples.Tests.dll not valid. Loading of assembly skipped.
Assembly Unity.XR.ARFoundation.Editor.Tests.dll at Library/ScriptAssemblies/Unity.XR.ARFoundation.Editor.Tests.dll not valid. Loading of assembly skipped.
Assembly Unity.XR.ARFoundation.InternalUtils.Editor.Tests.dll at Library/ScriptAssemblies/Unity.XR.ARFoundation.InternalUtils.Editor.Tests.dll not valid. Loading of assembly skipped.
Assembly Unity.XR.ARFoundation.Runtime.Tests.dll at Library/ScriptAssemblies/Unity.XR.ARFoundation.Runtime.Tests.dll not valid. Loading of assembly skipped.
Assembly Unity.XR.ARKit.CodeSamples.Tests.dll at Library/ScriptAssemblies/Unity.XR.ARKit.CodeSamples.Tests.dll not valid. Loading of assembly skipped.
Assembly Unity.XR.ARKit.Editor.Tests.dll at Library/ScriptAssemblies/Unity.XR.ARKit.Editor.Tests.dll not valid. Loading of assembly skipped.
Assembly Unity.XR.ARKit.Runtime.Tests.dll at Library/ScriptAssemblies/Unity.XR.ARKit.Runtime.Tests.dll not valid. Loading of assembly skipped.
Assembly Unity.XR.ARSubsystems.Editor.Tests.dll at Library/ScriptAssemblies/Unity.XR.ARSubsystems.Editor.Tests.dll not valid. Loading of assembly skipped.
Assembly Unity.XR.CoreUtils.CodeSamples.Tests.dll at Library/ScriptAssemblies/Unity.XR.CoreUtils.CodeSamples.Tests.dll not valid. Loading of assembly skipped.
Assembly Unity.XR.CoreUtils.Editor.Tests.dll at Library/ScriptAssemblies/Unity.XR.CoreUtils.Editor.Tests.dll not valid. Loading of assembly skipped.
Assembly Unity.XR.CoreUtils.Tests.dll at Library/ScriptAssemblies/Unity.XR.CoreUtils.Tests.dll not valid. Loading of assembly skipped.
Assembly Unity.XR.Management.EditorTests.dll at Library/ScriptAssemblies/Unity.XR.Management.EditorTests.dll not valid. Loading of assembly skipped.
Assembly Unity.XR.Management.TestPackage.dll at Library/ScriptAssemblies/Unity.XR.Management.TestPackage.dll not valid. Loading of assembly skipped.
Assembly Unity.XR.Management.TestPackage.Editor.dll at Library/ScriptAssemblies/Unity.XR.Management.TestPackage.Editor.dll not valid. Loading of assembly skipped.
Assembly Unity.XR.Management.Tests.dll at Library/ScriptAssemblies/Unity.XR.Management.Tests.dll not valid. Loading of assembly skipped.
Assembly Unity.XR.Management.Tests.Standalone.dll at Library/ScriptAssemblies/Unity.XR.Management.Tests.Standalone.dll not valid. Loading of assembly skipped.
Assembly Unity.XR.Simulation.Editor.Tests.dll at Library/ScriptAssemblies/Unity.XR.Simulation.Editor.Tests.dll not valid. Loading of assembly skipped.
Assembly Unity.XR.Simulation.Runtime.Tests.dll at Library/ScriptAssemblies/Unity.XR.Simulation.Runtime.Tests.dll not valid. Loading of assembly skipped.
Assembly Unity.XR.TestSupport.dll at Library/ScriptAssemblies/Unity.XR.TestSupport.dll not valid. Loading of assembly skipped.
Assembly Unity.XR.TestTooling.Editor.Tests.dll at Library/ScriptAssemblies/Unity.XR.TestTooling.Editor.Tests.dll not valid. Loading of assembly skipped.
Assembly UnityEditor.UI.Common.Tests.dll at Library/ScriptAssemblies/UnityEditor.UI.Common.Tests.dll not valid. Loading of assembly skipped.
Assembly UnityEditor.UI.EditorTests.dll at Library/ScriptAssemblies/UnityEditor.UI.EditorTests.dll not valid. Loading of assembly skipped.
Assembly UnityEditor.XR.LegacyInputHelpers.Tests.dll at Library/ScriptAssemblies/UnityEditor.XR.LegacyInputHelpers.Tests.dll not valid. Loading of assembly skipped.
Assembly UnityEngine.SpatialTracking.Tests.dll at Library/ScriptAssemblies/UnityEngine.SpatialTracking.Tests.dll not valid. Loading of assembly skipped.
Assembly UnityEngine.UI.Tests.dll at Library/ScriptAssemblies/UnityEngine.UI.Tests.dll not valid. Loading of assembly skipped.
Native extension for iOS target not found
Native extension for Android target not found
Native extension for OSXStandalone target not found
[Package Manager] Failed to launch server process. Reason: Unity was launched with the -noUpm command-line argument
[Package Manager] Unable to send message (not connected to server process).
[Package Manager] Cannot connect to Unity Package Manager local server
[Package Manager] Failed to launch server process. Reason: Unity was launched with the -noUpm command-line argument
[Package Manager] Unable to send message (not connected to server process).
[Package Manager] Cannot connect to Unity Package Manager local server
ScheduleIndexationOnStartup MainProcess:False IndexOnStartup:True
Mono: successfully reloaded assembly
[Package Manager] Failed to launch server process. Reason: Unity was launched with the -noUpm command-line argument
[Package Manager] Unable to send message (not connected to server process).
[Package Manager] Cannot connect to Unity Package Manager local server
- Finished resetting the current domain, in  0.569 seconds
Domain Reload Profiling: 1233ms
	BeginReloadAssembly (214ms)
		DisableScriptedObjects (8ms)
		CreateAndSetChildDomain (70ms)
	RebuildCommonClasses (30ms)
	RebuildNativeTypeToScriptingClass (12ms)
	initialDomainReloadingComplete (34ms)
	LoadAllAssembliesAndSetupDomain (374ms)
		LoadAssemblies (237ms)
		AnalyzeDomain (195ms)
			TypeCache.Refresh (87ms)
				TypeCache.ScanAssembly (72ms)
			BuildScriptInfoCaches (84ms)
			ResolveRequiredComponents (13ms)
	FinalizeReload (570ms)
		SetupLoadedEditorAssemblies (0ms)
			InitializePlatformSupportModulesInManaged (16ms)
			BeforeProcessingInitializeOnLoad (134ms)
			ProcessInitializeOnLoadAttributes (195ms)
			ProcessInitializeOnLoadMethodAttributes (55ms)
			AfterProcessingInitializeOnLoad (4ms)
		AwakeInstancesAfterBackupRestoration (4ms)
WARNING: Shader Unsupported: 'Hidden/Simulation/URP/Synthetic' - All subshaders removed
WARNING: Shader Did you use #pragma only_renderers and omit this platform?
WARNING: Shader If subshaders removal was intentional, you may have forgotten turning Fallback off?
WARNING: Shader Unsupported: 'Hidden/Simulation/Synthetic Lit' - All subshaders removed
WARNING: Shader Did you use #pragma only_renderers and omit this platform?
WARNING: Shader If subshaders removal was intentional, you may have forgotten turning Fallback off?
WARNING: Shader Unsupported: 'Simulation/URP/Room X-Ray' - All subshaders removed
WARNING: Shader Did you use #pragma only_renderers and omit this platform?
WARNING: Shader If subshaders removal was intentional, you may have forgotten turning Fallback off?
WARNING: Shader Unsupported: 'Simulation/URP/Lit' - All subshaders removed
WARNING: Shader Did you use #pragma only_renderers and omit this platform?
WARNING: Shader If subshaders removal was intentional, you may have forgotten turning Fallback off?
WARNING: Shader Unsupported: 'Simulation/Standard Lit' - All subshaders removed
WARNING: Shader Did you use #pragma only_renderers and omit this platform?
WARNING: Shader If subshaders removal was intentional, you may have forgotten turning Fallback off?
WARNING: Shader Unsupported: 'Simulation/Room X-Ray' - All subshaders removed
WARNING: Shader Did you use #pragma only_renderers and omit this platform?
WARNING: Shader If subshaders removal was intentional, you may have forgotten turning Fallback off?
Refreshing native plugins compatible for Editor in 2.36 ms, found 2 plugins.
Unloading 6 Unused Serialized files (Serialized files now loaded: 0)
Unloading 4879 unused Assets / (1.5 MB). Loaded Objects now: 5490.
Memory consumption went from 105.9 MB to 104.4 MB.
Total: 7.020417 ms (FindLiveObjects: 0.358667 ms CreateObjectMapping: 0.199292 ms MarkObjects: 4.833542 ms  DeleteObjects: 1.627834 ms)

Prepare: number of updated asset objects reloaded= 0
EnvironmentDependencyValues requested are different than current active one (requested -> active):
  graphicsApiMask: 2099200 -> 2164736
========================================================================
Received Prepare
Begin MonoManager ReloadAssembly
Thread 0x16b737000 may have been prematurely finalized
Assembly Assembly-CSharp-Editor-firstpass.dll at Library/ScriptAssemblies/Assembly-CSharp-Editor-firstpass.dll not valid. Loading of assembly skipped.
Assembly Assembly-CSharp-Editor.dll at Library/ScriptAssemblies/Assembly-CSharp-Editor.dll not valid. Loading of assembly skipped.
Assembly Assembly-CSharp-firstpass.dll at Library/ScriptAssemblies/Assembly-CSharp-firstpass.dll not valid. Loading of assembly skipped.
Assembly DocCodeExamples.dll at Library/ScriptAssemblies/DocCodeExamples.dll not valid. Loading of assembly skipped.
Assembly TestNewCustomAssembly.dll at Library/ScriptAssemblies/TestNewCustomAssembly.dll not valid. Loading of assembly skipped.
Assembly Unity.InputSystem.IntegrationTests.dll at Library/ScriptAssemblies/Unity.InputSystem.IntegrationTests.dll not valid. Loading of assembly skipped.
Assembly Unity.Mathematics.Tests.dll at Library/ScriptAssemblies/Unity.Mathematics.Tests.dll not valid. Loading of assembly skipped.
Assembly Unity.Multiplayer.Center.Editor.Tests.dll at Library/ScriptAssemblies/Unity.Multiplayer.Center.Editor.Tests.dll not valid. Loading of assembly skipped.
Assembly Unity.Multiplayer.Center.Tests.dll at Library/ScriptAssemblies/Unity.Multiplayer.Center.Tests.dll not valid. Loading of assembly skipped.
Assembly Unity.TextMeshPro.Editor.Tests.dll at Library/ScriptAssemblies/Unity.TextMeshPro.Editor.Tests.dll not valid. Loading of assembly skipped.
Assembly Unity.TextMeshPro.Tests.dll at Library/ScriptAssemblies/Unity.TextMeshPro.Tests.dll not valid. Loading of assembly skipped.
Assembly Unity.VSCode.Editor.dll at Library/ScriptAssemblies/Unity.VSCode.Editor.dll not valid. Loading of assembly skipped.
Assembly Unity.XR.ARFoundation.CodeSamples.Editor.Tests.dll at Library/ScriptAssemblies/Unity.XR.ARFoundation.CodeSamples.Editor.Tests.dll not valid. Loading of assembly skipped.
Assembly Unity.XR.ARFoundation.CodeSamples.Tests.dll at Library/ScriptAssemblies/Unity.XR.ARFoundation.CodeSamples.Tests.dll not valid. Loading of assembly skipped.
Assembly Unity.XR.ARFoundation.Editor.Tests.dll at Library/ScriptAssemblies/Unity.XR.ARFoundation.Editor.Tests.dll not valid. Loading of assembly skipped.
Assembly Unity.XR.ARFoundation.InternalUtils.Editor.Tests.dll at Library/ScriptAssemblies/Unity.XR.ARFoundation.InternalUtils.Editor.Tests.dll not valid. Loading of assembly skipped.
Assembly Unity.XR.ARFoundation.Runtime.Tests.dll at Library/ScriptAssemblies/Unity.XR.ARFoundation.Runtime.Tests.dll not valid. Loading of assembly skipped.
Assembly Unity.XR.ARKit.CodeSamples.Tests.dll at Library/ScriptAssemblies/Unity.XR.ARKit.CodeSamples.Tests.dll not valid. Loading of assembly skipped.
Assembly Unity.XR.ARKit.Editor.Tests.dll at Library/ScriptAssemblies/Unity.XR.ARKit.Editor.Tests.dll not valid. Loading of assembly skipped.
Assembly Unity.XR.ARKit.Runtime.Tests.dll at Library/ScriptAssemblies/Unity.XR.ARKit.Runtime.Tests.dll not valid. Loading of assembly skipped.
Assembly Unity.XR.ARSubsystems.Editor.Tests.dll at Library/ScriptAssemblies/Unity.XR.ARSubsystems.Editor.Tests.dll not valid. Loading of assembly skipped.
Assembly Unity.XR.CoreUtils.CodeSamples.Tests.dll at Library/ScriptAssemblies/Unity.XR.CoreUtils.CodeSamples.Tests.dll not valid. Loading of assembly skipped.
Assembly Unity.XR.CoreUtils.Editor.Tests.dll at Library/ScriptAssemblies/Unity.XR.CoreUtils.Editor.Tests.dll not valid. Loading of assembly skipped.
Assembly Unity.XR.CoreUtils.Tests.dll at Library/ScriptAssemblies/Unity.XR.CoreUtils.Tests.dll not valid. Loading of assembly skipped.
Assembly Unity.XR.Management.EditorTests.dll at Library/ScriptAssemblies/Unity.XR.Management.EditorTests.dll not valid. Loading of assembly skipped.
Assembly Unity.XR.Management.TestPackage.dll at Library/ScriptAssemblies/Unity.XR.Management.TestPackage.dll not valid. Loading of assembly skipped.
Assembly Unity.XR.Management.TestPackage.Editor.dll at Library/ScriptAssemblies/Unity.XR.Management.TestPackage.Editor.dll not valid. Loading of assembly skipped.
Assembly Unity.XR.Management.Tests.dll at Library/ScriptAssemblies/Unity.XR.Management.Tests.dll not valid. Loading of assembly skipped.
Assembly Unity.XR.Management.Tests.Standalone.dll at Library/ScriptAssemblies/Unity.XR.Management.Tests.Standalone.dll not valid. Loading of assembly skipped.
Assembly Unity.XR.Simulation.Editor.Tests.dll at Library/ScriptAssemblies/Unity.XR.Simulation.Editor.Tests.dll not valid. Loading of assembly skipped.
Assembly Unity.XR.Simulation.Runtime.Tests.dll at Library/ScriptAssemblies/Unity.XR.Simulation.Runtime.Tests.dll not valid. Loading of assembly skipped.
Assembly Unity.XR.TestSupport.dll at Library/ScriptAssemblies/Unity.XR.TestSupport.dll not valid. Loading of assembly skipped.
Assembly Unity.XR.TestTooling.Editor.Tests.dll at Library/ScriptAssemblies/Unity.XR.TestTooling.Editor.Tests.dll not valid. Loading of assembly skipped.
Assembly UnityEditor.UI.Common.Tests.dll at Library/ScriptAssemblies/UnityEditor.UI.Common.Tests.dll not valid. Loading of assembly skipped.
Assembly UnityEditor.UI.EditorTests.dll at Library/ScriptAssemblies/UnityEditor.UI.EditorTests.dll not valid. Loading of assembly skipped.
Assembly UnityEditor.XR.LegacyInputHelpers.Tests.dll at Library/ScriptAssemblies/UnityEditor.XR.LegacyInputHelpers.Tests.dll not valid. Loading of assembly skipped.
Assembly UnityEngine.SpatialTracking.Tests.dll at Library/ScriptAssemblies/UnityEngine.SpatialTracking.Tests.dll not valid. Loading of assembly skipped.
Assembly UnityEngine.UI.Tests.dll at Library/ScriptAssemblies/UnityEngine.UI.Tests.dll not valid. Loading of assembly skipped.
Native extension for iOS target not found
Native extension for Android target not found
Native extension for OSXStandalone target not found
[Package Manager] Failed to launch server process. Reason: Unity was launched with the -noUpm command-line argument
[Package Manager] Unable to send message (not connected to server process).
[Package Manager] Cannot connect to Unity Package Manager local server
[Package Manager] Failed to launch server process. Reason: Unity was launched with the -noUpm command-line argument
[Package Manager] Unable to send message (not connected to server process).
[Package Manager] Cannot connect to Unity Package Manager local server
ScheduleIndexationOnStartup MainProcess:False IndexOnStartup:True
Mono: successfully reloaded assembly
[Package Manager] Failed to launch server process. Reason: Unity was launched with the -noUpm command-line argument
[Package Manager] Unable to send message (not connected to server process).
[Package Manager] Cannot connect to Unity Package Manager local server
- Finished resetting the current domain, in  0.435 seconds
Domain Reload Profiling: 973ms
	BeginReloadAssembly (167ms)
		DisableScriptedObjects (5ms)
		CreateAndSetChildDomain (58ms)
	RebuildCommonClasses (29ms)
	RebuildNativeTypeToScriptingClass (14ms)
	initialDomainReloadingComplete (40ms)
	LoadAllAssembliesAndSetupDomain (286ms)
		LoadAssemblies (233ms)
		AnalyzeDomain (106ms)
			TypeCache.Refresh (9ms)
			BuildScriptInfoCaches (91ms)
			ResolveRequiredComponents (5ms)
	FinalizeReload (436ms)
		SetupLoadedEditorAssemblies (0ms)
			InitializePlatformSupportModulesInManaged (15ms)
			BeforeProcessingInitializeOnLoad (95ms)
			ProcessInitializeOnLoadAttributes (180ms)
			ProcessInitializeOnLoadMethodAttributes (31ms)
		AwakeInstancesAfterBackupRestoration (3ms)
WARNING: Shader Unsupported: 'Hidden/Simulation/URP/Synthetic' - All subshaders removed
WARNING: Shader Did you use #pragma only_renderers and omit this platform?
WARNING: Shader If subshaders removal was intentional, you may have forgotten turning Fallback off?
WARNING: Shader Unsupported: 'Hidden/Simulation/Synthetic Lit' - All subshaders removed
WARNING: Shader Did you use #pragma only_renderers and omit this platform?
WARNING: Shader If subshaders removal was intentional, you may have forgotten turning Fallback off?
WARNING: Shader Unsupported: 'Simulation/URP/Room X-Ray' - All subshaders removed
WARNING: Shader Did you use #pragma only_renderers and omit this platform?
WARNING: Shader If subshaders removal was intentional, you may have forgotten turning Fallback off?
WARNING: Shader Unsupported: 'Simulation/URP/Lit' - All subshaders removed
WARNING: Shader Did you use #pragma only_renderers and omit this platform?
WARNING: Shader If subshaders removal was intentional, you may have forgotten turning Fallback off?
WARNING: Shader Unsupported: 'Simulation/Standard Lit' - All subshaders removed
WARNING: Shader Did you use #pragma only_renderers and omit this platform?
WARNING: Shader If subshaders removal was intentional, you may have forgotten turning Fallback off?
WARNING: Shader Unsupported: 'Simulation/Room X-Ray' - All subshaders removed
WARNING: Shader Did you use #pragma only_renderers and omit this platform?
WARNING: Shader If subshaders removal was intentional, you may have forgotten turning Fallback off?
Unloading 6 Unused Serialized files (Serialized files now loaded: 0)
Unloading 4871 unused Assets / (3.8 MB). Loaded Objects now: 5483.
Memory consumption went from 105.8 MB to 102.0 MB.
Total: 6.665208 ms (FindLiveObjects: 0.287208 ms CreateObjectMapping: 0.138417 ms MarkObjects: 4.319916 ms  DeleteObjects: 1.919250 ms)

Prepare: number of updated asset objects reloaded= 0
EnvironmentDependencyValues requested are different than current active one (requested -> active):
  graphicsApiMask: 2099200 -> 2164736
========================================================================
Received Prepare
Begin MonoManager ReloadAssembly
Thread 0x175897000 may have been prematurely finalized
Assembly Assembly-CSharp-Editor-firstpass.dll at Library/ScriptAssemblies/Assembly-CSharp-Editor-firstpass.dll not valid. Loading of assembly skipped.
Assembly Assembly-CSharp-Editor.dll at Library/ScriptAssemblies/Assembly-CSharp-Editor.dll not valid. Loading of assembly skipped.
Assembly Assembly-CSharp-firstpass.dll at Library/ScriptAssemblies/Assembly-CSharp-firstpass.dll not valid. Loading of assembly skipped.
Assembly DocCodeExamples.dll at Library/ScriptAssemblies/DocCodeExamples.dll not valid. Loading of assembly skipped.
Assembly TestNewCustomAssembly.dll at Library/ScriptAssemblies/TestNewCustomAssembly.dll not valid. Loading of assembly skipped.
Assembly Unity.InputSystem.IntegrationTests.dll at Library/ScriptAssemblies/Unity.InputSystem.IntegrationTests.dll not valid. Loading of assembly skipped.
Assembly Unity.Mathematics.Tests.dll at Library/ScriptAssemblies/Unity.Mathematics.Tests.dll not valid. Loading of assembly skipped.
Assembly Unity.Multiplayer.Center.Editor.Tests.dll at Library/ScriptAssemblies/Unity.Multiplayer.Center.Editor.Tests.dll not valid. Loading of assembly skipped.
Assembly Unity.Multiplayer.Center.Tests.dll at Library/ScriptAssemblies/Unity.Multiplayer.Center.Tests.dll not valid. Loading of assembly skipped.
Assembly Unity.TextMeshPro.Editor.Tests.dll at Library/ScriptAssemblies/Unity.TextMeshPro.Editor.Tests.dll not valid. Loading of assembly skipped.
Assembly Unity.TextMeshPro.Tests.dll at Library/ScriptAssemblies/Unity.TextMeshPro.Tests.dll not valid. Loading of assembly skipped.
Assembly Unity.VSCode.Editor.dll at Library/ScriptAssemblies/Unity.VSCode.Editor.dll not valid. Loading of assembly skipped.
Assembly Unity.XR.ARFoundation.CodeSamples.Editor.Tests.dll at Library/ScriptAssemblies/Unity.XR.ARFoundation.CodeSamples.Editor.Tests.dll not valid. Loading of assembly skipped.
Assembly Unity.XR.ARFoundation.CodeSamples.Tests.dll at Library/ScriptAssemblies/Unity.XR.ARFoundation.CodeSamples.Tests.dll not valid. Loading of assembly skipped.
Assembly Unity.XR.ARFoundation.Editor.Tests.dll at Library/ScriptAssemblies/Unity.XR.ARFoundation.Editor.Tests.dll not valid. Loading of assembly skipped.
Assembly Unity.XR.ARFoundation.InternalUtils.Editor.Tests.dll at Library/ScriptAssemblies/Unity.XR.ARFoundation.InternalUtils.Editor.Tests.dll not valid. Loading of assembly skipped.
Assembly Unity.XR.ARFoundation.Runtime.Tests.dll at Library/ScriptAssemblies/Unity.XR.ARFoundation.Runtime.Tests.dll not valid. Loading of assembly skipped.
Assembly Unity.XR.ARKit.CodeSamples.Tests.dll at Library/ScriptAssemblies/Unity.XR.ARKit.CodeSamples.Tests.dll not valid. Loading of assembly skipped.
Assembly Unity.XR.ARKit.Editor.Tests.dll at Library/ScriptAssemblies/Unity.XR.ARKit.Editor.Tests.dll not valid. Loading of assembly skipped.
Assembly Unity.XR.ARKit.Runtime.Tests.dll at Library/ScriptAssemblies/Unity.XR.ARKit.Runtime.Tests.dll not valid. Loading of assembly skipped.
Assembly Unity.XR.ARSubsystems.Editor.Tests.dll at Library/ScriptAssemblies/Unity.XR.ARSubsystems.Editor.Tests.dll not valid. Loading of assembly skipped.
Assembly Unity.XR.CoreUtils.CodeSamples.Tests.dll at Library/ScriptAssemblies/Unity.XR.CoreUtils.CodeSamples.Tests.dll not valid. Loading of assembly skipped.
Assembly Unity.XR.CoreUtils.Editor.Tests.dll at Library/ScriptAssemblies/Unity.XR.CoreUtils.Editor.Tests.dll not valid. Loading of assembly skipped.
Assembly Unity.XR.CoreUtils.Tests.dll at Library/ScriptAssemblies/Unity.XR.CoreUtils.Tests.dll not valid. Loading of assembly skipped.
Assembly Unity.XR.Management.EditorTests.dll at Library/ScriptAssemblies/Unity.XR.Management.EditorTests.dll not valid. Loading of assembly skipped.
Assembly Unity.XR.Management.TestPackage.dll at Library/ScriptAssemblies/Unity.XR.Management.TestPackage.dll not valid. Loading of assembly skipped.
Assembly Unity.XR.Management.TestPackage.Editor.dll at Library/ScriptAssemblies/Unity.XR.Management.TestPackage.Editor.dll not valid. Loading of assembly skipped.
Assembly Unity.XR.Management.Tests.dll at Library/ScriptAssemblies/Unity.XR.Management.Tests.dll not valid. Loading of assembly skipped.
Assembly Unity.XR.Management.Tests.Standalone.dll at Library/ScriptAssemblies/Unity.XR.Management.Tests.Standalone.dll not valid. Loading of assembly skipped.
Assembly Unity.XR.Simulation.Editor.Tests.dll at Library/ScriptAssemblies/Unity.XR.Simulation.Editor.Tests.dll not valid. Loading of assembly skipped.
Assembly Unity.XR.Simulation.Runtime.Tests.dll at Library/ScriptAssemblies/Unity.XR.Simulation.Runtime.Tests.dll not valid. Loading of assembly skipped.
Assembly Unity.XR.TestSupport.dll at Library/ScriptAssemblies/Unity.XR.TestSupport.dll not valid. Loading of assembly skipped.
Assembly Unity.XR.TestTooling.Editor.Tests.dll at Library/ScriptAssemblies/Unity.XR.TestTooling.Editor.Tests.dll not valid. Loading of assembly skipped.
Assembly UnityEditor.UI.Common.Tests.dll at Library/ScriptAssemblies/UnityEditor.UI.Common.Tests.dll not valid. Loading of assembly skipped.
Assembly UnityEditor.UI.EditorTests.dll at Library/ScriptAssemblies/UnityEditor.UI.EditorTests.dll not valid. Loading of assembly skipped.
Assembly UnityEditor.XR.LegacyInputHelpers.Tests.dll at Library/ScriptAssemblies/UnityEditor.XR.LegacyInputHelpers.Tests.dll not valid. Loading of assembly skipped.
Assembly UnityEngine.SpatialTracking.Tests.dll at Library/ScriptAssemblies/UnityEngine.SpatialTracking.Tests.dll not valid. Loading of assembly skipped.
Assembly UnityEngine.UI.Tests.dll at Library/ScriptAssemblies/UnityEngine.UI.Tests.dll not valid. Loading of assembly skipped.
Native extension for iOS target not found
Native extension for Android target not found
Native extension for OSXStandalone target not found
[Package Manager] Failed to launch server process. Reason: Unity was launched with the -noUpm command-line argument
[Package Manager] Unable to send message (not connected to server process).
[Package Manager] Cannot connect to Unity Package Manager local server
[Package Manager] Failed to launch server process. Reason: Unity was launched with the -noUpm command-line argument
[Package Manager] Unable to send message (not connected to server process).
[Package Manager] Cannot connect to Unity Package Manager local server
ScheduleIndexationOnStartup MainProcess:False IndexOnStartup:True
Mono: successfully reloaded assembly
[Package Manager] Failed to launch server process. Reason: Unity was launched with the -noUpm command-line argument
[Package Manager] Unable to send message (not connected to server process).
[Package Manager] Cannot connect to Unity Package Manager local server
- Finished resetting the current domain, in  0.581 seconds
Domain Reload Profiling: 1112ms
	BeginReloadAssembly (181ms)
		DisableScriptedObjects (5ms)
		CreateAndSetChildDomain (55ms)
	RebuildCommonClasses (28ms)
	RebuildNativeTypeToScriptingClass (11ms)
	initialDomainReloadingComplete (31ms)
	LoadAllAssembliesAndSetupDomain (281ms)
		LoadAssemblies (228ms)
		AnalyzeDomain (104ms)
			TypeCache.Refresh (20ms)
				TypeCache.ScanAssembly (11ms)
			BuildScriptInfoCaches (78ms)
			ResolveRequiredComponents (5ms)
	FinalizeReload (581ms)
		SetupLoadedEditorAssemblies (0ms)
			InitializePlatformSupportModulesInManaged (22ms)
			BeforeProcessingInitializeOnLoad (124ms)
			ProcessInitializeOnLoadAttributes (239ms)
			ProcessInitializeOnLoadMethodAttributes (55ms)
		AwakeInstancesAfterBackupRestoration (3ms)
WARNING: Shader Unsupported: 'Hidden/Simulation/URP/Synthetic' - All subshaders removed
WARNING: Shader Did you use #pragma only_renderers and omit this platform?
WARNING: Shader If subshaders removal was intentional, you may have forgotten turning Fallback off?
WARNING: Shader Unsupported: 'Hidden/Simulation/Synthetic Lit' - All subshaders removed
WARNING: Shader Did you use #pragma only_renderers and omit this platform?
WARNING: Shader If subshaders removal was intentional, you may have forgotten turning Fallback off?
WARNING: Shader Unsupported: 'Simulation/URP/Room X-Ray' - All subshaders removed
WARNING: Shader Did you use #pragma only_renderers and omit this platform?
WARNING: Shader If subshaders removal was intentional, you may have forgotten turning Fallback off?
WARNING: Shader Unsupported: 'Simulation/URP/Lit' - All subshaders removed
WARNING: Shader Did you use #pragma only_renderers and omit this platform?
WARNING: Shader If subshaders removal was intentional, you may have forgotten turning Fallback off?
WARNING: Shader Unsupported: 'Simulation/Standard Lit' - All subshaders removed
WARNING: Shader Did you use #pragma only_renderers and omit this platform?
WARNING: Shader If subshaders removal was intentional, you may have forgotten turning Fallback off?
WARNING: Shader Unsupported: 'Simulation/Room X-Ray' - All subshaders removed
WARNING: Shader Did you use #pragma only_renderers and omit this platform?
WARNING: Shader If subshaders removal was intentional, you may have forgotten turning Fallback off?
Unloading 6 Unused Serialized files (Serialized files now loaded: 0)
Unloading 4871 unused Assets / (1.5 MB). Loaded Objects now: 5484.
Memory consumption went from 105.8 MB to 104.3 MB.
Total: 9.538333 ms (FindLiveObjects: 0.272250 ms CreateObjectMapping: 0.138917 ms MarkObjects: 6.330042 ms  DeleteObjects: 2.796542 ms)

Prepare: number of updated asset objects reloaded= 0
EnvironmentDependencyValues requested are different than current active one (requested -> active):
  graphicsApiMask: 2099200 -> 2164736
========================================================================
Received Prepare
[Licensing::Client] Successfully resolved entitlement details
Begin MonoManager ReloadAssembly
[Licensing::Client] Successfully resolved entitlement details
Thread 0x175897000 may have been prematurely finalized
Assembly Assembly-CSharp-Editor-firstpass.dll at Library/ScriptAssemblies/Assembly-CSharp-Editor-firstpass.dll not valid. Loading of assembly skipped.
Assembly Assembly-CSharp-Editor.dll at Library/ScriptAssemblies/Assembly-CSharp-Editor.dll not valid. Loading of assembly skipped.
Assembly Assembly-CSharp-firstpass.dll at Library/ScriptAssemblies/Assembly-CSharp-firstpass.dll not valid. Loading of assembly skipped.
Assembly DocCodeExamples.dll at Library/ScriptAssemblies/DocCodeExamples.dll not valid. Loading of assembly skipped.
Assembly TestNewCustomAssembly.dll at Library/ScriptAssemblies/TestNewCustomAssembly.dll not valid. Loading of assembly skipped.
Assembly Unity.InputSystem.IntegrationTests.dll at Library/ScriptAssemblies/Unity.InputSystem.IntegrationTests.dll not valid. Loading of assembly skipped.
Assembly Unity.Mathematics.Tests.dll at Library/ScriptAssemblies/Unity.Mathematics.Tests.dll not valid. Loading of assembly skipped.
Assembly Unity.Multiplayer.Center.Editor.Tests.dll at Library/ScriptAssemblies/Unity.Multiplayer.Center.Editor.Tests.dll not valid. Loading of assembly skipped.
Assembly Unity.Multiplayer.Center.Tests.dll at Library/ScriptAssemblies/Unity.Multiplayer.Center.Tests.dll not valid. Loading of assembly skipped.
Assembly Unity.TextMeshPro.Editor.Tests.dll at Library/ScriptAssemblies/Unity.TextMeshPro.Editor.Tests.dll not valid. Loading of assembly skipped.
Assembly Unity.TextMeshPro.Tests.dll at Library/ScriptAssemblies/Unity.TextMeshPro.Tests.dll not valid. Loading of assembly skipped.
Assembly Unity.VSCode.Editor.dll at Library/ScriptAssemblies/Unity.VSCode.Editor.dll not valid. Loading of assembly skipped.
Assembly Unity.XR.ARCore.CodeSamples.Tests.dll at Library/ScriptAssemblies/Unity.XR.ARCore.CodeSamples.Tests.dll not valid. Loading of assembly skipped.
Assembly Unity.XR.ARCore.Editor.Tests.dll at Library/ScriptAssemblies/Unity.XR.ARCore.Editor.Tests.dll not valid. Loading of assembly skipped.
Assembly Unity.XR.ARCore.Runtime.Tests.dll at Library/ScriptAssemblies/Unity.XR.ARCore.Runtime.Tests.dll not valid. Loading of assembly skipped.
Assembly Unity.XR.ARFoundation.CodeSamples.Editor.Tests.dll at Library/ScriptAssemblies/Unity.XR.ARFoundation.CodeSamples.Editor.Tests.dll not valid. Loading of assembly skipped.
Assembly Unity.XR.ARFoundation.CodeSamples.Tests.dll at Library/ScriptAssemblies/Unity.XR.ARFoundation.CodeSamples.Tests.dll not valid. Loading of assembly skipped.
Assembly Unity.XR.ARFoundation.Editor.Tests.dll at Library/ScriptAssemblies/Unity.XR.ARFoundation.Editor.Tests.dll not valid. Loading of assembly skipped.
Assembly Unity.XR.ARFoundation.InternalUtils.Editor.Tests.dll at Library/ScriptAssemblies/Unity.XR.ARFoundation.InternalUtils.Editor.Tests.dll not valid. Loading of assembly skipped.
Assembly Unity.XR.ARFoundation.Runtime.Tests.dll at Library/ScriptAssemblies/Unity.XR.ARFoundation.Runtime.Tests.dll not valid. Loading of assembly skipped.
Assembly Unity.XR.ARKit.CodeSamples.Tests.dll at Library/ScriptAssemblies/Unity.XR.ARKit.CodeSamples.Tests.dll not valid. Loading of assembly skipped.
Assembly Unity.XR.ARKit.Editor.Tests.dll at Library/ScriptAssemblies/Unity.XR.ARKit.Editor.Tests.dll not valid. Loading of assembly skipped.
Assembly Unity.XR.ARKit.Runtime.Tests.dll at Library/ScriptAssemblies/Unity.XR.ARKit.Runtime.Tests.dll not valid. Loading of assembly skipped.
Assembly Unity.XR.ARSubsystems.Editor.Tests.dll at Library/ScriptAssemblies/Unity.XR.ARSubsystems.Editor.Tests.dll not valid. Loading of assembly skipped.
Assembly Unity.XR.CoreUtils.CodeSamples.Tests.dll at Library/ScriptAssemblies/Unity.XR.CoreUtils.CodeSamples.Tests.dll not valid. Loading of assembly skipped.
Assembly Unity.XR.CoreUtils.Editor.Tests.dll at Library/ScriptAssemblies/Unity.XR.CoreUtils.Editor.Tests.dll not valid. Loading of assembly skipped.
Assembly Unity.XR.CoreUtils.Tests.dll at Library/ScriptAssemblies/Unity.XR.CoreUtils.Tests.dll not valid. Loading of assembly skipped.
Assembly Unity.XR.Management.EditorTests.dll at Library/ScriptAssemblies/Unity.XR.Management.EditorTests.dll not valid. Loading of assembly skipped.
Assembly Unity.XR.Management.TestPackage.dll at Library/ScriptAssemblies/Unity.XR.Management.TestPackage.dll not valid. Loading of assembly skipped.
Assembly Unity.XR.Management.TestPackage.Editor.dll at Library/ScriptAssemblies/Unity.XR.Management.TestPackage.Editor.dll not valid. Loading of assembly skipped.
Assembly Unity.XR.Management.Tests.dll at Library/ScriptAssemblies/Unity.XR.Management.Tests.dll not valid. Loading of assembly skipped.
Assembly Unity.XR.Management.Tests.Standalone.dll at Library/ScriptAssemblies/Unity.XR.Management.Tests.Standalone.dll not valid. Loading of assembly skipped.
Assembly Unity.XR.Simulation.Editor.Tests.dll at Library/ScriptAssemblies/Unity.XR.Simulation.Editor.Tests.dll not valid. Loading of assembly skipped.
Assembly Unity.XR.Simulation.Runtime.Tests.dll at Library/ScriptAssemblies/Unity.XR.Simulation.Runtime.Tests.dll not valid. Loading of assembly skipped.
Assembly Unity.XR.TestSupport.dll at Library/ScriptAssemblies/Unity.XR.TestSupport.dll not valid. Loading of assembly skipped.
Assembly Unity.XR.TestTooling.Editor.Tests.dll at Library/ScriptAssemblies/Unity.XR.TestTooling.Editor.Tests.dll not valid. Loading of assembly skipped.
Assembly UnityEditor.UI.Common.Tests.dll at Library/ScriptAssemblies/UnityEditor.UI.Common.Tests.dll not valid. Loading of assembly skipped.
Assembly UnityEditor.UI.EditorTests.dll at Library/ScriptAssemblies/UnityEditor.UI.EditorTests.dll not valid. Loading of assembly skipped.
Assembly UnityEditor.XR.LegacyInputHelpers.Tests.dll at Library/ScriptAssemblies/UnityEditor.XR.LegacyInputHelpers.Tests.dll not valid. Loading of assembly skipped.
Assembly UnityEngine.SpatialTracking.Tests.dll at Library/ScriptAssemblies/UnityEngine.SpatialTracking.Tests.dll not valid. Loading of assembly skipped.
Assembly UnityEngine.UI.Tests.dll at Library/ScriptAssemblies/UnityEngine.UI.Tests.dll not valid. Loading of assembly skipped.
Native extension for iOS target not found
Native extension for Android target not found
Native extension for OSXStandalone target not found
[Package Manager] Failed to launch server process. Reason: Unity was launched with the -noUpm command-line argument
[Package Manager] Unable to send message (not connected to server process).
[Package Manager] Cannot connect to Unity Package Manager local server
[Package Manager] Failed to launch server process. Reason: Unity was launched with the -noUpm command-line argument
[Package Manager] Unable to send message (not connected to server process).
[Package Manager] Cannot connect to Unity Package Manager local server
ScheduleIndexationOnStartup MainProcess:False IndexOnStartup:True
Mono: successfully reloaded assembly
[Package Manager] Failed to launch server process. Reason: Unity was launched with the -noUpm command-line argument
[Package Manager] Unable to send message (not connected to server process).
[Package Manager] Cannot connect to Unity Package Manager local server
- Finished resetting the current domain, in  0.596 seconds
Domain Reload Profiling: 1177ms
	BeginReloadAssembly (154ms)
		DisableScriptedObjects (5ms)
		CreateAndSetChildDomain (47ms)
	RebuildCommonClasses (31ms)
	RebuildNativeTypeToScriptingClass (12ms)
	initialDomainReloadingComplete (37ms)
	LoadAllAssembliesAndSetupDomain (346ms)
		LoadAssemblies (256ms)
		AnalyzeDomain (137ms)
			TypeCache.Refresh (14ms)
			BuildScriptInfoCaches (115ms)
			ResolveRequiredComponents (5ms)
	FinalizeReload (597ms)
		SetupLoadedEditorAssemblies (0ms)
			InitializePlatformSupportModulesInManaged (15ms)
			BeforeProcessingInitializeOnLoad (128ms)
			ProcessInitializeOnLoadAttributes (262ms)
			ProcessInitializeOnLoadMethodAttributes (55ms)
		AwakeInstancesAfterBackupRestoration (8ms)
WARNING: Shader Unsupported: 'Hidden/Simulation/URP/Synthetic' - All subshaders removed
WARNING: Shader Did you use #pragma only_renderers and omit this platform?
WARNING: Shader If subshaders removal was intentional, you may have forgotten turning Fallback off?
WARNING: Shader Unsupported: 'Hidden/Simulation/Synthetic Lit' - All subshaders removed
WARNING: Shader Did you use #pragma only_renderers and omit this platform?
WARNING: Shader If subshaders removal was intentional, you may have forgotten turning Fallback off?
WARNING: Shader Unsupported: 'Simulation/URP/Room X-Ray' - All subshaders removed
WARNING: Shader Did you use #pragma only_renderers and omit this platform?
WARNING: Shader If subshaders removal was intentional, you may have forgotten turning Fallback off?
WARNING: Shader Unsupported: 'Simulation/URP/Lit' - All subshaders removed
WARNING: Shader Did you use #pragma only_renderers and omit this platform?
WARNING: Shader If subshaders removal was intentional, you may have forgotten turning Fallback off?
WARNING: Shader Unsupported: 'Simulation/Standard Lit' - All subshaders removed
WARNING: Shader Did you use #pragma only_renderers and omit this platform?
WARNING: Shader If subshaders removal was intentional, you may have forgotten turning Fallback off?
WARNING: Shader Unsupported: 'Simulation/Room X-Ray' - All subshaders removed
WARNING: Shader Did you use #pragma only_renderers and omit this platform?
WARNING: Shader If subshaders removal was intentional, you may have forgotten turning Fallback off?
Unloading 8 Unused Serialized files (Serialized files now loaded: 0)
Unloading 4947 unused Assets / (2.5 MB). Loaded Objects now: 5563.
Memory consumption went from 106.8 MB to 104.3 MB.
Total: 8.986750 ms (FindLiveObjects: 0.334042 ms CreateObjectMapping: 0.148166 ms MarkObjects: 5.817959 ms  DeleteObjects: 2.685958 ms)

Prepare: number of updated asset objects reloaded= 5
EnvironmentDependencyValues requested are different than current active one (requested -> active):
  graphicsApiMask: 2099200 -> 2164736
========================================================================
Received Prepare
[Licensing::Client] Successfully resolved entitlement details
Begin MonoManager ReloadAssembly
[Licensing::Client] Successfully resolved entitlement details
Thread 0x16b9f3000 may have been prematurely finalized
Assembly Assembly-CSharp-Editor-firstpass.dll at Library/ScriptAssemblies/Assembly-CSharp-Editor-firstpass.dll not valid. Loading of assembly skipped.
Assembly Assembly-CSharp-Editor.dll at Library/ScriptAssemblies/Assembly-CSharp-Editor.dll not valid. Loading of assembly skipped.
Assembly Assembly-CSharp-firstpass.dll at Library/ScriptAssemblies/Assembly-CSharp-firstpass.dll not valid. Loading of assembly skipped.
Assembly DocCodeExamples.dll at Library/ScriptAssemblies/DocCodeExamples.dll not valid. Loading of assembly skipped.
Assembly TestNewCustomAssembly.dll at Library/ScriptAssemblies/TestNewCustomAssembly.dll not valid. Loading of assembly skipped.
Assembly Unity.InputSystem.IntegrationTests.dll at Library/ScriptAssemblies/Unity.InputSystem.IntegrationTests.dll not valid. Loading of assembly skipped.
Assembly Unity.Mathematics.Tests.dll at Library/ScriptAssemblies/Unity.Mathematics.Tests.dll not valid. Loading of assembly skipped.
Assembly Unity.Multiplayer.Center.Editor.Tests.dll at Library/ScriptAssemblies/Unity.Multiplayer.Center.Editor.Tests.dll not valid. Loading of assembly skipped.
Assembly Unity.Multiplayer.Center.Tests.dll at Library/ScriptAssemblies/Unity.Multiplayer.Center.Tests.dll not valid. Loading of assembly skipped.
Assembly Unity.TextMeshPro.Editor.Tests.dll at Library/ScriptAssemblies/Unity.TextMeshPro.Editor.Tests.dll not valid. Loading of assembly skipped.
Assembly Unity.TextMeshPro.Tests.dll at Library/ScriptAssemblies/Unity.TextMeshPro.Tests.dll not valid. Loading of assembly skipped.
Assembly Unity.VSCode.Editor.dll at Library/ScriptAssemblies/Unity.VSCode.Editor.dll not valid. Loading of assembly skipped.
Assembly Unity.XR.ARCore.CodeSamples.Tests.dll at Library/ScriptAssemblies/Unity.XR.ARCore.CodeSamples.Tests.dll not valid. Loading of assembly skipped.
Assembly Unity.XR.ARCore.Editor.Tests.dll at Library/ScriptAssemblies/Unity.XR.ARCore.Editor.Tests.dll not valid. Loading of assembly skipped.
Assembly Unity.XR.ARCore.Runtime.Tests.dll at Library/ScriptAssemblies/Unity.XR.ARCore.Runtime.Tests.dll not valid. Loading of assembly skipped.
Assembly Unity.XR.ARFoundation.CodeSamples.Editor.Tests.dll at Library/ScriptAssemblies/Unity.XR.ARFoundation.CodeSamples.Editor.Tests.dll not valid. Loading of assembly skipped.
Assembly Unity.XR.ARFoundation.CodeSamples.Tests.dll at Library/ScriptAssemblies/Unity.XR.ARFoundation.CodeSamples.Tests.dll not valid. Loading of assembly skipped.
Assembly Unity.XR.ARFoundation.Editor.Tests.dll at Library/ScriptAssemblies/Unity.XR.ARFoundation.Editor.Tests.dll not valid. Loading of assembly skipped.
Assembly Unity.XR.ARFoundation.InternalUtils.Editor.Tests.dll at Library/ScriptAssemblies/Unity.XR.ARFoundation.InternalUtils.Editor.Tests.dll not valid. Loading of assembly skipped.
Assembly Unity.XR.ARFoundation.Runtime.Tests.dll at Library/ScriptAssemblies/Unity.XR.ARFoundation.Runtime.Tests.dll not valid. Loading of assembly skipped.
Assembly Unity.XR.ARKit.CodeSamples.Tests.dll at Library/ScriptAssemblies/Unity.XR.ARKit.CodeSamples.Tests.dll not valid. Loading of assembly skipped.
Assembly Unity.XR.ARKit.Editor.Tests.dll at Library/ScriptAssemblies/Unity.XR.ARKit.Editor.Tests.dll not valid. Loading of assembly skipped.
Assembly Unity.XR.ARKit.Runtime.Tests.dll at Library/ScriptAssemblies/Unity.XR.ARKit.Runtime.Tests.dll not valid. Loading of assembly skipped.
Assembly Unity.XR.ARSubsystems.Editor.Tests.dll at Library/ScriptAssemblies/Unity.XR.ARSubsystems.Editor.Tests.dll not valid. Loading of assembly skipped.
Assembly Unity.XR.CoreUtils.CodeSamples.Tests.dll at Library/ScriptAssemblies/Unity.XR.CoreUtils.CodeSamples.Tests.dll not valid. Loading of assembly skipped.
Assembly Unity.XR.CoreUtils.Editor.Tests.dll at Library/ScriptAssemblies/Unity.XR.CoreUtils.Editor.Tests.dll not valid. Loading of assembly skipped.
Assembly Unity.XR.CoreUtils.Tests.dll at Library/ScriptAssemblies/Unity.XR.CoreUtils.Tests.dll not valid. Loading of assembly skipped.
Assembly Unity.XR.Management.EditorTests.dll at Library/ScriptAssemblies/Unity.XR.Management.EditorTests.dll not valid. Loading of assembly skipped.
Assembly Unity.XR.Management.TestPackage.dll at Library/ScriptAssemblies/Unity.XR.Management.TestPackage.dll not valid. Loading of assembly skipped.
Assembly Unity.XR.Management.TestPackage.Editor.dll at Library/ScriptAssemblies/Unity.XR.Management.TestPackage.Editor.dll not valid. Loading of assembly skipped.
Assembly Unity.XR.Management.Tests.dll at Library/ScriptAssemblies/Unity.XR.Management.Tests.dll not valid. Loading of assembly skipped.
Assembly Unity.XR.Management.Tests.Standalone.dll at Library/ScriptAssemblies/Unity.XR.Management.Tests.Standalone.dll not valid. Loading of assembly skipped.
Assembly Unity.XR.Simulation.Editor.Tests.dll at Library/ScriptAssemblies/Unity.XR.Simulation.Editor.Tests.dll not valid. Loading of assembly skipped.
Assembly Unity.XR.Simulation.Runtime.Tests.dll at Library/ScriptAssemblies/Unity.XR.Simulation.Runtime.Tests.dll not valid. Loading of assembly skipped.
Assembly Unity.XR.TestSupport.dll at Library/ScriptAssemblies/Unity.XR.TestSupport.dll not valid. Loading of assembly skipped.
Assembly Unity.XR.TestTooling.Editor.Tests.dll at Library/ScriptAssemblies/Unity.XR.TestTooling.Editor.Tests.dll not valid. Loading of assembly skipped.
Assembly UnityEditor.UI.Common.Tests.dll at Library/ScriptAssemblies/UnityEditor.UI.Common.Tests.dll not valid. Loading of assembly skipped.
Assembly UnityEditor.UI.EditorTests.dll at Library/ScriptAssemblies/UnityEditor.UI.EditorTests.dll not valid. Loading of assembly skipped.
Assembly UnityEditor.XR.LegacyInputHelpers.Tests.dll at Library/ScriptAssemblies/UnityEditor.XR.LegacyInputHelpers.Tests.dll not valid. Loading of assembly skipped.
Assembly UnityEngine.SpatialTracking.Tests.dll at Library/ScriptAssemblies/UnityEngine.SpatialTracking.Tests.dll not valid. Loading of assembly skipped.
Assembly UnityEngine.UI.Tests.dll at Library/ScriptAssemblies/UnityEngine.UI.Tests.dll not valid. Loading of assembly skipped.
Native extension for iOS target not found
Native extension for Android target not found
Native extension for OSXStandalone target not found
[Package Manager] Failed to launch server process. Reason: Unity was launched with the -noUpm command-line argument
[Package Manager] Unable to send message (not connected to server process).
[Package Manager] Cannot connect to Unity Package Manager local server
[Package Manager] Failed to launch server process. Reason: Unity was launched with the -noUpm command-line argument
[Package Manager] Unable to send message (not connected to server process).
[Package Manager] Cannot connect to Unity Package Manager local server
ScheduleIndexationOnStartup MainProcess:False IndexOnStartup:True
Mono: successfully reloaded assembly
[Package Manager] Failed to launch server process. Reason: Unity was launched with the -noUpm command-line argument
[Package Manager] Unable to send message (not connected to server process).
[Package Manager] Cannot connect to Unity Package Manager local server
- Finished resetting the current domain, in  0.439 seconds
Domain Reload Profiling: 918ms
	BeginReloadAssembly (164ms)
		DisableScriptedObjects (11ms)
		CreateAndSetChildDomain (44ms)
	RebuildCommonClasses (26ms)
	RebuildNativeTypeToScriptingClass (12ms)
	initialDomainReloadingComplete (31ms)
	LoadAllAssembliesAndSetupDomain (246ms)
		LoadAssemblies (194ms)
		AnalyzeDomain (100ms)
			TypeCache.Refresh (6ms)
			BuildScriptInfoCaches (86ms)
			ResolveRequiredComponents (6ms)
	FinalizeReload (440ms)
		SetupLoadedEditorAssemblies (0ms)
			InitializePlatformSupportModulesInManaged (14ms)
			BeforeProcessingInitializeOnLoad (90ms)
			ProcessInitializeOnLoadAttributes (184ms)
			ProcessInitializeOnLoadMethodAttributes (35ms)
		AwakeInstancesAfterBackupRestoration (3ms)
WARNING: Shader Unsupported: 'Hidden/Simulation/URP/Synthetic' - All subshaders removed
WARNING: Shader Did you use #pragma only_renderers and omit this platform?
WARNING: Shader If subshaders removal was intentional, you may have forgotten turning Fallback off?
WARNING: Shader Unsupported: 'Hidden/Simulation/Synthetic Lit' - All subshaders removed
WARNING: Shader Did you use #pragma only_renderers and omit this platform?
WARNING: Shader If subshaders removal was intentional, you may have forgotten turning Fallback off?
WARNING: Shader Unsupported: 'Simulation/URP/Room X-Ray' - All subshaders removed
WARNING: Shader Did you use #pragma only_renderers and omit this platform?
WARNING: Shader If subshaders removal was intentional, you may have forgotten turning Fallback off?
WARNING: Shader Unsupported: 'Simulation/URP/Lit' - All subshaders removed
WARNING: Shader Did you use #pragma only_renderers and omit this platform?
WARNING: Shader If subshaders removal was intentional, you may have forgotten turning Fallback off?
WARNING: Shader Unsupported: 'Simulation/Standard Lit' - All subshaders removed
WARNING: Shader Did you use #pragma only_renderers and omit this platform?
WARNING: Shader If subshaders removal was intentional, you may have forgotten turning Fallback off?
WARNING: Shader Unsupported: 'Simulation/Room X-Ray' - All subshaders removed
WARNING: Shader Did you use #pragma only_renderers and omit this platform?
WARNING: Shader If subshaders removal was intentional, you may have forgotten turning Fallback off?
Unloading 8 Unused Serialized files (Serialized files now loaded: 0)
Unloading 4947 unused Assets / (4.2 MB). Loaded Objects now: 5567.
Memory consumption went from 106.9 MB to 102.7 MB.
Total: 6.897750 ms (FindLiveObjects: 0.238084 ms CreateObjectMapping: 0.144542 ms MarkObjects: 4.362792 ms  DeleteObjects: 2.151666 ms)

Prepare: number of updated asset objects reloaded= 7
EnvironmentDependencyValues requested are different than current active one (requested -> active):
  graphicsApiMask: 2099200 -> 2164736
========================================================================
Received Import Request.
  Time since last request: 2285.162889 seconds.
  path: Assets/Mixamo
  importAddress: Guid(10ce38a632256468199e720b4514574c) Importer(815301076,1909f56bfc062723c751e8b465ee728b)
Start importing Assets/Mixamo using Guid(10ce38a632256468199e720b4514574c) Importer(815301076,1909f56bfc062723c751e8b465ee728b) (PreviewImporter) -> (Import Result ID: '1198ed71b9ead4404499a144ba350333') in 0.001766875 seconds [static and dynamic dependencies]. Details - ImportResultOutputID=ea64d08e5aff4282d5110f1b38278606 DependenciesID=76d2e8cf85077ca99639f680c88bb81a StaticDependenciesID=8567e91ded766244422dbb18dbd11ad9 
Number of updated asset objects reloaded before import = 0Number of asset objects unloaded after import = 0

========================================================================
Received Import Request.
  Time since last request: 2.122018 seconds.
  path: Assets/Mixamo/Amy
  importAddress: Guid(a9da17070b60543f4a05022306fbf12f) Importer(815301076,1909f56bfc062723c751e8b465ee728b)
Start importing Assets/Mixamo/Amy using Guid(a9da17070b60543f4a05022306fbf12f) Importer(815301076,1909f56bfc062723c751e8b465ee728b) (PreviewImporter) -> (Import Result ID: 'd0be59f376b4ec3d7afba2a62f33b2c2') in 0.001574584 seconds [static and dynamic dependencies]. Details - ImportResultOutputID=5ebd38e0b45b97a776f9c48440006eb6 DependenciesID=16c2728cfdc02f5a2ea7362eba9b4200 StaticDependenciesID=d31b1d0cb0fd733916fcc326974c0571 
Number of updated asset objects reloaded before import = 0Number of asset objects unloaded after import = 0

========================================================================
Received Import Request.
  Time since last request: 0.090462 seconds.
  path: Assets/Mixamo/Amy/Ch46_1001_Diffuse.png
  importAddress: Guid(468c49fd122264d6cbc531924097f5fc) Importer(815301076,1909f56bfc062723c751e8b465ee728b)
Start importing Assets/Mixamo/Amy/Ch46_1001_Diffuse.png using Guid(468c49fd122264d6cbc531924097f5fc) Importer(815301076,1909f56bfc062723c751e8b465ee728b) (PreviewImporter) -> (Import Result ID: '20ada656ce4f01d64be8e4fe6e9b31d6') in 0.058705208 seconds [static and dynamic dependencies]. Details - ImportResultOutputID=c5fc79cf6345774661167835ed43be19 DependenciesID=524438dc48138567b5edbdf0fb7e7ede StaticDependenciesID=3d430d479c691050ea6f6737a4054239 
Number of updated asset objects reloaded before import = 0Number of asset objects unloaded after import = 2

========================================================================
Received Import Request.
  Time since last request: 0.000032 seconds.
  path: Assets/Mixamo/Amy/Ch46_body.mat
  importAddress: Guid(31b69b007573b4451b84ec03d10ab619) Importer(815301076,1909f56bfc062723c751e8b465ee728b)
Start importing Assets/Mixamo/Amy/Ch46_body.mat using Guid(31b69b007573b4451b84ec03d10ab619) Importer(815301076,1909f56bfc062723c751e8b465ee728b) (PreviewImporter)error: error: cannot execute tool 'metal' due to missing Metal Toolchain; use: xcodebuild -downloadComponent MetalToolchain
error: error: cannot execute tool 'metal' due to missing Metal Toolchain; use: xcodebuild -downloadComponent MetalToolchain
error: error: cannot execute tool 'metal' due to missing Metal Toolchain; use: xcodebuild -downloadComponent MetalToolchain
error: error: cannot execute tool 'metal' due to missing Metal Toolchain; use: xcodebuild -downloadComponent MetalToolchain
error: error: cannot execute tool 'metal' due to missing Metal Toolchain; use: xcodebuild -downloadComponent MetalToolchain
error: error: cannot execute tool 'metal' due to missing Metal Toolchain; use: xcodebuild -downloadComponent MetalToolchain
 -> (Import Result ID: 'c268163742bed1c69cc83b59c54a7578') in 0.437234042 seconds [static and dynamic dependencies]. Details - ImportResultOutputID=a829f064269e6c8aec54f396e34004b4 DependenciesID=128a5211fb08576afc137ea0bc025e19 StaticDependenciesID=a9aa0486d384cb0d116be15d76e89a61 
Number of updated asset objects reloaded before import = 0Number of asset objects unloaded after import = 3

========================================================================
Received Import Request.
  Time since last request: 68.362922 seconds.
  path: Assets/Material/ARShadow.mat
  importAddress: Guid(3025314b4961b40a9a13a8b1e5407a77) Importer(815301076,1909f56bfc062723c751e8b465ee728b)
Start importing Assets/Material/ARShadow.mat using Guid(3025314b4961b40a9a13a8b1e5407a77) Importer(815301076,1909f56bfc062723c751e8b465ee728b) (PreviewImporter)error: error: cannot execute tool 'metal' due to missing Metal Toolchain; use: xcodebuild -downloadComponent MetalToolchain
error: error: cannot execute tool 'metal' due to missing Metal Toolchain; use: xcodebuild -downloadComponent MetalToolchain
error: error: cannot execute tool 'metal' due to missing Metal Toolchain; use: xcodebuild -downloadComponent MetalToolchain
error: error: cannot execute tool 'metal' due to missing Metal Toolchain; use: xcodebuild -downloadComponent MetalToolchain
 -> (Import Result ID: '4ba3fd17d9fd969de1fe555210398ee5') in 0.103044 seconds [static and dynamic dependencies]. Details - ImportResultOutputID=055474aa28518fdfebef342fb113117d DependenciesID=e0ead6b24e8a03f28ed763ca7f82c183 StaticDependenciesID=c327ceda379cdfc0b08445f1c9b0f905 
Number of updated asset objects reloaded before import = 0Number of asset objects unloaded after import = 1

========================================================================
Received Import Request.
  Time since last request: 0.000042 seconds.
  path: Assets/Mixamo/Kachujin/kachujin_MAT.mat
  importAddress: Guid(356ecbb2a611843469f960cc1886e40b) Importer(815301076,1909f56bfc062723c751e8b465ee728b)
Start importing Assets/Mixamo/Kachujin/kachujin_MAT.mat using Guid(356ecbb2a611843469f960cc1886e40b) Importer(815301076,1909f56bfc062723c751e8b465ee728b) (PreviewImporter) -> (Import Result ID: 'cc42e51346cc2a529e40f9769cbcdc30') in 0.021090542 seconds [static and dynamic dependencies]. Details - ImportResultOutputID=6dfbd15d06284bfcbc2169c959e47b25 DependenciesID=66dc10145375360a94637e60134c2329 StaticDependenciesID=7a255214c37f7c8b2bf69b1975652ace 
Number of updated asset objects reloaded before import = 0Number of asset objects unloaded after import = 3

